,,,,,,,Playing Time,Playing Time,Playing Time,Playing Time,Performance,Performance,Performance,Performance,Performance,Performance,Performance,Per 90 Minutes,Per 90 Minutes,Per 90 Minutes,Per 90 Minutes,Per 90 Minutes,Expected,Expected,Expected,Expected,Per 90 Minutes,Per 90 Minutes,Per 90 Minutes,Per 90 Minutes,Per 90 Minutes,
Rk,Player,Nation,Pos,Squad,Age,Born,MP,Starts,Min,90s,Gls,Ast,G-PK,PK,PKatt,CrdY,CrdR,Gls,Ast,G+A,G-PK,G+A-PK,xG,npxG,xA,npxG+xA,xG,xA,xG+xA,npxG,npxG+xA,Matches
1,Max Aarons,eng ENG,DF,Norwich City,22-074,2000,28,27,2398,26.6,0,1,0,0,0,6,0,0.00,0.04,0.04,0.00,0.04,0.7,0.7,1.0,1.6,0.02,0.04,0.06,0.02,0.06,Matches
2,Che Adams,sct SCO,FW,Southampton,25-249,1996,23,19,1647,18.3,7,3,7,0,0,0,0,0.38,0.16,0.55,0.38,0.55,5.5,5.5,2.2,7.8,0.30,0.12,0.42,0.30,0.42,Matches
3,Rayan Aït Nouri,fr FRA,DF,Wolves,20-286,2001,17,15,1373,15.3,0,2,0,0,0,4,0,0.00,0.13,0.13,0.00,0.13,0.4,0.4,1.2,1.6,0.03,0.08,0.11,0.03,0.11,Matches
4,Kristoffer Ajer,no NOR,DF,Brentford,23-336,1998,16,15,1340,14.9,0,2,0,0,0,4,0,0.00,0.13,0.13,0.00,0.13,0.2,0.2,0.8,1.0,0.01,0.05,0.07,0.01,0.07,Matches
5,Nathan Aké,nl NED,DF,Manchester City,27-029,1995,9,7,671,7.5,1,0,1,0,0,0,0,0.13,0.00,0.13,0.13,0.13,0.7,0.7,0.5,1.2,0.10,0.07,0.16,0.10,0.16,Matches
6,Marc Albrighton,eng ENG,FWDF,Leicester City,32-121,1989,15,10,997,11.1,1,1,1,0,0,2,0,0.09,0.09,0.18,0.09,0.18,0.5,0.5,1.3,1.8,0.05,0.11,0.16,0.05,0.16,Matches
7,Thiago Alcántara,es ESP,MF,Liverpool,30-342,1991,17,11,1009,11.2,1,2,1,0,0,1,0,0.09,0.18,0.27,0.09,0.27,1.5,1.5,1.6,3.1,0.14,0.14,0.28,0.14,0.28,Matches
8,Trent Alexander-Arnold,eng ENG,DF,Liverpool,23-163,1998,26,26,2313,25.7,2,11,2,0,0,1,0,0.08,0.43,0.51,0.08,0.51,2.3,2.3,9.6,11.9,0.09,0.37,0.46,0.09,0.46,Matches
9,Alisson,br BRA,GK,Liverpool,29-168,1992,27,27,2430,27.0,0,1,0,0,0,0,0,0.00,0.04,0.04,0.00,0.04,0.0,0.0,0.4,0.4,0.00,0.02,0.02,0.00,0.02,Matches
10,Allan,br BRA,MF,Everton,31-070,1991,23,22,1934,21.5,0,2,0,0,0,6,1,0.00,0.09,0.09,0.00,0.09,0.2,0.2,0.9,1.0,0.01,0.04,0.05,0.01,0.05,Matches
11,Dele Alli,eng ENG,MF,Everton,25-342,1996,6,0,175,1.9,0,0,0,0,0,1,0,0.00,0.00,0.00,0.00,0.00,0.1,0.1,0.3,0.3,0.04,0.13,0.17,0.04,0.17,Matches
12,Dele Alli,eng ENG,MFFW,Tottenham,25-342,1996,10,8,657,7.3,1,0,0,1,1,1,0,0.14,0.00,0.14,0.00,0.00,1.5,0.7,0.8,1.5,0.20,0.11,0.31,0.10,0.21,Matches
13,Miguel Almirón,py PAR,MFFW,Newcastle Utd,28-037,1994,22,13,1137,12.6,0,0,0,0,0,1,0,0.00,0.00,0.00,0.00,0.00,1.0,1.0,0.5,1.5,0.08,0.04,0.12,0.08,0.12,Matches
14,Marcos Alonso,es ESP,DF,Chelsea,31-081,1990,19,16,1448,16.1,1,3,1,0,0,6,0,0.06,0.19,0.25,0.06,0.25,1.8,1.8,2.8,4.6,0.11,0.18,0.29,0.11,0.29,Matches
15,Steven Alzate,co COL,MF,Brighton,23-192,1998,9,5,404,4.5,0,0,0,0,0,0,0,0.00,0.00,0.00,0.00,0.00,0.1,0.1,0.2,0.3,0.02,0.04,0.06,0.02,0.06,Matches
16,Daniel Amartey,gh GHA,DF,Leicester City,27-088,1994,17,16,1416,15.7,0,0,0,0,0,1,0,0.00,0.00,0.00,0.00,0.00,0.0,0.0,0.1,0.2,0.00,0.01,0.01,0.00,0.01,Matches
17,Joachim Andersen,dk DEN,DF,Crystal Palace,25-292,1996,25,23,2106,23.4,0,1,0,0,0,3,0,0.00,0.04,0.04,0.00,0.04,0.4,0.4,1.1,1.5,0.02,0.04,0.06,0.02,0.06,Matches
18,Michail Antonio,jm JAM,FW,West Ham,31-356,1990,28,27,2427,27.0,8,7,8,0,1,7,1,0.30,0.26,0.56,0.30,0.56,8.4,8.1,6.1,14.3,0.31,0.23,0.54,0.30,0.53,Matches
19,Cameron Archer,eng ENG,MFFW,Aston Villa,20-241,2001,3,0,27,0.3,0,0,0,0,0,0,0,0.00,0.00,0.00,0.00,0.00,0.0,0.0,0.0,0.0,0.07,0.00,0.07,0.07,0.07,Matches
20,Alphonse Areola,fr FRA,GK,West Ham,29-020,1993,1,1,90,1.0,0,0,0,0,0,0,0,0.00,0.00,0.00,0.00,0.00,0.0,0.0,0.0,0.0,0.00,0.00,0.00,0.00,0.00,Matches
21,Adam Armstrong,eng ENG,FWMF,Southampton,25-037,1997,20,14,1216,13.5,2,2,2,0,0,1,0,0.15,0.15,0.30,0.15,0.30,4.1,4.1,1.7,5.8,0.30,0.13,0.43,0.30,0.43,Matches
22,Stuart Armstrong,sct SCO,MF,Southampton,29-354,1992,16,10,967,10.7,2,0,2,0,0,1,0,0.19,0.00,0.19,0.19,0.19,2.4,2.4,1.0,3.4,0.23,0.09,0.32,0.23,0.32,Matches
23,Kepa Arrizabalaga,es ESP,GK,Chelsea,27-167,1994,4,4,360,4.0,0,0,0,0,0,0,0,0.00,0.00,0.00,0.00,0.00,0.0,0.0,0.0,0.0,0.00,0.00,0.00,0.00,0.00,Matches
24,Harrison Ashby,sct SCO,DF,West Ham,20-125,2001,1,0,7,0.1,0,0,0,0,0,0,0,0.00,0.00,0.00,0.00,0.00,0.0,0.0,0.0,0.0,0.00,0.00,0.00,0.00,0.00,Matches
25,Pierre-Emerick Aubameyang,ga GAB,FW,Arsenal,32-274,1989,14,12,1037,11.5,4,1,4,0,2,3,0,0.35,0.09,0.43,0.35,0.43,5.8,4.1,0.8,5.0,0.50,0.07,0.57,0.36,0.43,Matches
26,Jordan Ayew,gh GHA,FW,Crystal Palace,30-189,1991,25,18,1557,17.3,1,3,1,0,0,1,0,0.06,0.17,0.23,0.06,0.23,2.5,2.5,2.2,4.8,0.15,0.13,0.28,0.15,0.28,Matches
27,Luke Ayling,eng ENG,DF,Leeds United,30-206,1991,21,21,1888,21.0,2,2,2,0,0,3,0,0.10,0.10,0.19,0.10,0.19,1.4,1.4,0.6,2.0,0.07,0.03,0.09,0.07,0.09,Matches
28,César Azpilicueta,es ESP,DF,Chelsea,32-203,1989,18,17,1435,15.9,0,2,0,0,0,0,0,0.00,0.13,0.13,0.00,0.13,0.7,0.7,1.9,2.6,0.04,0.12,0.16,0.04,0.16,Matches
29,Daniel Bachmann,at AUT,GK,Watford,27-253,1994,11,11,990,11.0,0,0,0,0,0,0,0,0.00,0.00,0.00,0.00,0.00,0.0,0.0,0.0,0.0,0.00,0.00,0.00,0.00,0.00,Matches
30,Leon Bailey,jm JAM,FWMF,Aston Villa,24-222,1997,13,4,499,5.5,1,2,1,0,0,2,0,0.18,0.36,0.54,0.18,0.54,1.2,1.2,0.6,1.8,0.22,0.11,0.33,0.22,0.33,Matches
31,Eric Bailly,ci CIV,DF,Manchester Utd,27-341,1994,4,3,217,2.4,0,0,0,0,0,1,0,0.00,0.00,0.00,0.00,0.00,0.0,0.0,0.0,0.0,0.00,0.00,0.00,0.00,0.00,Matches
32,Folarin Balogun,eng ENG,FW,Arsenal,20-259,2001,2,1,70,0.8,0,0,0,0,0,0,0,0.00,0.00,0.00,0.00,0.00,0.3,0.3,0.0,0.3,0.35,0.00,0.35,0.35,0.35,Matches
33,Patrick Bamford,eng ENG,FW,Leeds United,28-195,1993,9,7,559,6.2,2,2,2,0,0,2,0,0.32,0.32,0.64,0.32,0.64,4.0,4.0,1.0,5.0,0.64,0.16,0.80,0.64,0.80,Matches
34,Shandon Baptiste,gd GRN,MF,Brentford,23-345,1998,19,9,845,9.4,1,1,1,0,0,2,1,0.11,0.11,0.21,0.11,0.21,0.5,0.5,0.4,0.9,0.05,0.04,0.10,0.05,0.10,Matches
35,Ross Barkley,eng ENG,MF,Chelsea,28-104,1993,5,1,154,1.7,0,0,0,0,0,0,0,0.00,0.00,0.00,0.00,0.00,0.8,0.8,0.5,1.4,0.48,0.32,0.80,0.48,0.80,Matches
36,Ashley Barnes,eng ENG,FW,Burnley,32-140,1989,15,4,425,4.7,0,0,0,0,0,3,0,0.00,0.00,0.00,0.00,0.00,0.7,0.7,0.8,1.4,0.14,0.17,0.31,0.14,0.31,Matches
37,Harvey Barnes,eng ENG,FWMF,Leicester City,24-100,1997,21,18,1476,16.4,3,5,3,0,0,2,0,0.18,0.30,0.49,0.18,0.49,4.5,4.5,2.5,7.0,0.27,0.16,0.43,0.27,0.43,Matches
38,Lewis Bate,eng ENG,MF,Leeds United,19-141,2002,1,0,43,0.5,0,0,0,0,0,0,0,0.00,0.00,0.00,0.00,0.00,0.0,0.0,0.0,0.0,0.00,0.00,0.00,0.00,0.00,Matches
39,Mads Bech Sørensen,dk DEN,DF,Brentford,23-071,1999,5,4,380,4.2,0,0,0,0,0,1,0,0.00,0.00,0.00,0.00,0.00,0.0,0.0,0.1,0.2,0.01,0.03,0.04,0.01,0.04,Matches
40,Jan Bednarek,pl POL,DF,Southampton,25-341,1996,24,23,1999,22.2,3,0,3,0,0,7,0,0.14,0.00,0.14,0.14,0.14,2.2,2.2,0.6,2.7,0.10,0.03,0.12,0.10,0.12,Matches
41,Donny van de Beek,nl NED,MF,Manchester Utd,24-335,1997,8,0,75,0.8,1,0,1,0,0,0,0,1.20,0.00,1.20,1.20,1.20,0.7,0.7,0.5,1.2,0.88,0.58,1.46,0.88,1.46,Matches
42,Donny van de Beek,nl NED,MF,Everton,24-335,1997,6,5,429,4.8,0,0,0,0,0,1,0,0.00,0.00,0.00,0.00,0.00,0.1,0.1,0.1,0.2,0.03,0.01,0.04,0.03,0.04,Matches
43,Asmir Begović,ba BIH,GK,Everton,34-272,1987,2,2,180,2.0,0,0,0,0,0,0,0,0.00,0.00,0.00,0.00,0.00,0.0,0.0,0.0,0.0,0.00,0.00,0.00,0.00,0.00,Matches
44,Saïd Benrahma,dz ALG,FWMF,West Ham,26-221,1995,25,21,1705,18.9,5,6,5,0,0,0,0,0.26,0.32,0.58,0.26,0.58,3.9,3.9,2.7,6.6,0.21,0.14,0.35,0.21,0.35,Matches
45,Rodrigo Bentancur,uy URU,MF,Tottenham,24-287,1997,7,6,523,5.8,0,1,0,0,0,1,0,0.00,0.17,0.17,0.00,0.17,0.2,0.2,0.8,0.9,0.03,0.13,0.16,0.03,0.16,Matches
46,Christian Benteke,be BEL,FW,Crystal Palace,31-106,1990,22,11,1115,12.4,4,1,4,0,0,3,0,0.32,0.08,0.40,0.32,0.40,5.4,5.4,1.1,6.4,0.43,0.09,0.52,0.43,0.52,Matches
47,Jóhann Berg Guðmundsson,is ISL,MF,Burnley,31-143,1990,18,13,1102,12.2,0,1,0,0,0,2,0,0.00,0.08,0.08,0.00,0.08,1.7,1.7,0.3,2.0,0.14,0.03,0.16,0.14,0.16,Matches
48,Steven Bergwijn,nl NED,FWMF,Tottenham,24-162,1997,17,4,496,5.5,2,1,2,0,0,1,0,0.36,0.18,0.54,0.36,0.54,2.3,2.3,0.5,2.8,0.41,0.09,0.51,0.41,0.51,Matches
49,Ryan Bertrand,eng ENG,DF,Leicester City,32-226,1989,4,4,337,3.7,0,0,0,0,0,1,0,0.00,0.00,0.00,0.00,0.00,0.0,0.0,0.3,0.3,0.00,0.08,0.08,0.00,0.08,Matches
50,Mads Bidstrup,dk DEN,MF,Brentford,21-022,2001,4,0,41,0.5,0,0,0,0,0,0,0,0.00,0.00,0.00,0.00,0.00,0.0,0.0,0.0,0.0,0.00,0.00,0.00,0.00,0.00,Matches
51,Yves Bissouma,ml MLI,MF,Brighton,25-201,1996,20,19,1633,18.1,0,1,0,0,0,8,0,0.00,0.06,0.06,0.00,0.06,0.8,0.8,0.6,1.4,0.04,0.03,0.08,0.04,0.08,Matches
52,Willy Boly,ci CIV,DF,Wolves,31-044,1991,2,2,180,2.0,0,0,0,0,0,1,0,0.00,0.00,0.00,0.00,0.00,0.0,0.0,0.0,0.0,0.00,0.00,0.00,0.00,0.00,Matches
53,Jarrod Bowen,eng ENG,FW,West Ham,25-089,1996,28,27,2356,26.2,8,8,8,0,0,3,0,0.31,0.31,0.61,0.31,0.61,8.9,8.9,5.1,14.0,0.34,0.19,0.53,0.34,0.53,Matches
54,Jarrad Branthwaite,eng ENG,DF,Everton,19-265,2002,3,1,191,2.1,1,0,1,0,0,0,0,0.47,0.00,0.47,0.47,0.47,0.4,0.4,0.0,0.4,0.20,0.00,0.20,0.20,0.20,Matches
55,Armando Broja,al ALB,FW,Southampton,20-190,2001,25,16,1514,16.8,6,0,6,0,0,1,0,0.36,0.00,0.36,0.36,0.36,6.3,6.3,1.0,7.3,0.37,0.06,0.43,0.37,0.43,Matches
56,Josh Brownhill,eng ENG,MF,Burnley,26-090,1995,24,22,2013,22.4,1,1,1,0,0,8,0,0.04,0.04,0.09,0.04,0.09,1.0,1.0,1.5,2.5,0.04,0.07,0.11,0.04,0.11,Matches
57,Bryan,es ESP,FWMF,Tottenham,21-036,2001,9,0,94,1.0,0,0,0,0,0,0,0,0.00,0.00,0.00,0.00,0.00,0.0,0.0,0.1,0.1,0.03,0.07,0.10,0.03,0.10,Matches
58,Emi Buendía,ar ARG,FWMF,Aston Villa,25-084,1996,25,18,1469,16.3,2,4,2,0,0,1,0,0.12,0.25,0.37,0.12,0.37,2.2,2.2,3.4,5.5,0.13,0.21,0.34,0.13,0.34,Matches
59,Dan Burn,eng ENG,DF,Brighton,29-314,1992,13,12,1022,11.4,1,0,1,0,0,4,0,0.09,0.00,0.09,0.09,0.09,1.3,1.3,0.0,1.3,0.11,0.00,0.12,0.11,0.12,Matches
60,Dan Burn,eng ENG,DF,Newcastle Utd,29-314,1992,7,7,630,7.0,0,1,0,0,0,2,0,0.00,0.14,0.14,0.00,0.14,0.3,0.3,0.2,0.5,0.04,0.03,0.07,0.04,0.07,Matches
61,Jack Butland,eng ENG,GK,Crystal Palace,29-009,1993,6,5,495,5.5,0,0,0,0,0,0,0,0.00,0.00,0.00,0.00,0.00,0.0,0.0,0.0,0.0,0.00,0.00,0.00,0.00,0.00,Matches
62,Sam Byram,eng ENG,DFMF,Norwich City,28-184,1993,6,2,272,3.0,0,0,0,0,0,2,0,0.00,0.00,0.00,0.00,0.00,0.5,0.5,0.1,0.6,0.17,0.03,0.20,0.17,0.20,Matches
63,Willy Caballero,ar ARG,GK,Southampton,40-172,1981,2,2,180,2.0,0,0,0,0,0,1,0,0.00,0.00,0.00,0.00,0.00,0.0,0.0,0.0,0.0,0.00,0.00,0.00,0.00,0.00,Matches
64,Dominic Calvert-Lewin,eng ENG,FW,Everton,25-003,1997,10,9,762,8.5,3,1,1,2,3,2,0,0.35,0.12,0.47,0.12,0.24,5.7,3.5,0.7,4.2,0.68,0.09,0.76,0.41,0.49,Matches
65,João Cancelo,pt POR,DF,Manchester City,27-296,1994,27,27,2417,26.9,1,5,1,0,0,5,0,0.04,0.19,0.22,0.04,0.22,2.9,2.9,3.3,6.2,0.11,0.12,0.23,0.11,0.23,Matches
66,Sergi Canós,es ESP,DF,Brentford,25-045,1997,28,25,2050,22.8,2,2,2,0,0,6,0,0.09,0.09,0.18,0.09,0.18,2.9,2.9,1.9,4.9,0.13,0.09,0.21,0.13,0.21,Matches
67,Todd Cantwell,eng ENG,FWMF,Norwich City,24-020,1998,8,5,441,4.9,0,0,0,0,0,2,0,0.00,0.00,0.00,0.00,0.00,0.2,0.2,0.2,0.4,0.03,0.04,0.07,0.03,0.07,Matches
68,Matty Cash,pl POL,DF,Aston Villa,24-224,1997,28,28,2477,27.5,3,3,3,0,0,8,0,0.11,0.11,0.22,0.11,0.22,1.7,1.7,1.8,3.6,0.06,0.07,0.13,0.06,0.13,Matches
69,Timothy Castagne,be BEL,DF,Leicester City,26-104,1995,16,12,1273,14.1,0,0,0,0,0,1,0,0.00,0.00,0.00,0.00,0.00,0.1,0.1,0.4,0.5,0.00,0.03,0.03,0.00,0.03,Matches
70,Jonny Castro,es ESP,DF,Wolves,28-016,1994,5,3,356,4.0,1,0,1,0,0,0,0,0.25,0.00,0.25,0.25,0.25,0.5,0.5,0.3,0.7,0.12,0.07,0.19,0.12,0.19,Matches
71,Craig Cathcart,nir NIR,DF,Watford,33-041,1989,26,25,2184,24.3,0,1,0,0,0,3,0,0.00,0.04,0.04,0.00,0.04,0.1,0.1,0.3,0.4,0.00,0.01,0.02,0.00,0.02,Matches
72,Edinson Cavani,uy URU,FW,Manchester Utd,35-033,1987,12,6,615,6.8,2,1,2,0,0,0,0,0.29,0.15,0.44,0.29,0.44,3.1,3.1,1.1,4.2,0.45,0.17,0.62,0.45,0.62,Matches
73,Kayky Chagas,br BRA,FW,Manchester City,18-281,2003,1,0,7,0.1,0,0,0,0,0,0,0,0.00,0.00,0.00,0.00,0.00,0.0,0.0,0.0,0.0,0.00,0.00,0.00,0.00,0.00,Matches
74,Trevoh Chalobah,eng ENG,DF,Chelsea,22-257,1999,17,14,1179,13.1,3,1,3,0,0,2,0,0.23,0.08,0.31,0.23,0.31,0.8,0.8,0.1,0.9,0.06,0.01,0.07,0.06,0.07,Matches
75,Calum Chambers,eng ENG,DF,Arsenal,27-058,1995,2,2,170,1.9,0,0,0,0,0,0,0,0.00,0.00,0.00,0.00,0.00,0.1,0.1,0.1,0.1,0.05,0.03,0.07,0.05,0.07,Matches
76,Calum Chambers,eng ENG,DF,Aston Villa,27-058,1995,6,5,452,5.0,1,0,1,0,0,0,0,0.20,0.00,0.20,0.20,0.20,0.1,0.1,0.0,0.1,0.02,0.00,0.02,0.02,0.02,Matches
77,Daniel Chesters,eng ENG,MF,West Ham,19-349,2002,1,0,1,0.0,0,0,0,0,0,0,0,0.00,0.00,0.00,0.00,0.00,0.0,0.0,0.0,0.0,0.00,0.00,0.00,0.00,0.00,Matches
78,Ben Chilwell,eng ENG,DF,Chelsea,25-088,1996,6,6,540,6.0,3,1,3,0,0,0,0,0.50,0.17,0.67,0.50,0.67,1.2,1.2,0.9,2.1,0.19,0.15,0.35,0.19,0.35,Matches
79,Chiquinho,pt POR,MFDF,Wolves,22-042,2000,4,0,51,0.6,0,1,0,0,0,0,0,0.00,1.76,1.76,0.00,1.76,0.3,0.3,0.1,0.3,0.45,0.13,0.59,0.45,0.59,Matches
80,Hamza Choudhury,eng ENG,DFMF,Leicester City,24-169,1997,5,4,284,3.2,0,0,0,0,0,1,0,0.00,0.00,0.00,0.00,0.00,0.0,0.0,0.0,0.0,0.01,0.00,0.01,0.01,0.01,Matches
81,Andreas Christensen,dk DEN,DF,Chelsea,25-343,1996,16,14,1271,14.1,0,0,0,0,0,2,0,0.00,0.00,0.00,0.00,0.00,0.4,0.4,0.3,0.7,0.03,0.02,0.05,0.03,0.05,Matches
82,Carney Chukwuemeka,eng ENG,MFFW,Aston Villa,18-071,2004,9,1,194,2.2,0,1,0,0,0,0,0,0.00,0.46,0.46,0.00,0.46,0.5,0.5,1.0,1.5,0.22,0.46,0.67,0.22,0.67,Matches
83,Ciaran Clark,ie IRL,DF,Newcastle Utd,32-174,1989,13,12,1014,11.3,0,1,0,0,0,2,1,0.00,0.09,0.09,0.00,0.09,0.8,0.8,0.3,1.1,0.07,0.03,0.10,0.07,0.10,Matches
84,Tom Cleverley,eng ENG,MF,Watford,32-219,1989,23,17,1365,15.2,0,2,0,0,0,2,0,0.00,0.13,0.13,0.00,0.13,0.8,0.8,1.5,2.3,0.05,0.10,0.15,0.05,0.15,Matches
85,Nathaniel Clyne,eng ENG,DF,Crystal Palace,30-348,1991,7,6,541,6.0,0,0,0,0,0,1,0,0.00,0.00,0.00,0.00,0.00,0.0,0.0,0.0,0.1,0.00,0.01,0.01,0.00,0.01,Matches
86,Conor Coady,eng ENG,DF,Wolves,29-022,1993,30,30,2686,29.8,3,0,3,0,0,2,0,0.10,0.00,0.10,0.10,0.10,1.8,1.8,0.0,1.8,0.06,0.00,0.06,0.06,0.06,Matches
87,Séamus Coleman,ie IRL,DF,Everton,33-159,1988,22,22,1943,21.6,1,0,1,0,0,2,0,0.05,0.00,0.05,0.05,0.05,1.0,1.0,1.0,2.0,0.05,0.04,0.09,0.05,0.09,Matches
88,Nathan Collins,ie IRL,DF,Burnley,20-323,2001,9,8,770,8.6,0,0,0,0,0,1,1,0.00,0.00,0.00,0.00,0.00,0.4,0.4,0.4,0.8,0.05,0.05,0.10,0.05,0.10,Matches
89,Aaron Connolly,ie IRL,FW,Brighton,22-050,2000,4,1,156,1.7,0,0,0,0,0,0,0,0.00,0.00,0.00,0.00,0.00,0.5,0.5,0.4,0.8,0.26,0.20,0.47,0.26,0.47,Matches
90,Liam Cooper,sct SCO,DF,Leeds United,30-201,1991,15,15,1274,14.2,0,1,0,0,0,4,0,0.00,0.07,0.07,0.00,0.07,0.2,0.2,0.0,0.3,0.02,0.00,0.02,0.02,0.02,Matches
91,Jack Cork,eng ENG,MF,Burnley,32-267,1989,11,11,880,9.8,0,0,0,0,0,2,0,0.00,0.00,0.00,0.00,0.00,0.1,0.1,0.0,0.2,0.01,0.01,0.02,0.01,0.02,Matches
92,Maxwel Cornet,ci CIV,FWMF,Burnley,25-173,1996,17,14,1097,12.2,6,0,6,0,0,2,0,0.49,0.00,0.49,0.49,0.49,3.0,3.0,0.7,3.7,0.25,0.05,0.30,0.25,0.30,Matches
93,Hélder Costa,ao ANG,MF,Leeds United,28-066,1994,1,0,22,0.2,0,0,0,0,0,0,0,0.00,0.00,0.00,0.00,0.00,0.0,0.0,0.0,0.0,0.11,0.00,0.11,0.11,0.11,Matches
94,Vladimír Coufal,cz CZE,DF,West Ham,29-209,1992,22,19,1679,18.7,0,3,0,0,0,4,1,0.00,0.16,0.16,0.00,0.16,0.6,0.6,2.1,2.7,0.03,0.11,0.15,0.03,0.15,Matches
95,Philippe Coutinho,br BRA,FWMF,Aston Villa,29-280,1992,9,8,684,7.6,4,3,4,0,0,0,0,0.53,0.39,0.92,0.53,0.92,3.3,3.3,2.3,5.6,0.43,0.31,0.73,0.43,0.73,Matches
96,Aaron Cresswell,eng ENG,DF,West Ham,32-094,1989,22,22,1916,21.3,1,3,1,0,0,1,0,0.05,0.14,0.19,0.05,0.19,0.7,0.7,2.5,3.2,0.03,0.12,0.15,0.03,0.15,Matches
97,Charlie Cresswell,eng ENG,DF,Leeds United,19-102,2002,5,1,141,1.6,0,0,0,0,0,1,0,0.00,0.00,0.00,0.00,0.00,0.1,0.1,0.0,0.1,0.05,0.00,0.05,0.05,0.05,Matches
98,Cucho,co COL,FWMF,Watford,22-333,1999,22,9,1013,11.3,5,2,5,0,0,2,0,0.44,0.18,0.62,0.44,0.62,2.5,2.5,1.9,4.4,0.22,0.17,0.39,0.22,0.39,Matches
99,Marc Cucurella,es ESP,DF,Brighton,23-240,1998,26,26,2279,25.3,0,1,0,0,0,4,0,0.00,0.04,0.04,0.00,0.04,0.4,0.4,2.3,2.7,0.02,0.09,0.11,0.02,0.11,Matches
100,Luke Cundle,eng ENG,MF,Wolves,19-327,2002,2,1,84,0.9,0,0,0,0,0,0,0,0.00,0.00,0.00,0.00,0.00,0.0,0.0,0.2,0.2,0.00,0.24,0.24,0.00,0.24,Matches
101,Patson Daka,zm ZAM,FW,Leicester City,23-161,1998,14,8,762,8.5,4,3,4,0,0,1,0,0.47,0.35,0.83,0.47,0.83,3.3,3.3,1.4,4.7,0.39,0.17,0.56,0.39,0.56,Matches
102,Stuart Dallas,nir NIR,DFMF,Leeds United,30-334,1991,30,30,2605,28.9,1,1,1,0,0,5,0,0.03,0.03,0.07,0.03,0.07,1.9,1.9,2.2,4.0,0.06,0.08,0.14,0.06,0.14,Matches
103,Diogo Dalot,pt POR,DF,Manchester Utd,23-001,1999,16,11,1093,12.1,0,0,0,0,0,2,0,0.00,0.00,0.00,0.00,0.00,0.4,0.4,0.4,0.8,0.03,0.04,0.07,0.03,0.07,Matches
104,Karl Darlow,eng ENG,GK,Newcastle Utd,31-162,1990,8,8,720,8.0,0,0,0,0,0,1,0,0.00,0.00,0.00,0.00,0.00,0.0,0.0,0.0,0.0,0.00,0.00,0.00,0.00,0.00,Matches
105,Josh Dasilva,eng ENG,MFFW,Brentford,23-147,1998,4,2,136,1.5,0,0,0,0,0,0,1,0.00,0.00,0.00,0.00,0.00,0.0,0.0,0.1,0.1,0.00,0.04,0.04,0.00,0.04,Matches
106,Ben Davies,wls WAL,DF,Tottenham,28-329,1993,19,18,1647,18.3,0,1,0,0,0,3,0,0.00,0.05,0.05,0.00,0.05,1.3,1.3,0.5,1.8,0.07,0.03,0.10,0.07,0.10,Matches
107,Tom Davies,eng ENG,MF,Everton,23-262,1998,5,1,158,1.8,1,0,1,0,0,0,0,0.57,0.00,0.57,0.57,0.57,0.9,0.9,0.0,0.9,0.52,0.00,0.52,0.52,0.52,Matches
108,Keinan Davis,eng ENG,FW,Aston Villa,24-034,1998,1,0,12,0.1,0,0,0,0,0,0,0,0.00,0.00,0.00,0.00,0.00,0.0,0.0,0.0,0.0,0.00,0.00,0.00,0.00,0.00,Matches
109,Craig Dawson,eng ENG,DF,West Ham,31-317,1990,26,22,2063,22.9,2,1,2,0,0,4,0,0.09,0.04,0.13,0.09,0.13,2.4,2.4,0.5,2.9,0.11,0.02,0.13,0.11,0.13,Matches
110,Kevin De Bruyne,be BEL,MF,Manchester City,30-264,1991,22,17,1536,17.1,9,3,9,0,0,0,0,0.53,0.18,0.70,0.53,0.70,4.5,4.5,5.5,10.0,0.26,0.32,0.58,0.26,0.58,Matches
111,Troy Deeney,eng ENG,FW,Watford,33-263,1988,2,0,25,0.3,0,0,0,0,0,0,0,0.00,0.00,0.00,0.00,0.00,0.4,0.4,0.1,0.5,1.45,0.32,1.77,1.45,1.77,Matches
112,Liam Delap,eng ENG,FW,Manchester City,19-039,2003,1,0,10,0.1,0,0,0,0,0,0,0,0.00,0.00,0.00,0.00,0.00,0.0,0.0,0.0,0.0,0.00,0.00,0.00,0.00,0.00,Matches
113,Fabian Delph,eng ENG,MF,Everton,32-118,1989,6,3,249,2.8,0,0,0,0,0,1,0,0.00,0.00,0.00,0.00,0.00,0.0,0.0,0.0,0.1,0.01,0.02,0.02,0.01,0.02,Matches
114,Leander Dendoncker,be BEL,MFFW,Wolves,26-338,1995,24,15,1411,15.7,1,2,1,0,0,4,0,0.06,0.13,0.19,0.06,0.19,1.6,1.6,0.9,2.5,0.10,0.06,0.16,0.10,0.16,Matches
115,Emmanuel Dennis,ng NGA,FWMF,Watford,24-124,1997,27,26,2174,24.2,9,5,9,0,0,9,1,0.37,0.21,0.58,0.37,0.58,6.8,6.8,2.5,9.3,0.28,0.10,0.39,0.28,0.39,Matches
116,Kiernan Dewsbury Hall,eng ENG,MF,Leicester City,23-194,1998,17,12,1155,12.8,0,2,0,0,0,2,0,0.00,0.16,0.16,0.00,0.16,0.9,0.9,1.6,2.6,0.07,0.13,0.20,0.07,0.20,Matches
117,Ibrahima Diallo,fr FRA,MF,Southampton,23-011,1999,19,7,755,8.4,0,2,0,0,0,0,0,0.00,0.24,0.24,0.00,0.24,0.4,0.4,0.9,1.4,0.05,0.11,0.16,0.05,0.16,Matches
118,Raphinha,br BRA,MFFW,Leeds United,25-095,1996,27,26,2247,25.0,9,3,6,3,3,6,0,0.36,0.12,0.48,0.24,0.36,9.2,6.9,6.2,13.0,0.37,0.25,0.61,0.28,0.52,Matches
119,Rúben Dias,pt POR,DF,Manchester City,24-309,1997,25,24,2132,23.7,2,3,2,0,0,5,0,0.08,0.13,0.21,0.08,0.21,1.5,1.5,2.1,3.6,0.06,0.09,0.15,0.06,0.15,Matches
120,Luis Díaz,co COL,FW,Liverpool,25-065,1997,6,6,496,5.5,2,0,2,0,0,0,0,0.36,0.00,0.36,0.36,0.36,2.3,2.3,1.0,3.4,0.42,0.19,0.61,0.42,0.61,Matches
121,Eric Dier,eng ENG,DF,Tottenham,28-063,1994,25,25,2171,24.1,0,0,0,0,0,1,0,0.00,0.00,0.00,0.00,0.00,0.9,0.9,1.3,2.2,0.04,0.05,0.09,0.04,0.09,Matches
122,Lucas Digne,fr FRA,DF,Aston Villa,28-242,1993,8,8,639,7.1,0,1,0,0,0,1,0,0.00,0.14,0.14,0.00,0.14,0.5,0.5,0.6,1.1,0.07,0.08,0.15,0.07,0.15,Matches
123,Lucas Digne,fr FRA,DF,Everton,28-242,1993,13,13,1170,13.0,0,0,0,0,0,4,0,0.00,0.00,0.00,0.00,0.00,0.4,0.4,1.7,2.1,0.03,0.13,0.16,0.03,0.16,Matches
124,Virgil van Dijk,nl NED,DF,Liverpool,30-254,1991,27,27,2430,27.0,3,1,3,0,0,2,0,0.11,0.04,0.15,0.11,0.15,2.0,2.0,0.3,2.3,0.08,0.01,0.09,0.08,0.09,Matches
125,Issa Diop,fr FRA,DF,West Ham,25-069,1997,11,9,811,9.0,0,1,0,0,0,0,0,0.00,0.11,0.11,0.00,0.11,0.1,0.1,0.1,0.2,0.01,0.01,0.02,0.01,0.02,Matches
126,Moussa Djenepo,ml MLI,MF,Southampton,23-277,1998,11,5,438,4.9,0,0,0,0,0,3,0,0.00,0.00,0.00,0.00,0.00,1.5,1.5,0.2,1.7,0.30,0.05,0.35,0.30,0.35,Matches
127,Lewis Dobbin,eng ENG,FWMF,Everton,19-075,2003,3,0,32,0.4,0,0,0,0,0,1,0,0.00,0.00,0.00,0.00,0.00,0.0,0.0,0.0,0.0,0.00,0.00,0.00,0.00,0.00,Matches
128,Matt Doherty,ie IRL,DF,Tottenham,30-062,1992,12,6,675,7.5,1,4,1,0,0,0,0,0.13,0.53,0.67,0.13,0.67,1.9,1.9,1.7,3.6,0.25,0.23,0.48,0.25,0.48,Matches
129,Gabriel Dos Santos,br BRA,DF,Arsenal,24-090,1997,24,24,2106,23.4,3,0,3,0,0,6,1,0.13,0.00,0.13,0.13,0.13,1.9,1.9,0.7,2.7,0.08,0.03,0.11,0.08,0.11,Matches
130,Abdoulaye Doucouré,fr FRA,MF,Everton,29-077,1993,20,20,1774,19.7,2,4,2,0,0,4,0,0.10,0.20,0.30,0.10,0.30,1.9,1.9,1.4,3.3,0.10,0.07,0.17,0.10,0.17,Matches
131,Kieran Dowell,eng ENG,FWMF,Norwich City,24-160,1997,11,4,356,4.0,0,0,0,0,0,0,0,0.00,0.00,0.00,0.00,0.00,0.2,0.2,0.6,0.7,0.04,0.15,0.19,0.04,0.19,Matches
132,Cody Drameh,eng ENG,DF,Leeds United,20-101,2001,3,1,128,1.4,0,0,0,0,0,1,0,0.00,0.00,0.00,0.00,0.00,0.0,0.0,0.0,0.0,0.00,0.01,0.01,0.00,0.01,Matches
133,Martin Dúbravka,sk SVK,GK,Newcastle Utd,33-063,1989,17,17,1530,17.0,0,0,0,0,0,1,0,0.00,0.00,0.00,0.00,0.00,0.0,0.0,0.0,0.0,0.00,0.00,0.00,0.00,0.00,Matches
134,Shane Duffy,ie IRL,DF,Brighton,30-077,1992,18,15,1436,16.0,1,0,1,0,0,7,0,0.06,0.00,0.06,0.06,0.06,1.3,1.3,0.1,1.5,0.08,0.01,0.09,0.08,0.09,Matches
135,Paul Dummett,wls WAL,DF,Newcastle Utd,30-174,1991,3,2,198,2.2,0,0,0,0,0,2,0,0.00,0.00,0.00,0.00,0.00,0.0,0.0,0.0,0.0,0.00,0.00,0.00,0.00,0.00,Matches
136,Lewis Dunk,eng ENG,DF,Brighton,30-118,1991,20,20,1763,19.6,1,0,1,0,0,1,1,0.05,0.00,0.05,0.05,0.05,0.8,0.8,0.2,1.0,0.04,0.01,0.05,0.04,0.05,Matches
137,Ederson,br BRA,GK,Manchester City,28-214,1993,28,28,2520,28.0,0,0,0,0,0,3,0,0.00,0.00,0.00,0.00,0.00,0.0,0.0,0.1,0.1,0.00,0.00,0.00,0.00,0.00,Matches
138,Odsonne Édouard,fr FRA,FW,Crystal Palace,24-062,1998,23,15,1271,14.1,6,3,5,1,1,2,0,0.42,0.21,0.64,0.35,0.57,6.5,5.7,2.1,7.8,0.46,0.15,0.61,0.40,0.55,Matches
139,Anthony Elanga,se SWE,FW,Manchester Utd,19-326,2002,12,6,550,6.1,2,0,2,0,0,0,0,0.33,0.00,0.33,0.33,0.33,2.2,2.2,0.6,2.8,0.37,0.09,0.46,0.37,0.46,Matches
140,Harvey Elliott,eng ENG,MF,Liverpool,18-349,2003,5,3,282,3.1,0,0,0,0,0,0,0,0.00,0.00,0.00,0.00,0.00,0.7,0.7,0.3,1.0,0.22,0.10,0.32,0.22,0.32,Matches
141,Mohamed Elneny,eg EGY,MF,Arsenal,29-251,1992,7,1,176,2.0,0,1,0,0,0,0,0,0.00,0.51,0.51,0.00,0.51,0.0,0.0,0.2,0.2,0.01,0.08,0.09,0.01,0.09,Matches
142,Mohamed Elyounoussi,no NOR,MF,Southampton,27-227,1994,22,17,1509,16.8,4,1,4,0,0,3,0,0.24,0.06,0.30,0.24,0.30,4.7,4.7,1.9,6.6,0.28,0.11,0.39,0.28,0.39,Matches
143,Emerson,br BRA,DF,Tottenham,23-064,1999,21,17,1507,16.7,0,1,0,0,0,3,0,0.00,0.06,0.06,0.00,0.06,0.5,0.5,1.7,2.2,0.03,0.10,0.13,0.03,0.13,Matches
144,Christian Eriksen,dk DEN,MF,Brentford,30-033,1992,3,2,219,2.4,0,1,0,0,0,1,0,0.00,0.41,0.41,0.00,0.41,0.2,0.2,0.6,0.7,0.07,0.23,0.29,0.07,0.29,Matches
145,Oghenekaro Etebo,ng NGA,MF,Watford,26-130,1995,7,4,389,4.3,0,0,0,0,0,3,0,0.00,0.00,0.00,0.00,0.00,0.0,0.0,0.1,0.1,0.01,0.01,0.02,0.01,0.02,Matches
146,Jonny Evans,nir NIR,DF,Leicester City,34-075,1988,10,9,752,8.4,1,1,1,0,0,2,0,0.12,0.12,0.24,0.12,0.24,0.7,0.7,0.5,1.2,0.09,0.05,0.14,0.09,0.14,Matches
147,Eberechi Eze,eng ENG,MFFW,Crystal Palace,23-263,1998,6,1,142,1.6,0,0,0,0,0,1,0,0.00,0.00,0.00,0.00,0.00,0.0,0.0,0.1,0.1,0.03,0.05,0.08,0.03,0.08,Matches
148,Łukasz Fabiański,pl POL,GK,West Ham,36-335,1985,28,28,2520,28.0,0,0,0,0,0,0,0,0.00,0.00,0.00,0.00,0.00,0.0,0.0,0.0,0.0,0.00,0.00,0.00,0.00,0.00,Matches
149,Fabinho,br BRA,MF,Liverpool,28-147,1993,22,21,1882,20.9,4,1,3,1,1,5,0,0.19,0.05,0.24,0.14,0.19,2.5,1.8,0.7,2.5,0.12,0.04,0.16,0.08,0.12,Matches
150,Kiko Femenía,es ESP,DF,Watford,31-045,1991,21,20,1606,17.8,0,5,0,0,0,2,0,0.00,0.28,0.28,0.00,0.28,0.0,0.0,2.0,2.0,0.00,0.11,0.11,0.00,0.11,Matches
151,Evan Ferguson,ie IRL,MF,Brighton,17-151,2004,1,0,23,0.3,0,0,0,0,0,0,0,0.00,0.00,0.00,0.00,0.00,0.0,0.0,0.0,0.0,0.00,0.00,0.00,0.00,0.00,Matches
152,Nathan Ferguson,eng ENG,DF,Crystal Palace,21-164,2000,1,0,9,0.1,0,0,0,0,0,0,0,0.00,0.00,0.00,0.00,0.00,0.0,0.0,0.0,0.0,0.00,0.00,0.00,0.00,0.00,Matches
153,Bruno Fernandes,pt POR,MF,Manchester Utd,27-192,1994,27,26,2308,25.6,9,6,9,0,1,7,0,0.35,0.23,0.58,0.35,0.58,7.2,6.5,7.9,14.3,0.28,0.31,0.59,0.25,0.56,Matches
154,Álvaro Fernández,es ESP,GK,Brentford,23-340,1998,12,12,1080,12.0,0,0,0,0,0,0,0,0.00,0.00,0.00,0.00,0.00,0.0,0.0,0.0,0.0,0.00,0.00,0.00,0.00,0.00,Matches
155,Federico Fernández,ar ARG,DF,Newcastle Utd,33-026,1989,7,5,523,5.8,0,0,0,0,0,0,0,0.00,0.00,0.00,0.00,0.00,0.4,0.4,0.3,0.8,0.07,0.06,0.13,0.07,0.13,Matches
156,Fernandinho,br BRA,MF,Manchester City,36-319,1985,13,6,610,6.8,1,1,1,0,0,1,0,0.15,0.15,0.30,0.15,0.30,1.4,1.4,0.8,2.1,0.20,0.11,0.32,0.20,0.32,Matches
157,Roberto Firmino,br BRA,FW,Liverpool,30-168,1991,16,8,790,8.8,5,3,5,0,0,3,0,0.57,0.34,0.91,0.57,0.91,4.6,4.6,2.0,6.6,0.53,0.22,0.75,0.53,0.75,Matches
158,Junior Firpo,es ESP,DF,Leeds United,25-209,1996,19,15,1334,14.8,0,1,0,0,0,9,0,0.00,0.07,0.07,0.00,0.07,0.7,0.7,1.7,2.4,0.05,0.11,0.16,0.05,0.16,Matches
159,Ashley Fletcher,eng ENG,FW,Watford,26-168,1995,3,0,30,0.3,0,0,0,0,0,0,0,0.00,0.00,0.00,0.00,0.00,0.4,0.4,0.0,0.4,1.16,0.00,1.16,1.16,1.16,Matches
160,Phil Foden,eng ENG,FW,Manchester City,21-295,2000,21,18,1608,17.9,7,3,7,0,0,1,0,0.39,0.17,0.56,0.39,0.56,7.8,7.8,4.6,12.4,0.43,0.26,0.69,0.43,0.69,Matches
161,Pablo Fornals,es ESP,FWMF,West Ham,26-025,1996,27,25,2129,23.7,6,2,6,0,0,4,0,0.25,0.08,0.34,0.25,0.34,4.1,4.1,3.5,7.6,0.17,0.15,0.32,0.17,0.32,Matches
162,Adam Forshaw,eng ENG,MF,Leeds United,30-162,1991,21,16,1440,16.0,0,1,0,0,0,5,0,0.00,0.06,0.06,0.00,0.06,0.3,0.3,1.1,1.4,0.02,0.07,0.09,0.02,0.09,Matches
163,Marcus Forss,fi FIN,FWMF,Brentford,22-274,1999,7,1,209,2.3,0,1,0,0,0,0,0,0.00,0.43,0.43,0.00,0.43,0.2,0.2,0.0,0.2,0.10,0.00,0.10,0.10,0.10,Matches
164,Fraser Forster,eng ENG,GK,Southampton,34-002,1988,12,12,1080,12.0,0,0,0,0,0,1,0,0.00,0.00,0.00,0.00,0.00,0.0,0.0,0.0,0.0,0.00,0.00,0.00,0.00,0.00,Matches
165,Ben Foster,eng ENG,GK,Watford,38-350,1983,18,18,1620,18.0,0,1,0,0,0,0,0,0.00,0.06,0.06,0.00,0.06,0.0,0.0,0.1,0.1,0.00,0.01,0.01,0.00,0.01,Matches
166,Ryan Fraser,sct SCO,FWMF,Newcastle Utd,28-023,1994,24,16,1349,15.0,2,3,2,0,0,3,0,0.13,0.20,0.33,0.13,0.33,2.4,2.4,2.0,4.3,0.16,0.13,0.29,0.16,0.29,Matches
167,Fred,br BRA,MF,Manchester Utd,29-014,1993,23,21,1764,19.6,3,4,3,0,0,5,0,0.15,0.20,0.36,0.15,0.36,1.0,1.0,1.5,2.4,0.05,0.08,0.12,0.05,0.12,Matches
168,Ryan Fredericks,eng ENG,DF,West Ham,29-160,1992,5,1,127,1.4,0,0,0,0,0,1,0,0.00,0.00,0.00,0.00,0.00,0.0,0.0,0.0,0.0,0.00,0.02,0.02,0.00,0.02,Matches
169,Leo Fuhr Hjelde,no NOR,DF,Leeds United,18-205,2003,2,0,150,1.7,0,0,0,0,0,0,0,0.00,0.00,0.00,0.00,0.00,0.0,0.0,0.0,0.0,0.00,0.02,0.02,0.00,0.02,Matches
170,Conor Gallagher,eng ENG,MF,Crystal Palace,22-041,2000,25,25,2200,24.4,8,3,8,0,0,8,0,0.33,0.12,0.45,0.33,0.45,5.0,5.0,3.2,8.2,0.20,0.13,0.33,0.20,0.33,Matches
171,Dwight Gayle,eng ENG,FW,Newcastle Utd,31-153,1990,5,0,32,0.4,0,0,0,0,0,1,0,0.00,0.00,0.00,0.00,0.00,0.0,0.0,0.0,0.1,0.14,0.05,0.18,0.14,0.18,Matches
172,Jean-Philippe Gbamin,ci CIV,MF,Everton,26-175,1995,3,1,67,0.7,0,0,0,0,0,0,0,0.00,0.00,0.00,0.00,0.00,0.0,0.0,0.0,0.0,0.00,0.00,0.00,0.00,0.00,Matches
173,David de Gea,es ESP,GK,Manchester Utd,31-132,1990,29,29,2610,29.0,0,0,0,0,0,0,0,0.00,0.00,0.00,0.00,0.00,0.0,0.0,0.0,0.0,0.00,0.00,0.00,0.00,0.00,Matches
174,Joe Gelhardt,eng ENG,FWMF,Leeds United,19-319,2002,13,2,467,5.2,2,1,2,0,0,4,0,0.39,0.19,0.58,0.39,0.58,2.2,2.2,0.4,2.6,0.42,0.07,0.50,0.42,0.50,Matches
175,Anwar El Ghazi,nl NED,FW,Everton,26-320,1995,2,0,13,0.1,0,0,0,0,0,0,0,0.00,0.00,0.00,0.00,0.00,0.0,0.0,0.0,0.0,0.00,0.00,0.00,0.00,0.00,Matches
176,Anwar El Ghazi,nl NED,FWMF,Aston Villa,26-320,1995,9,4,386,4.3,1,1,0,1,1,2,0,0.23,0.23,0.47,0.00,0.23,1.1,0.3,0.4,0.7,0.25,0.09,0.33,0.07,0.16,Matches
177,Saman Ghoddos,ir IRN,MFDF,Brentford,28-194,1993,15,3,434,4.8,1,1,1,0,0,2,0,0.21,0.21,0.41,0.21,0.41,0.6,0.6,1.2,1.9,0.13,0.25,0.38,0.13,0.38,Matches
178,Dimitris Giannoulis,gr GRE,DF,Norwich City,26-153,1995,11,7,546,6.1,0,1,0,0,0,1,0,0.00,0.16,0.16,0.00,0.16,0.1,0.1,0.3,0.4,0.01,0.05,0.06,0.01,0.06,Matches
179,Morgan Gibbs-White,eng ENG,FWMF,Wolves,22-051,2000,2,0,9,0.1,0,0,0,0,0,1,0,0.00,0.00,0.00,0.00,0.00,0.1,0.1,0.0,0.1,1.22,0.00,1.22,1.22,1.22,Matches
180,Ben Gibson,eng ENG,DF,Norwich City,29-063,1993,24,24,2134,23.7,0,0,0,0,0,5,1,0.00,0.00,0.00,0.00,0.00,1.2,1.2,0.0,1.2,0.05,0.00,0.05,0.05,0.05,Matches
181,Billy Gilmour,sct SCO,MF,Norwich City,20-281,2001,18,16,1416,15.7,0,1,0,0,0,2,0,0.00,0.06,0.06,0.00,0.06,0.7,0.7,2.0,2.6,0.04,0.13,0.17,0.04,0.17,Matches
182,Ben Godfrey,eng ENG,DF,Everton,24-063,1998,19,19,1669,18.5,0,0,0,0,0,5,0,0.00,0.00,0.00,0.00,0.00,1.1,1.1,0.7,1.8,0.06,0.04,0.10,0.06,0.10,Matches
183,André Gomes,pt POR,MF,Everton,28-232,1993,12,5,503,5.6,0,1,0,0,0,3,0,0.00,0.18,0.18,0.00,0.18,0.6,0.6,0.2,0.8,0.11,0.04,0.15,0.11,0.15,Matches
184,Toti Gomes,pt POR,DF,Wolves,23-062,1999,2,2,180,2.0,0,0,0,0,0,1,0,0.00,0.00,0.00,0.00,0.00,0.0,0.0,0.0,0.0,0.00,0.00,0.00,0.00,0.00,Matches
185,Joe Gomez,eng ENG,DF,Liverpool,24-300,1997,5,1,106,1.2,0,0,0,0,0,0,0,0.00,0.00,0.00,0.00,0.00,0.0,0.0,0.0,0.0,0.00,0.01,0.01,0.00,0.01,Matches
186,Charlie Goode,eng ENG,DF,Brentford,26-228,1995,6,4,450,5.0,0,0,0,0,0,3,0,0.00,0.00,0.00,0.00,0.00,0.1,0.1,0.3,0.5,0.03,0.07,0.10,0.03,0.10,Matches
187,Anthony Gordon,eng ENG,MFFW,Everton,21-023,2001,24,16,1505,16.7,3,2,3,0,0,2,0,0.18,0.12,0.30,0.18,0.30,2.4,2.4,1.8,4.1,0.14,0.11,0.25,0.14,0.25,Matches
188,Kaide Gordon,eng ENG,FW,Liverpool,17-165,2004,1,0,9,0.1,0,0,0,0,0,0,0,0.00,0.00,0.00,0.00,0.00,0.4,0.4,0.0,0.4,4.48,0.00,4.48,4.48,4.48,Matches
189,Dan Gosling,eng ENG,MF,Watford,32-046,1990,1,0,22,0.2,0,0,0,0,0,0,0,0.00,0.00,0.00,0.00,0.00,0.0,0.0,0.0,0.0,0.00,0.00,0.00,0.00,0.00,Matches
190,Demarai Gray,eng ENG,MFFW,Everton,25-264,1996,23,21,1692,18.8,5,2,5,0,0,3,0,0.27,0.11,0.37,0.27,0.37,3.2,3.2,2.7,5.9,0.17,0.14,0.31,0.17,0.31,Matches
191,Jack Grealish,eng ENG,FW,Manchester City,26-190,1995,19,17,1446,16.1,2,2,2,0,0,2,0,0.12,0.12,0.25,0.12,0.25,4.1,4.1,5.0,9.1,0.26,0.31,0.57,0.26,0.57,Matches
192,Mason Greenwood,eng ENG,FWMF,Manchester Utd,20-169,2001,18,16,1271,14.1,5,1,5,0,0,1,0,0.35,0.07,0.42,0.35,0.42,4.4,4.4,1.6,6.0,0.31,0.11,0.42,0.31,0.42,Matches
193,Sam Greenwood,eng ENG,FWMF,Leeds United,20-052,2002,2,0,81,0.9,0,1,0,0,0,0,0,0.00,1.11,1.11,0.00,1.11,0.1,0.1,0.2,0.3,0.08,0.22,0.30,0.08,0.30,Matches
194,Pascal Groß,de GER,MFDF,Brighton,30-277,1991,20,17,1376,15.3,0,3,0,0,1,0,0,0.00,0.20,0.20,0.00,0.20,2.1,1.3,3.2,4.5,0.14,0.21,0.35,0.09,0.30,Matches
195,Vicente Guaita,es ESP,GK,Crystal Palace,35-068,1987,24,24,2115,23.5,0,0,0,0,0,2,0,0.00,0.00,0.00,0.00,0.00,0.0,0.0,0.0,0.0,0.00,0.00,0.00,0.00,0.00,Matches
196,Marc Guéhi,eng ENG,DF,Crystal Palace,21-249,2000,28,28,2520,28.0,2,0,2,0,0,4,0,0.07,0.00,0.07,0.07,0.07,1.6,1.6,0.4,2.0,0.06,0.01,0.07,0.06,0.07,Matches
197,Bruno Guimarães,br BRA,MF,Newcastle Utd,24-123,1997,8,3,290,3.2,1,0,1,0,0,1,0,0.31,0.00,0.31,0.31,0.31,0.9,0.9,0.5,1.3,0.27,0.14,0.41,0.27,0.41,Matches
198,İlkay Gündoğan,de GER,MF,Manchester City,31-146,1990,20,15,1350,15.0,5,4,5,0,0,1,0,0.33,0.27,0.60,0.33,0.60,6.6,6.6,3.9,10.4,0.44,0.26,0.70,0.44,0.70,Matches
199,Angus Gunn,eng ENG,GK,Norwich City,26-056,1996,7,7,630,7.0,0,0,0,0,0,0,0,0.00,0.00,0.00,0.00,0.00,0.0,0.0,0.0,0.0,0.00,0.00,0.00,0.00,0.00,Matches
200,Grant Hanley,sct SCO,DF,Norwich City,30-119,1991,24,24,2087,23.2,1,0,1,0,0,2,0,0.04,0.00,0.04,0.04,0.04,1.2,1.2,0.2,1.4,0.05,0.01,0.06,0.05,0.06,Matches
201,Jack Harrison,eng ENG,FWMF,Leeds United,25-119,1996,27,24,1973,21.9,5,1,5,0,0,3,0,0.23,0.05,0.27,0.23,0.27,3.2,3.2,2.2,5.4,0.15,0.10,0.25,0.15,0.25,Matches
202,Kortney Hause,eng ENG,DF,Aston Villa,26-246,1995,7,4,397,4.4,1,0,1,0,0,0,0,0.23,0.00,0.23,0.23,0.23,0.1,0.1,0.0,0.1,0.02,0.00,0.02,0.02,0.02,Matches
203,Kai Havertz,de GER,FWMF,Chelsea,22-281,1999,20,16,1305,14.5,6,2,6,0,0,2,0,0.41,0.14,0.55,0.41,0.55,5.5,5.5,1.1,6.6,0.38,0.08,0.46,0.38,0.46,Matches
204,Isaac Hayden,eng ENG,MFDF,Newcastle Utd,26-362,1995,14,12,1002,11.1,1,0,1,0,0,5,0,0.09,0.00,0.09,0.09,0.09,0.4,0.4,0.1,0.5,0.04,0.01,0.05,0.04,0.05,Matches
205,Hwang Hee-chan,kr KOR,FWMF,Wolves,26-052,1996,22,16,1354,15.0,5,1,5,0,0,1,0,0.33,0.07,0.40,0.33,0.40,3.0,3.0,1.4,4.4,0.20,0.09,0.30,0.20,0.30,Matches
206,Jordan Henderson,eng ENG,MF,Liverpool,31-275,1990,26,23,2003,22.3,2,5,2,0,0,3,0,0.09,0.22,0.31,0.09,0.31,1.4,1.4,3.4,4.8,0.06,0.15,0.22,0.06,0.22,Matches
207,Jeff Hendrick,ie IRL,MF,Newcastle Utd,30-047,1992,3,0,72,0.8,1,0,1,0,0,0,0,1.25,0.00,1.25,1.25,1.25,0.0,0.0,0.0,0.1,0.04,0.06,0.10,0.04,0.10,Matches
208,Wayne Hennessey,wls WAL,GK,Burnley,35-054,1987,2,2,180,2.0,0,0,0,0,0,0,0,0.00,0.00,0.00,0.00,0.00,0.0,0.0,0.1,0.1,0.00,0.06,0.06,0.00,0.06,Matches
209,Rico Henry,eng ENG,DF,Brentford,24-254,1997,25,24,2014,22.4,2,0,2,0,0,2,0,0.09,0.00,0.09,0.09,0.09,1.5,1.5,0.6,2.1,0.07,0.03,0.09,0.07,0.09,Matches
210,Son Heung-min,kr KOR,FWMF,Tottenham,29-254,1992,25,25,2153,23.9,11,5,11,0,0,1,0,0.46,0.21,0.67,0.46,0.67,9.3,9.3,6.5,15.8,0.39,0.27,0.66,0.39,0.66,Matches
211,Ki-Jana Hoever,nl NED,DF,Wolves,20-060,2002,8,4,308,3.4,0,0,0,0,0,1,0,0.00,0.00,0.00,0.00,0.00,0.0,0.0,0.0,0.1,0.01,0.01,0.02,0.01,0.02,Matches
212,Rob Holding,eng ENG,DF,Arsenal,26-180,1995,8,4,431,4.8,0,0,0,0,0,2,0,0.00,0.00,0.00,0.00,0.00,0.2,0.2,0.0,0.2,0.04,0.00,0.04,0.04,0.04,Matches
213,Mason Holgate,eng ENG,DF,Everton,25-148,1996,16,14,1328,14.8,0,0,0,0,0,3,1,0.00,0.00,0.00,0.00,0.00,0.4,0.4,0.0,0.4,0.03,0.00,0.03,0.03,0.03,Matches
214,Callum Hudson-Odoi,eng ENG,FWMF,Chelsea,21-132,2000,15,11,962,10.7,1,2,1,0,0,1,0,0.09,0.19,0.28,0.09,0.28,2.1,2.1,2.3,4.4,0.20,0.21,0.41,0.20,0.41,Matches
215,Will Hughes,eng ENG,MF,Crystal Palace,26-336,1995,12,10,818,9.1,0,1,0,0,0,3,0,0.00,0.11,0.11,0.00,0.11,0.1,0.1,0.6,0.7,0.01,0.07,0.08,0.01,0.08,Matches
216,Pierre Højbjerg,dk DEN,MF,Tottenham,26-226,1995,26,26,2296,25.5,2,2,2,0,0,2,0,0.08,0.08,0.16,0.08,0.16,1.7,1.7,1.4,3.1,0.07,0.05,0.12,0.07,0.12,Matches
217,Adam Idah,ie IRL,FWMF,Norwich City,21-008,2001,17,6,625,6.9,1,1,1,0,0,0,0,0.14,0.14,0.29,0.14,0.29,2.0,2.0,0.6,2.6,0.28,0.09,0.37,0.28,0.37,Matches
218,Kelechi Iheanacho,ng NGA,FWMF,Leicester City,25-167,1996,18,7,744,8.3,2,5,2,0,0,1,0,0.24,0.60,0.85,0.24,0.85,2.2,2.2,2.3,4.5,0.26,0.28,0.55,0.26,0.55,Matches
219,Danny Ings,eng ENG,FW,Aston Villa,29-239,1992,22,18,1515,16.8,5,5,4,1,1,2,0,0.30,0.30,0.59,0.24,0.53,4.5,3.8,1.6,5.3,0.27,0.09,0.36,0.22,0.32,Matches
220,Tim Iroegbunam,,MF,Aston Villa,,,1,0,5,0.1,0,0,0,0,0,0,0,0.00,0.00,0.00,0.00,0.00,0.0,0.0,0.0,0.0,0.00,0.00,0.00,0.00,0.00,Matches
221,Alex Iwobi,ng NGA,MFFW,Everton,25-320,1996,17,11,1045,11.6,2,1,2,0,0,1,0,0.17,0.09,0.26,0.17,0.26,1.5,1.5,1.4,2.9,0.13,0.12,0.25,0.13,0.25,Matches
222,Daniel James,wls WAL,FWMF,Leeds United,24-129,1997,26,24,2025,22.5,4,3,4,0,0,6,0,0.18,0.13,0.31,0.18,0.31,5.0,5.0,2.4,7.4,0.22,0.11,0.33,0.22,0.33,Matches
223,Daniel James,wls WAL,FW,Manchester Utd,24-129,1997,2,2,126,1.4,0,0,0,0,0,0,0,0.00,0.00,0.00,0.00,0.00,0.2,0.2,0.0,0.3,0.17,0.01,0.19,0.17,0.19,Matches
224,Reece James,eng ENG,DF,Chelsea,22-101,1999,17,15,1183,13.1,5,6,5,0,0,4,1,0.38,0.46,0.84,0.38,0.84,2.0,2.0,4.3,6.2,0.15,0.32,0.47,0.15,0.47,Matches
225,Vitaly Janelt,de GER,MF,Brentford,23-313,1998,23,20,1726,19.2,2,0,2,0,0,3,0,0.10,0.00,0.10,0.10,0.10,2.0,2.0,1.5,3.5,0.11,0.08,0.18,0.11,0.18,Matches
226,Pontus Jansson,se SWE,DF,Brentford,31-034,1991,29,29,2601,28.9,1,1,1,0,0,6,0,0.03,0.03,0.07,0.03,0.07,1.6,1.6,0.4,2.0,0.05,0.01,0.07,0.05,0.07,Matches
227,Mathias Jensen,dk DEN,MF,Brentford,26-077,1996,22,14,1133,12.6,0,1,0,0,0,0,0,0.00,0.08,0.08,0.00,0.08,1.2,1.2,2.8,4.0,0.09,0.22,0.32,0.09,0.32,Matches
228,Gabriel Jesus,br BRA,FW,Manchester City,24-350,1997,20,15,1338,14.9,2,7,2,0,0,0,0,0.13,0.47,0.61,0.13,0.61,5.3,5.3,3.4,8.7,0.36,0.23,0.59,0.36,0.59,Matches
229,Raúl Jiménez,mx MEX,FW,Wolves,30-318,1991,28,25,2155,23.9,6,3,5,1,1,9,2,0.25,0.13,0.38,0.21,0.33,6.1,5.6,2.0,7.6,0.26,0.08,0.34,0.23,0.32,Matches
230,Joelinton,br BRA,MFFW,Newcastle Utd,25-217,1996,26,21,1884,20.9,2,1,2,0,0,6,0,0.10,0.05,0.14,0.10,0.14,2.7,2.7,1.3,4.0,0.13,0.06,0.19,0.13,0.19,Matches
231,Ben Johnson,eng ENG,DF,West Ham,22-054,2000,15,13,1116,12.4,1,0,1,0,0,1,0,0.08,0.00,0.08,0.08,0.08,0.1,0.1,0.6,0.7,0.01,0.05,0.05,0.01,0.05,Matches
232,Curtis Jones,eng ENG,MF,Liverpool,21-048,2001,12,7,639,7.1,1,1,1,0,0,0,0,0.14,0.14,0.28,0.14,0.28,0.7,0.7,0.4,1.1,0.09,0.06,0.15,0.09,0.15,Matches
233,Phil Jones,eng ENG,DF,Manchester Utd,30-026,1992,1,1,90,1.0,0,0,0,0,0,0,0,0.00,0.00,0.00,0.00,0.00,0.0,0.0,0.0,0.0,0.00,0.02,0.02,0.00,0.02,Matches
234,Jorginho,it ITA,MF,Chelsea,30-089,1991,24,21,1868,20.8,6,2,0,6,6,4,0,0.29,0.10,0.39,0.00,0.10,5.0,0.4,2.4,2.8,0.24,0.12,0.36,0.02,0.14,Matches
235,Diogo Jota,pt POR,FW,Liverpool,25-105,1996,26,20,1750,19.4,13,1,13,0,0,2,0,0.67,0.05,0.72,0.67,0.72,13.0,13.0,4.1,17.1,0.67,0.21,0.88,0.67,0.88,Matches
236,James Justin,eng ENG,DF,Leicester City,24-024,1998,5,3,278,3.1,0,0,0,0,0,0,0,0.00,0.00,0.00,0.00,0.00,0.0,0.0,0.3,0.3,0.00,0.11,0.11,0.00,0.11,Matches
237,Mathias Jørgensen,dk DEN,DF,Brentford,31-330,1990,7,5,428,4.8,1,0,1,0,0,2,0,0.21,0.00,0.21,0.21,0.21,0.1,0.1,0.1,0.2,0.02,0.02,0.04,0.02,0.04,Matches
238,Ozan Kabak,tr TUR,DF,Norwich City,21-359,2000,11,11,922,10.2,0,0,0,0,0,2,0,0.00,0.00,0.00,0.00,0.00,0.2,0.2,0.0,0.2,0.02,0.00,0.02,0.02,0.02,Matches
239,Christian Kabasele,be BEL,DF,Watford,31-023,1991,8,4,473,5.3,0,0,0,0,0,0,0,0.00,0.00,0.00,0.00,0.00,0.3,0.3,0.0,0.3,0.06,0.01,0.07,0.06,0.07,Matches
240,Samuel Kalu,ng NGA,FWMF,Watford,24-205,1997,2,0,47,0.5,0,0,0,0,0,0,0,0.00,0.00,0.00,0.00,0.00,0.0,0.0,0.0,0.0,0.04,0.00,0.04,0.04,0.04,Matches
241,Hassane Kamara,ci CIV,DF,Watford,27-181,1994,11,11,983,10.9,0,0,0,0,0,2,0,0.00,0.00,0.00,0.00,0.00,0.1,0.1,0.4,0.4,0.01,0.03,0.04,0.01,0.04,Matches
242,Harry Kane,eng ENG,FW,Tottenham,28-234,1993,27,26,2332,25.9,12,3,10,2,2,3,0,0.46,0.12,0.58,0.39,0.50,14.0,12.5,5.4,17.9,0.54,0.21,0.75,0.48,0.69,Matches
243,N'Golo Kanté,fr FRA,MF,Chelsea,30-355,1991,19,14,1197,13.3,2,3,2,0,0,1,0,0.15,0.23,0.38,0.15,0.38,1.2,1.2,1.5,2.7,0.09,0.11,0.20,0.09,0.20,Matches
244,Edo Kayembe,cd COD,MF,Watford,23-228,1998,7,5,415,4.6,0,0,0,0,0,0,0,0.00,0.00,0.00,0.00,0.00,0.1,0.1,0.2,0.3,0.01,0.05,0.06,0.01,0.06,Matches
245,Moise Kean,it ITA,FW,Everton,22-019,2000,1,0,1,0.0,0,0,0,0,0,0,0,0.00,0.00,0.00,0.00,0.00,0.0,0.0,0.0,0.0,0.00,0.00,0.00,0.00,0.00,Matches
246,Michael Keane,eng ENG,DF,Everton,29-067,1993,25,25,2205,24.5,2,2,2,0,0,1,0,0.08,0.08,0.16,0.08,0.16,0.9,0.9,0.6,1.5,0.04,0.02,0.06,0.04,0.06,Matches
247,Naby Keïta,gn GUI,MF,Liverpool,27-037,1995,15,10,830,9.2,2,1,2,0,0,1,0,0.22,0.11,0.33,0.22,0.33,1.2,1.2,1.1,2.4,0.13,0.12,0.26,0.13,0.26,Matches
248,Caoimhín Kelleher,ie IRL,GK,Liverpool,23-116,1998,2,2,180,2.0,0,0,0,0,0,0,0,0.00,0.00,0.00,0.00,0.00,0.0,0.0,0.0,0.0,0.00,0.00,0.00,0.00,0.00,Matches
249,Jonjoe Kenny,eng ENG,DF,Everton,25-004,1997,9,8,703,7.8,0,1,0,0,0,3,1,0.00,0.13,0.13,0.00,0.13,0.3,0.3,0.3,0.5,0.04,0.03,0.07,0.04,0.07,Matches
250,Max Kilman,eng ENG,DF,Wolves,24-300,1997,28,28,2507,27.9,1,0,1,0,0,3,0,0.04,0.00,0.04,0.04,0.04,1.0,1.0,0.0,1.0,0.03,0.00,0.04,0.03,0.04,Matches
251,Joshua King,no NOR,FW,Watford,30-063,1992,26,24,1967,21.9,5,3,4,1,1,4,0,0.23,0.14,0.37,0.18,0.32,7.7,6.9,3.1,10.0,0.35,0.14,0.49,0.32,0.46,Matches
252,Kristoffer Klaesson,no NOR,GK,Leeds United,21-112,2000,1,0,36,0.4,0,0,0,0,0,0,0,0.00,0.00,0.00,0.00,0.00,0.0,0.0,0.0,0.0,0.00,0.00,0.00,0.00,0.00,Matches
253,Mateusz Klich,pl POL,MF,Leeds United,31-279,1990,25,20,1650,18.3,1,2,1,0,0,4,0,0.05,0.11,0.16,0.05,0.16,2.3,2.3,2.0,4.4,0.13,0.11,0.24,0.13,0.24,Matches
254,Robin Koch,de GER,MFDF,Leeds United,25-245,1996,13,11,1012,11.2,0,0,0,0,0,3,0,0.00,0.00,0.00,0.00,0.00,0.4,0.4,0.5,1.0,0.04,0.05,0.09,0.04,0.09,Matches
255,Sead Kolašinac,ba BIH,DF,Arsenal,28-272,1993,2,1,91,1.0,0,0,0,0,0,1,0,0.00,0.00,0.00,0.00,0.00,0.0,0.0,0.0,0.0,0.00,0.00,0.00,0.00,0.00,Matches
256,Ibrahima Konaté,fr FRA,DF,Liverpool,22-298,1999,8,8,720,8.0,0,0,0,0,0,2,0,0.00,0.00,0.00,0.00,0.00,0.1,0.1,0.1,0.2,0.01,0.01,0.03,0.01,0.03,Matches
257,Ezri Konsa,eng ENG,DF,Aston Villa,24-147,1997,22,22,1888,21.0,2,0,2,0,0,5,2,0.10,0.00,0.10,0.10,0.10,1.4,1.4,0.3,1.7,0.07,0.01,0.08,0.07,0.08,Matches
258,Cheikhou Kouyaté,sn SEN,MF,Crystal Palace,32-088,1989,22,19,1665,18.5,0,1,0,0,0,2,0,0.00,0.05,0.05,0.00,0.05,0.5,0.5,0.7,1.2,0.03,0.04,0.06,0.03,0.06,Matches
259,Mateo Kovačić,hr CRO,MF,Chelsea,27-317,1994,20,13,1277,14.2,2,5,2,0,0,4,0,0.14,0.35,0.49,0.14,0.49,1.3,1.3,2.8,4.0,0.09,0.20,0.28,0.09,0.28,Matches
260,Emil Krafth,se SWE,DF,Newcastle Utd,27-229,1994,13,11,1033,11.5,0,1,0,0,0,4,0,0.00,0.09,0.09,0.00,0.09,0.2,0.2,0.6,0.8,0.02,0.05,0.07,0.02,0.07,Matches
261,Alex Král,cz CZE,MF,West Ham,23-304,1998,1,0,1,0.0,0,0,0,0,0,0,0,0.00,0.00,0.00,0.00,0.00,0.0,0.0,0.0,0.0,0.00,0.00,0.00,0.00,0.00,Matches
262,Tim Krul,nl NED,GK,Norwich City,33-350,1988,22,22,1980,22.0,0,0,0,0,0,1,0,0.00,0.00,0.00,0.00,0.00,0.0,0.0,0.4,0.4,0.00,0.02,0.02,0.00,0.02,Matches
263,Juraj Kucka,sk SVK,MF,Watford,35-021,1987,22,18,1586,17.6,1,1,1,0,0,4,1,0.06,0.06,0.11,0.06,0.11,2.0,2.0,1.0,3.0,0.12,0.06,0.17,0.12,0.17,Matches
264,Dejan Kulusevski,se SWE,MFFW,Tottenham,21-328,2000,8,6,591,6.6,2,4,2,0,0,1,0,0.30,0.61,0.91,0.30,0.91,2.2,2.2,1.8,4.0,0.34,0.27,0.61,0.34,0.61,Matches
265,Alexandre Lacazette,fr FRA,FWMF,Arsenal,30-295,1991,22,17,1452,16.1,4,7,2,2,3,0,0,0.25,0.43,0.68,0.12,0.56,7.6,5.3,1.9,7.2,0.47,0.12,0.59,0.33,0.44,Matches
266,Adam Lallana,eng ENG,MF,Brighton,33-313,1988,21,18,1514,16.8,0,1,0,0,0,4,0,0.00,0.06,0.06,0.00,0.06,1.2,1.2,0.7,1.9,0.07,0.04,0.11,0.07,0.11,Matches
267,Tariq Lamptey,eng ENG,DFFW,Brighton,21-170,2000,22,13,1277,14.2,0,2,0,0,0,2,0,0.00,0.14,0.14,0.00,0.14,0.6,0.6,1.8,2.4,0.04,0.13,0.17,0.04,0.17,Matches
268,Manuel Lanzini,ar ARG,MF,West Ham,29-032,1993,22,12,1240,13.8,4,2,2,2,2,2,0,0.29,0.15,0.44,0.15,0.29,2.5,1.0,1.9,2.9,0.18,0.14,0.32,0.07,0.21,Matches
269,Aymeric Laporte,es ESP,DF,Manchester City,27-296,1994,24,24,2080,23.1,3,0,3,0,0,5,1,0.13,0.00,0.13,0.13,0.13,3.5,3.5,0.3,3.8,0.15,0.01,0.16,0.15,0.16,Matches
270,Jamaal Lascelles,eng ENG,DF,Newcastle Utd,28-128,1993,20,19,1695,18.8,1,0,1,0,0,5,0,0.05,0.00,0.05,0.05,0.05,0.7,0.7,0.3,0.9,0.04,0.01,0.05,0.04,0.05,Matches
271,Pierre Lees-Melou,fr FRA,MF,Norwich City,28-298,1993,24,18,1606,17.8,0,0,0,0,0,4,0,0.00,0.00,0.00,0.00,0.00,1.1,1.1,1.3,2.4,0.06,0.07,0.14,0.06,0.14,Matches
272,Aaron Lennon,eng ENG,MFFW,Burnley,34-337,1987,18,12,1073,11.9,2,0,2,0,0,2,0,0.17,0.00,0.17,0.17,0.17,0.7,0.7,0.3,0.9,0.06,0.02,0.08,0.06,0.08,Matches
273,Bernd Leno,de GER,GK,Arsenal,30-015,1992,3,3,270,3.0,0,0,0,0,0,0,0,0.00,0.00,0.00,0.00,0.00,0.0,0.0,0.0,0.0,0.00,0.00,0.00,0.00,0.00,Matches
274,Jamal Lewis,nir NIR,DF,Newcastle Utd,24-053,1998,5,4,262,2.9,0,0,0,0,0,1,0,0.00,0.00,0.00,0.00,0.00,0.0,0.0,0.0,0.0,0.00,0.01,0.01,0.00,0.01,Matches
275,Victor Lindelöf,se SWE,DF,Manchester Utd,27-245,1994,20,18,1635,18.2,0,2,0,0,0,2,0,0.00,0.11,0.11,0.00,0.11,0.2,0.2,0.5,0.7,0.01,0.03,0.04,0.01,0.04,Matches
276,Jesse Lingard,eng ENG,FW,Manchester Utd,29-094,1992,13,1,210,2.3,2,0,2,0,0,1,0,0.86,0.00,0.86,0.86,0.86,0.3,0.3,0.2,0.5,0.15,0.08,0.23,0.15,0.23,Matches
277,Valentino Livramento,eng ENG,DF,Southampton,19-127,2002,23,22,1995,22.2,1,1,1,0,0,2,0,0.05,0.05,0.09,0.05,0.09,1.1,1.1,2.1,3.2,0.05,0.09,0.15,0.05,0.15,Matches
278,Diego Llorente,es ESP,DF,Leeds United,28-215,1993,21,21,1710,19.0,2,0,2,0,0,6,0,0.11,0.00,0.11,0.11,0.11,0.8,0.8,0.1,0.9,0.04,0.00,0.05,0.04,0.05,Matches
279,Hugo Lloris,fr FRA,GK,Tottenham,35-083,1986,28,28,2520,28.0,0,0,0,0,0,1,0,0.00,0.00,0.00,0.00,0.00,0.0,0.0,0.5,0.5,0.00,0.02,0.02,0.00,0.02,Matches
280,Giovani Lo Celso,ar ARG,MFFW,Tottenham,25-344,1996,9,2,238,2.6,0,0,0,0,0,0,0,0.00,0.00,0.00,0.00,0.00,0.7,0.7,0.6,1.4,0.28,0.24,0.52,0.28,0.52,Matches
281,Jürgen Locadia,nl NED,FW,Brighton,28-132,1993,1,0,23,0.3,0,0,0,0,0,0,0,0.00,0.00,0.00,0.00,0.00,0.1,0.1,0.0,0.1,0.45,0.00,0.45,0.45,0.45,Matches
282,Ruben Loftus-Cheek,eng ENG,MF,Chelsea,26-055,1996,15,7,780,8.7,0,2,0,0,0,1,0,0.00,0.23,0.23,0.00,0.23,0.9,0.9,0.9,1.8,0.11,0.10,0.21,0.11,0.21,Matches
283,Shane Long,ie IRL,FWMF,Southampton,35-056,1987,8,1,140,1.6,1,0,1,0,0,0,0,0.64,0.00,0.64,0.64,0.64,0.5,0.5,0.0,0.6,0.34,0.03,0.37,0.34,0.37,Matches
284,Sean Longstaff,eng ENG,MF,Newcastle Utd,24-140,1997,18,11,1100,12.2,1,1,1,0,0,1,0,0.08,0.08,0.16,0.08,0.16,1.1,1.1,0.4,1.5,0.09,0.03,0.12,0.09,0.12,Matches
285,Ademola Lookman,eng ENG,FWMF,Leicester City,24-150,1997,19,12,1139,12.7,4,0,4,0,0,2,0,0.32,0.00,0.32,0.32,0.32,3.8,3.8,1.8,5.6,0.30,0.14,0.44,0.30,0.44,Matches
286,Jonas Lössl,dk DEN,GK,Brentford,33-046,1989,2,2,180,2.0,0,0,0,0,0,0,0,0.00,0.00,0.00,0.00,0.00,0.0,0.0,0.0,0.0,0.00,0.00,0.00,0.00,0.00,Matches
287,Imran Louza,ma MAR,MF,Watford,22-322,1999,15,12,995,11.1,0,0,0,0,0,4,0,0.00,0.00,0.00,0.00,0.00,0.4,0.4,0.8,1.2,0.04,0.07,0.11,0.04,0.11,Matches
288,Matthew Lowton,eng ENG,DF,Burnley,32-283,1989,18,17,1515,16.8,1,2,1,0,0,2,0,0.06,0.12,0.18,0.06,0.18,0.5,0.5,1.2,1.8,0.03,0.07,0.10,0.03,0.10,Matches
289,Douglas Luiz,br BRA,MF,Aston Villa,23-314,1998,24,23,1973,21.9,1,3,1,0,0,6,0,0.05,0.14,0.18,0.05,0.18,1.2,1.2,2.0,3.2,0.06,0.09,0.15,0.06,0.15,Matches
290,Romelu Lukaku,be BEL,FW,Chelsea,28-310,1993,19,12,1212,13.5,5,0,5,0,0,0,0,0.37,0.00,0.37,0.37,0.37,4.5,4.5,2.2,6.7,0.34,0.16,0.50,0.34,0.50,Matches
291,Lyanco,br BRA,DF,Southampton,25-046,1997,11,5,551,6.1,0,0,0,0,0,2,0,0.00,0.00,0.00,0.00,0.00,0.2,0.2,0.1,0.3,0.03,0.02,0.05,0.03,0.05,Matches
292,Alexis Mac Allister,ar ARG,MFFW,Brighton,23-085,1998,24,13,1337,14.9,4,2,3,1,1,3,0,0.27,0.13,0.40,0.20,0.34,3.3,2.6,1.1,3.7,0.23,0.08,0.30,0.17,0.25,Matches
293,James Maddison,eng ENG,MFFW,Leicester City,25-116,1996,25,19,1629,18.1,7,3,7,0,0,2,0,0.39,0.17,0.55,0.39,0.55,5.5,5.5,2.7,8.2,0.30,0.15,0.45,0.30,0.45,Matches
294,Harry Maguire,eng ENG,DF,Manchester Utd,29-014,1993,24,23,2044,22.7,1,0,1,0,0,9,1,0.04,0.00,0.04,0.04,0.04,1.4,1.4,0.0,1.5,0.06,0.00,0.07,0.06,0.07,Matches
295,Riyad Mahrez,dz ALG,FW,Manchester City,31-026,1991,22,12,1213,13.5,10,4,6,4,4,0,0,0.74,0.30,1.04,0.45,0.74,8.2,5.2,3.2,8.3,0.61,0.23,0.84,0.38,0.62,Matches
296,Ainsley Maitland-Niles,eng ENG,MF,Arsenal,24-202,1997,8,2,268,3.0,0,0,0,0,0,0,0,0.00,0.00,0.00,0.00,0.00,0.0,0.0,0.3,0.4,0.01,0.12,0.13,0.01,0.13,Matches
297,Sadio Mané,sn SEN,FW,Liverpool,29-343,1992,26,25,2227,24.7,12,1,12,0,0,3,0,0.48,0.04,0.53,0.48,0.53,14.4,14.4,3.6,17.9,0.58,0.15,0.73,0.58,0.73,Matches
298,Javier Manquillo,es ESP,DF,Newcastle Utd,27-318,1994,18,14,1199,13.3,1,2,1,0,0,5,0,0.08,0.15,0.23,0.08,0.23,0.5,0.5,0.3,0.8,0.04,0.03,0.06,0.04,0.06,Matches
299,Fernando Marçal,br BRA,DF,Wolves,33-028,1989,16,15,1274,14.2,0,0,0,0,0,2,0,0.00,0.00,0.00,0.00,0.00,0.5,0.5,0.5,1.0,0.04,0.03,0.07,0.04,0.07,Matches
300,Solly March,eng ENG,DFFW,Brighton,27-242,1994,23,11,1239,13.8,0,1,0,0,0,1,0,0.00,0.07,0.07,0.00,0.07,1.0,1.0,1.8,2.8,0.07,0.13,0.21,0.07,0.21,Matches
301,Pablo Marí,es ESP,DF,Arsenal,28-200,1993,2,2,180,2.0,0,0,0,0,0,1,0,0.00,0.00,0.00,0.00,0.00,0.3,0.3,0.1,0.4,0.15,0.05,0.21,0.15,0.21,Matches
302,Anthony Martial,fr FRA,FW,Manchester Utd,26-104,1995,8,2,212,2.4,1,0,1,0,0,0,0,0.42,0.00,0.42,0.42,0.42,0.4,0.4,0.1,0.6,0.19,0.06,0.25,0.19,0.25,Matches
303,Martinelli,br BRA,FWMF,Arsenal,20-274,2001,19,15,1246,13.8,5,3,5,0,0,3,1,0.36,0.22,0.58,0.36,0.58,4.3,4.3,1.5,5.9,0.31,0.11,0.42,0.31,0.42,Matches
304,Emiliano Martínez,ar ARG,GK,Aston Villa,29-198,1992,27,27,2430,27.0,0,0,0,0,0,4,0,0.00,0.00,0.00,0.00,0.00,0.0,0.0,0.0,0.0,0.00,0.00,0.00,0.00,0.00,Matches
305,Adam Masina,ma MAR,DF,Watford,28-076,1994,11,11,866,9.6,0,0,0,0,0,0,0,0.00,0.00,0.00,0.00,0.00,0.2,0.2,0.5,0.7,0.02,0.05,0.08,0.02,0.08,Matches
306,Arthur Masuaku,cd COD,DFFW,West Ham,28-132,1993,11,4,505,5.6,1,1,1,0,0,1,0,0.18,0.18,0.36,0.18,0.36,0.1,0.1,0.9,1.0,0.02,0.16,0.17,0.02,0.17,Matches
307,Jean-Philippe Mateta,fr FRA,FW,Crystal Palace,24-264,1997,14,7,652,7.2,3,1,3,0,0,1,0,0.41,0.14,0.55,0.41,0.55,2.5,2.5,1.1,3.6,0.34,0.15,0.50,0.34,0.50,Matches
308,Nemanja Matić,rs SRB,MF,Manchester Utd,33-230,1988,15,10,916,10.2,0,2,0,0,0,2,0,0.00,0.20,0.20,0.00,0.20,0.1,0.1,0.9,1.0,0.01,0.08,0.10,0.01,0.10,Matches
309,Joël Matip,cm CMR,DF,Liverpool,30-223,1991,23,23,2070,23.0,1,2,1,0,0,1,0,0.04,0.09,0.13,0.04,0.13,1.9,1.9,0.8,2.7,0.08,0.03,0.12,0.08,0.12,Matches
310,Neal Maupay,fr FRA,FW,Brighton,25-217,1996,27,23,2047,22.7,8,2,7,1,1,6,0,0.35,0.09,0.44,0.31,0.40,6.2,5.4,2.1,7.5,0.27,0.09,0.36,0.24,0.33,Matches
311,Bryan Mbeumo,fr FRA,FW,Brentford,22-224,1999,26,25,2139,23.8,3,3,2,1,1,4,0,0.13,0.13,0.25,0.08,0.21,6.7,6.0,2.2,8.2,0.28,0.09,0.38,0.25,0.34,Matches
312,James McArthur,sct SCO,MF,Crystal Palace,34-163,1987,15,13,1165,12.9,0,2,0,0,0,3,0,0.00,0.15,0.15,0.00,0.15,0.3,0.3,0.9,1.2,0.02,0.07,0.09,0.02,0.09,Matches
313,James Mcatee,eng ENG,MFFW,Manchester City,19-152,2002,2,0,20,0.2,0,0,0,0,0,0,0,0.00,0.00,0.00,0.00,0.00,0.0,0.0,0.0,0.0,0.19,0.00,0.19,0.19,0.19,Matches
314,Kasey McAteer,eng ENG,FW,Leicester City,20-117,2001,1,0,3,0.0,0,0,0,0,0,0,0,0.00,0.00,0.00,0.00,0.00,0.0,0.0,0.0,0.0,0.00,0.00,0.00,0.00,0.00,Matches
315,Liam McCarron,sct SCO,FW,Leeds United,21-012,2001,1,0,10,0.1,0,0,0,0,0,0,0,0.00,0.00,0.00,0.00,0.00,0.0,0.0,0.0,0.0,0.00,0.00,0.00,0.00,0.00,Matches
316,Alex McCarthy,eng ENG,GK,Southampton,32-106,1989,15,15,1350,15.0,0,0,0,0,0,1,0,0.00,0.00,0.00,0.00,0.00,0.0,0.0,0.0,0.0,0.00,0.00,0.00,0.00,0.00,Matches
317,John McGinn,sct SCO,MF,Aston Villa,27-152,1994,25,25,2190,24.3,3,2,3,0,0,6,0,0.12,0.08,0.21,0.12,0.21,1.2,1.2,3.3,4.5,0.05,0.13,0.18,0.05,0.18,Matches
318,Stuart McKinstry,sct SCO,MF,Leeds United,19-182,2002,1,0,4,0.0,0,0,0,0,0,0,0,0.00,0.00,0.00,0.00,0.00,0.0,0.0,0.0,0.0,0.00,0.00,0.00,0.00,0.00,Matches
319,Kenny McLean,sct SCO,MF,Norwich City,30-070,1992,27,25,2365,26.3,1,0,1,0,0,2,0,0.04,0.00,0.04,0.04,0.04,1.8,1.8,0.5,2.3,0.07,0.02,0.09,0.07,0.09,Matches
320,Dwight McNeil,eng ENG,MF,Burnley,22-117,1999,27,26,2343,26.0,0,1,0,0,0,1,0,0.00,0.04,0.04,0.00,0.04,1.6,1.6,3.1,4.7,0.06,0.12,0.18,0.06,0.18,Matches
321,Scott McTominay,sct SCO,MF,Manchester Utd,25-101,1996,24,22,1883,20.9,1,1,1,0,0,8,0,0.05,0.05,0.10,0.05,0.10,0.9,0.9,1.4,2.2,0.04,0.07,0.11,0.04,0.11,Matches
322,Ben Mee,eng ENG,DF,Burnley,32-177,1989,21,21,1839,20.4,3,0,3,0,0,3,0,0.15,0.00,0.15,0.15,0.15,1.8,1.8,0.1,1.9,0.09,0.00,0.09,0.09,0.09,Matches
323,Benjamin Mendy,fr FRA,DF,Manchester City,27-245,1994,1,1,78,0.9,0,0,0,0,0,0,0,0.00,0.00,0.00,0.00,0.00,0.0,0.0,0.3,0.3,0.00,0.30,0.30,0.00,0.30,Matches
324,Edouard Mendy,sn SEN,GK,Chelsea,30-018,1992,24,24,2160,24.0,0,0,0,0,0,3,0,0.00,0.00,0.00,0.00,0.00,0.0,0.0,0.0,0.0,0.00,0.00,0.00,0.00,0.00,Matches
325,Nampalys Mendy,sn SEN,MF,Leicester City,29-269,1992,2,1,75,0.8,0,0,0,0,0,0,0,0.00,0.00,0.00,0.00,0.00,0.0,0.0,0.0,0.0,0.00,0.00,0.00,0.00,0.00,Matches
326,Illan Meslier,fr FRA,GK,Leeds United,22-017,2000,30,30,2664,29.6,0,0,0,0,0,2,0,0.00,0.00,0.00,0.00,0.00,0.0,0.0,0.0,0.0,0.00,0.00,0.00,0.00,0.00,Matches
327,Luka Milivojević,rs SRB,MF,Crystal Palace,30-346,1991,12,8,652,7.2,0,0,0,0,0,1,0,0.00,0.00,0.00,0.00,0.00,0.2,0.2,0.6,0.8,0.03,0.08,0.12,0.03,0.12,Matches
328,James Milner,eng ENG,MFDF,Liverpool,36-074,1986,19,7,635,7.1,0,1,0,0,0,2,0,0.00,0.14,0.14,0.00,0.14,0.2,0.2,1.4,1.7,0.03,0.20,0.24,0.03,0.24,Matches
329,Yerry Mina,co COL,DF,Everton,27-177,1994,10,8,649,7.2,0,0,0,0,0,2,0,0.00,0.00,0.00,0.00,0.00,0.3,0.3,0.0,0.3,0.04,0.00,0.04,0.04,0.04,Matches
330,Takumi Minamino,jp JPN,FWMF,Liverpool,27-062,1995,10,0,96,1.1,2,0,2,0,0,1,0,1.87,0.00,1.87,1.87,1.87,1.5,1.5,0.4,1.9,1.40,0.42,1.82,1.40,1.82,Matches
331,Tyrone Mings,eng ENG,DF,Aston Villa,29-006,1993,26,25,2289,25.4,1,3,1,0,0,8,0,0.04,0.12,0.16,0.04,0.16,1.2,1.2,1.2,2.4,0.05,0.05,0.09,0.05,0.09,Matches
332,Tyrick Mitchell,eng ENG,DF,Crystal Palace,22-199,1999,29,29,2600,28.9,0,2,0,0,0,0,0,0.00,0.07,0.07,0.00,0.07,0.3,0.3,1.2,1.4,0.01,0.04,0.05,0.01,0.05,Matches
333,Jakub Moder,pl POL,MFFW,Brighton,22-346,1999,27,19,1696,18.8,0,3,0,0,0,1,0,0.00,0.16,0.16,0.00,0.16,2.4,2.4,1.7,4.1,0.13,0.09,0.22,0.13,0.22,Matches
334,Wesley Moraes,br BRA,FW,Aston Villa,25-113,1996,1,0,1,0.0,0,0,0,0,0,0,0,0.00,0.00,0.00,0.00,0.00,0.0,0.0,0.0,0.0,0.00,0.00,0.00,0.00,0.00,Matches
335,Tyler Morton,eng ENG,MF,Liverpool,19-139,2002,2,1,66,0.7,0,0,0,0,0,1,0,0.00,0.00,0.00,0.00,0.00,0.0,0.0,0.0,0.0,0.00,0.00,0.00,0.00,0.00,Matches
336,Mason Mount,eng ENG,MFFW,Chelsea,23-068,1999,24,19,1667,18.5,8,7,7,1,1,2,0,0.43,0.38,0.81,0.38,0.76,6.7,6.0,4.7,10.7,0.36,0.26,0.62,0.32,0.58,Matches
337,Lucas Moura,br BRA,FWMF,Tottenham,29-218,1992,25,17,1540,17.1,2,4,2,0,0,3,0,0.12,0.23,0.35,0.12,0.35,3.3,3.3,3.1,6.4,0.20,0.18,0.37,0.20,0.37,Matches
338,João Moutinho,pt POR,MF,Wolves,35-192,1986,27,26,2256,25.1,2,1,2,0,0,2,0,0.08,0.04,0.12,0.08,0.12,0.8,0.8,2.2,3.0,0.03,0.09,0.12,0.03,0.12,Matches
339,Bali Mumba,eng ENG,DF,Norwich City,20-162,2001,1,0,45,0.5,0,0,0,0,0,0,0,0.00,0.00,0.00,0.00,0.00,0.0,0.0,0.0,0.0,0.00,0.00,0.00,0.00,0.00,Matches
340,Jacob Murphy,eng ENG,DFFW,Newcastle Utd,27-023,1995,24,12,1219,13.5,1,1,1,0,0,4,0,0.07,0.07,0.15,0.07,0.15,2.1,2.1,1.7,3.7,0.15,0.12,0.28,0.15,0.28,Matches
341,Enock Mwepu,zm ZAM,MF,Brighton,24-077,1998,11,7,639,7.1,1,3,1,0,0,1,0,0.14,0.42,0.56,0.14,0.56,1.4,1.4,1.1,2.5,0.20,0.16,0.36,0.20,0.36,Matches
342,Vitaliy Mykolenko,ua UKR,DF,Everton,22-294,1999,3,2,180,2.0,0,0,0,0,0,0,0,0.00,0.00,0.00,0.00,0.00,0.0,0.0,0.2,0.2,0.00,0.10,0.10,0.00,0.10,Matches
343,Marvelous Nakamba,zw ZIM,MF,Aston Villa,28-059,1994,12,8,758,8.4,0,0,0,0,0,4,0,0.00,0.00,0.00,0.00,0.00,0.0,0.0,0.1,0.1,0.00,0.01,0.01,0.00,0.01,Matches
344,Wilfred Ndidi,ng NGA,MFDF,Leicester City,25-093,1996,19,18,1618,18.0,0,0,0,0,0,4,0,0.00,0.00,0.00,0.00,0.00,1.0,1.0,0.0,1.0,0.06,0.00,0.06,0.06,0.06,Matches
345,Tanguy Ndombele,fr FRA,MF,Tottenham,25-081,1996,9,6,484,5.4,1,1,1,0,0,1,0,0.19,0.19,0.37,0.19,0.37,0.5,0.5,0.4,0.9,0.09,0.07,0.16,0.09,0.16,Matches
346,Reiss Nelson,eng ENG,FW,Arsenal,22-099,1999,1,0,20,0.2,0,0,0,0,0,0,0,0.00,0.00,0.00,0.00,0.00,0.0,0.0,0.0,0.1,0.16,0.18,0.35,0.16,0.35,Matches
347,Pedro Neto,pt POR,MFFW,Wolves,22-010,2000,5,1,133,1.5,0,0,0,0,0,0,0,0.00,0.00,0.00,0.00,0.00,0.4,0.4,0.2,0.6,0.27,0.12,0.39,0.27,0.39,Matches
348,Rúben Neves,pt POR,MF,Wolves,25-006,1997,28,26,2270,25.2,4,2,4,0,0,9,0,0.16,0.08,0.24,0.16,0.24,1.1,1.1,1.7,2.8,0.04,0.07,0.11,0.04,0.11,Matches
349,Jeremy Ngakia,eng ENG,DF,Watford,21-193,2000,13,6,633,7.0,0,0,0,0,0,0,0,0.00,0.00,0.00,0.00,0.00,0.1,0.1,0.3,0.4,0.01,0.04,0.05,0.01,0.05,Matches
350,Saúl Ñíguez,es ESP,DFMF,Chelsea,27-118,1994,8,4,345,3.8,0,0,0,0,0,1,0,0.00,0.00,0.00,0.00,0.00,0.1,0.1,0.2,0.4,0.04,0.06,0.10,0.04,0.10,Matches
351,Eddie Nketiah,eng ENG,FWMF,Arsenal,22-293,1999,10,0,112,1.2,0,1,0,0,0,1,0,0.00,0.80,0.80,0.00,0.80,0.4,0.4,0.7,1.1,0.32,0.55,0.87,0.32,0.87,Matches
352,Nicolas Nkoulou,cm CMR,DF,Watford,31-357,1990,3,2,168,1.9,0,0,0,0,0,0,0,0.00,0.00,0.00,0.00,0.00,0.0,0.0,0.0,0.0,0.00,0.01,0.01,0.00,0.01,Matches
353,Mark Noble,eng ENG,MF,West Ham,34-315,1987,5,1,126,1.4,1,0,0,1,2,0,0,0.71,0.00,0.71,0.00,0.00,1.5,0.0,0.2,0.2,1.09,0.14,1.22,0.00,0.14,Matches
354,Mathias Normann,no NOR,MF,Norwich City,25-295,1996,16,13,1069,11.9,1,1,1,0,0,4,0,0.08,0.08,0.17,0.08,0.17,0.8,0.8,0.4,1.2,0.06,0.04,0.10,0.06,0.10,Matches
355,Christian Nørgaard,dk DEN,MF,Brentford,28-009,1994,28,28,2444,27.2,2,2,2,0,0,6,0,0.07,0.07,0.15,0.07,0.15,2.8,2.8,2.2,5.0,0.10,0.08,0.18,0.10,0.18,Matches
356,Angelo Ogbonna,it ITA,DF,West Ham,33-300,1988,11,11,921,10.2,1,0,1,0,0,1,0,0.10,0.00,0.10,0.10,0.10,0.3,0.3,0.0,0.3,0.03,0.00,0.03,0.03,0.03,Matches
357,Michael Olise,fr FRA,FWMF,Crystal Palace,20-097,2001,22,10,971,10.8,2,5,2,0,0,3,0,0.19,0.46,0.65,0.19,0.65,1.2,1.2,3.0,4.2,0.11,0.27,0.39,0.11,0.39,Matches
358,Andrew Omobamidele,ie IRL,DF,Norwich City,19-269,2002,5,4,382,4.2,1,0,1,0,0,1,0,0.24,0.00,0.24,0.24,0.24,0.3,0.3,0.0,0.3,0.08,0.00,0.08,0.08,0.08,Matches
359,Tyler Onyango,eng ENG,MFFW,Everton,19-015,2003,3,0,28,0.3,0,0,0,0,0,0,0,0.00,0.00,0.00,0.00,0.00,0.0,0.0,0.0,0.0,0.10,0.00,0.10,0.10,0.10,Matches
360,Frank Onyeka,ng NGA,MF,Brentford,24-077,1998,20,12,1045,11.6,0,0,0,0,0,4,0,0.00,0.00,0.00,0.00,0.00,1.1,1.1,0.2,1.3,0.10,0.02,0.11,0.10,0.11,Matches
361,Divock Origi,be BEL,FW,Liverpool,26-335,1995,5,0,76,0.8,2,0,2,0,0,0,0,2.37,0.00,2.37,2.37,2.37,0.8,0.8,0.0,0.8,1.01,0.00,1.01,1.01,1.01,Matches
362,Alex Oxlade-Chamberlain,eng ENG,MFFW,Liverpool,28-216,1993,17,9,785,8.7,2,1,2,0,0,0,0,0.23,0.11,0.34,0.23,0.34,1.2,1.2,0.9,2.1,0.14,0.11,0.24,0.14,0.24,Matches
363,Cole Palmer,eng ENG,FWMF,Manchester City,19-317,2002,4,1,123,1.4,0,0,0,0,0,0,0,0.00,0.00,0.00,0.00,0.00,0.3,0.3,0.2,0.5,0.23,0.17,0.39,0.23,0.39,Matches
364,Emerson Palmieri,it ITA,DF,Chelsea,27-228,1994,1,0,5,0.1,0,0,0,0,0,0,0,0.00,0.00,0.00,0.00,0.00,0.0,0.0,0.0,0.0,0.00,0.00,0.00,0.00,0.00,Matches
365,Thomas Partey,gh GHA,MF,Arsenal,28-279,1993,22,21,1864,20.7,2,1,2,0,0,4,0,0.10,0.05,0.14,0.10,0.14,2.4,2.4,1.2,3.6,0.11,0.06,0.17,0.11,0.17,Matches
366,João Pedro,br BRA,FWMF,Watford,20-174,2001,20,8,1021,11.3,2,1,2,0,0,1,0,0.18,0.09,0.26,0.18,0.26,2.3,2.3,2.0,4.3,0.20,0.18,0.38,0.20,0.38,Matches
367,Nicolas Pépé,ci CIV,FWMF,Arsenal,26-294,1995,14,5,582,6.5,1,1,1,0,0,0,0,0.15,0.15,0.31,0.15,0.31,2.5,2.5,1.6,4.2,0.39,0.25,0.64,0.39,0.64,Matches
368,Ricardo Pereira,pt POR,DF,Leicester City,28-164,1993,12,12,880,9.8,1,2,1,0,0,3,0,0.10,0.20,0.31,0.10,0.31,0.7,0.7,1.2,1.8,0.07,0.12,0.19,0.07,0.19,Matches
369,Ayoze Pérez,es ESP,FWMF,Leicester City,28-239,1993,8,3,220,2.4,0,2,0,0,0,0,1,0.00,0.82,0.82,0.00,0.82,1.0,1.0,0.7,1.7,0.43,0.27,0.69,0.43,0.69,Matches
370,Sonny Perkins,eng ENG,FW,West Ham,18-037,2004,1,0,4,0.0,0,0,0,0,0,0,0,0.00,0.00,0.00,0.00,0.00,0.0,0.0,0.0,0.0,0.00,0.00,0.00,0.00,0.00,Matches
371,Romain Perraud,fr FRA,DF,Southampton,24-178,1997,15,14,1209,13.4,0,1,0,0,0,2,0,0.00,0.07,0.07,0.00,0.07,0.7,0.7,0.5,1.1,0.05,0.04,0.09,0.05,0.09,Matches
372,Kalvin Phillips,eng ENG,MF,Leeds United,26-107,1995,12,12,999,11.1,0,1,0,0,0,2,0,0.00,0.09,0.09,0.00,0.09,0.5,0.5,0.2,0.7,0.05,0.02,0.06,0.05,0.06,Matches
373,Jaden Philogene Bidace,eng ENG,FW,Aston Villa,19-305,2002,1,0,5,0.1,0,0,0,0,0,0,0,0.00,0.00,0.00,0.00,0.00,0.0,0.0,0.0,0.0,0.00,0.00,0.00,0.00,0.00,Matches
374,Jordan Pickford,eng ENG,GK,Everton,28-012,1994,25,25,2250,25.0,0,0,0,0,0,1,0,0.00,0.00,0.00,0.00,0.00,0.0,0.0,0.1,0.1,0.00,0.00,0.00,0.00,0.00,Matches
375,Erik Pieters,nl NED,DF,Burnley,33-224,1988,11,8,711,7.9,0,0,0,0,0,1,0,0.00,0.00,0.00,0.00,0.00,0.2,0.2,0.0,0.2,0.02,0.00,0.02,0.02,0.02,Matches
376,Ethan Pinnock,jm JAM,DF,Brentford,28-294,1993,28,28,2404,26.7,1,1,1,0,0,0,0,0.04,0.04,0.07,0.04,0.07,1.5,1.5,1.2,2.8,0.06,0.05,0.10,0.06,0.10,Matches
377,Daniel Podence,pt POR,FWMF,Wolves,26-149,1995,24,14,1401,15.6,2,3,2,0,0,2,0,0.13,0.19,0.32,0.13,0.32,1.8,1.8,3.7,5.5,0.12,0.23,0.35,0.12,0.35,Matches
378,Paul Pogba,fr FRA,MFFW,Manchester Utd,29-004,1993,16,13,1138,12.6,1,9,1,0,0,6,1,0.08,0.71,0.79,0.08,0.79,2.4,2.4,3.5,5.9,0.19,0.28,0.47,0.19,0.47,Matches
379,Nick Pope,eng ENG,GK,Burnley,29-334,1992,25,25,2250,25.0,0,0,0,0,0,0,0,0.00,0.00,0.00,0.00,0.00,0.0,0.0,0.2,0.2,0.00,0.01,0.01,0.00,0.01,Matches
380,Teemu Pukki,fi FIN,FW,Norwich City,31-355,1990,28,28,2445,27.2,8,2,5,3,3,4,0,0.29,0.07,0.37,0.18,0.26,7.4,5.2,1.5,6.7,0.27,0.06,0.33,0.19,0.25,Matches
381,Christian Pulisic,us USA,MFFW,Chelsea,23-182,1998,15,10,949,10.5,4,1,4,0,0,2,0,0.38,0.09,0.47,0.38,0.47,3.6,3.6,0.7,4.3,0.34,0.07,0.41,0.34,0.41,Matches
382,Przemysław Płacheta,pl POL,FWMF,Norwich City,23-361,1998,9,6,443,4.9,0,0,0,0,0,1,0,0.00,0.00,0.00,0.00,0.00,0.5,0.5,0.3,0.8,0.10,0.06,0.16,0.10,0.16,Matches
383,Jesuran Rak Sakyi,eng ENG,MF,Crystal Palace,19-165,2002,1,0,14,0.2,0,0,0,0,0,0,0,0.00,0.00,0.00,0.00,0.00,0.0,0.0,0.0,0.0,0.00,0.00,0.00,0.00,0.00,Matches
384,Aaron Ramsdale,eng ENG,GK,Arsenal,23-309,1998,24,24,2160,24.0,0,0,0,0,0,1,0,0.00,0.00,0.00,0.00,0.00,0.0,0.0,0.0,0.0,0.00,0.00,0.00,0.00,0.00,Matches
385,Jacob Ramsey,eng ENG,MF,Aston Villa,20-295,2001,26,22,1862,20.7,6,1,6,0,0,4,0,0.29,0.05,0.34,0.29,0.34,3.1,3.1,1.9,5.0,0.15,0.09,0.24,0.15,0.24,Matches
386,Marcus Rashford,eng ENG,FWMF,Manchester Utd,24-139,1997,19,10,937,10.4,4,2,4,0,0,2,0,0.38,0.19,0.58,0.38,0.58,2.3,2.3,2.0,4.3,0.22,0.19,0.41,0.22,0.41,Matches
387,Milot Rashica,xk KVX,FWMF,Norwich City,25-264,1996,23,17,1618,18.0,1,2,1,0,0,0,0,0.06,0.11,0.17,0.06,0.17,2.0,2.0,2.0,4.1,0.11,0.11,0.23,0.11,0.23,Matches
388,David Raya,es ESP,GK,Brentford,26-185,1995,15,15,1350,15.0,0,0,0,0,0,0,0,0.00,0.00,0.00,0.00,0.00,0.0,0.0,0.0,0.0,0.00,0.00,0.00,0.00,0.00,Matches
389,Nathan Redmond,eng ENG,MFFW,Southampton,28-013,1994,20,15,1357,15.1,0,5,0,0,0,0,0,0.00,0.33,0.33,0.00,0.33,1.8,1.8,3.6,5.5,0.12,0.24,0.36,0.12,0.36,Matches
390,Sergio Reguilón,es ESP,DF,Tottenham,25-093,1996,22,20,1669,18.5,2,3,2,0,0,4,0,0.11,0.16,0.27,0.11,0.27,2.8,2.8,3.9,6.7,0.15,0.21,0.36,0.15,0.36,Matches
391,Declan Rice,eng ENG,MF,West Ham,23-064,1999,27,27,2430,27.0,1,4,1,0,0,7,0,0.04,0.15,0.19,0.04,0.19,0.8,0.8,1.8,2.6,0.03,0.07,0.09,0.03,0.09,Matches
392,Taylor Richards,eng ENG,MFFW,Brighton,21-105,2000,2,0,25,0.3,0,0,0,0,0,0,0,0.00,0.00,0.00,0.00,0.00,0.0,0.0,0.0,0.0,0.14,0.00,0.14,0.14,0.14,Matches
393,Richarlison,br BRA,FWMF,Everton,24-313,1997,20,18,1635,18.2,4,3,4,0,0,6,0,0.22,0.17,0.39,0.22,0.39,4.2,4.2,1.9,6.1,0.23,0.10,0.34,0.23,0.34,Matches
394,Jaïro Riedewald,nl NED,MF,Crystal Palace,25-191,1996,3,1,118,1.3,0,0,0,0,0,0,0,0.00,0.00,0.00,0.00,0.00,0.0,0.0,0.1,0.1,0.00,0.06,0.06,0.00,0.06,Matches
395,Matt Ritchie,sct SCO,DF,Newcastle Utd,32-190,1989,16,14,1318,14.6,0,2,0,0,0,5,0,0.00,0.14,0.14,0.00,0.14,0.4,0.4,1.6,2.1,0.03,0.11,0.14,0.03,0.14,Matches
396,Connor Roberts,wls WAL,DF,Burnley,26-177,1995,11,10,916,10.2,0,1,0,0,0,1,0,0.00,0.10,0.10,0.00,0.10,0.1,0.1,0.3,0.4,0.01,0.03,0.04,0.01,0.04,Matches
397,Tyler Roberts,wls WAL,MFFW,Leeds United,23-066,1999,23,7,987,11.0,1,1,1,0,0,5,0,0.09,0.09,0.18,0.09,0.18,2.4,2.4,1.2,3.7,0.22,0.11,0.34,0.22,0.34,Matches
398,Andrew Robertson,sct SCO,DF,Liverpool,28-008,1994,22,22,1934,21.5,1,10,1,0,0,4,1,0.05,0.47,0.51,0.05,0.51,1.4,1.4,4.9,6.3,0.07,0.23,0.29,0.07,0.29,Matches
399,Joe Rodon,wls WAL,DF,Tottenham,24-148,1997,1,0,79,0.9,0,0,0,0,0,0,0,0.00,0.00,0.00,0.00,0.00,0.0,0.0,0.0,0.0,0.00,0.00,0.00,0.00,0.00,Matches
400,Rodri,es ESP,MF,Manchester City,25-270,1996,24,24,2102,23.4,3,1,3,0,0,5,0,0.13,0.04,0.17,0.13,0.17,1.6,1.6,1.2,2.8,0.07,0.05,0.12,0.07,0.12,Matches
401,Rodrigo,es ESP,MFFW,Leeds United,31-013,1991,23,20,1629,18.1,5,1,4,1,1,8,0,0.28,0.06,0.33,0.22,0.28,3.9,3.1,3.8,6.9,0.21,0.21,0.42,0.17,0.38,Matches
402,Jay Rodriguez,eng ENG,FW,Burnley,32-233,1989,23,8,946,10.5,1,2,1,0,0,3,0,0.10,0.19,0.29,0.10,0.29,2.5,2.5,1.8,4.4,0.24,0.18,0.42,0.24,0.42,Matches
403,Mads Roerslev,dk DEN,DF,Brentford,22-268,1999,15,9,921,10.2,1,1,1,0,0,1,0,0.10,0.10,0.20,0.10,0.20,0.3,0.3,0.6,0.9,0.03,0.06,0.09,0.03,0.09,Matches
404,Cristian Romero,ar ARG,DF,Tottenham,23-326,1998,15,14,1214,13.5,1,0,1,0,0,8,0,0.07,0.00,0.07,0.07,0.07,0.6,0.6,0.3,0.9,0.04,0.02,0.07,0.04,0.07,Matches
405,Oriol Romeu,es ESP,MF,Southampton,30-176,1991,27,27,2314,25.7,1,1,1,0,0,8,0,0.04,0.04,0.08,0.04,0.08,0.9,0.9,2.1,3.0,0.04,0.08,0.12,0.04,0.12,Matches
406,Cristiano Ronaldo,pt POR,FW,Manchester Utd,37-042,1985,24,21,1916,21.3,12,3,10,2,2,5,0,0.56,0.14,0.70,0.47,0.61,13.3,11.8,2.7,14.5,0.63,0.13,0.75,0.55,0.68,Matches
407,Salomón Rondón,ve VEN,FW,Everton,32-184,1989,14,8,715,7.9,1,0,1,0,0,2,0,0.13,0.00,0.13,0.13,0.13,2.0,2.0,0.6,2.6,0.26,0.08,0.33,0.26,0.33,Matches
408,Danny Rose,eng ENG,DF,Watford,31-260,1990,8,7,689,7.7,0,0,0,0,0,4,0,0.00,0.00,0.00,0.00,0.00,0.2,0.2,0.8,0.9,0.02,0.10,0.12,0.02,0.12,Matches
409,Jon Rowe,eng ENG,FWMF,Norwich City,18-323,2003,7,0,104,1.2,0,1,0,0,0,0,0,0.00,0.87,0.87,0.00,0.87,0.2,0.2,0.2,0.4,0.21,0.14,0.35,0.21,0.35,Matches
410,Antonio Rüdiger,de GER,DF,Chelsea,29-016,1993,26,26,2340,26.0,2,0,2,0,0,6,0,0.08,0.00,0.08,0.08,0.08,1.9,1.9,1.1,2.9,0.07,0.04,0.11,0.07,0.11,Matches
411,Lukas Rupp,de GER,MF,Norwich City,31-070,1991,13,6,586,6.5,0,0,0,0,0,0,0,0.00,0.00,0.00,0.00,0.00,0.7,0.7,1.2,1.9,0.11,0.18,0.28,0.11,0.28,Matches
412,José Sá,pt POR,GK,Wolves,29-061,1993,30,30,2700,30.0,0,1,0,0,0,3,0,0.00,0.03,0.03,0.00,0.03,0.0,0.0,1.0,1.0,0.00,0.03,0.03,0.00,0.03,Matches
413,Allan Saint-Maximin,fr FRA,FWMF,Newcastle Utd,25-007,1997,26,22,2044,22.7,5,3,5,0,0,4,0,0.22,0.13,0.35,0.22,0.35,4.0,4.0,4.5,8.6,0.18,0.20,0.38,0.18,0.38,Matches
414,Romain Saïss,ma MAR,DF,Wolves,31-358,1990,28,28,2468,27.4,2,0,2,0,0,5,0,0.07,0.00,0.07,0.07,0.07,2.3,2.3,0.3,2.5,0.08,0.01,0.09,0.08,0.09,Matches
415,Bukayo Saka,eng ENG,FWMF,Arsenal,20-195,2001,27,25,2068,23.0,8,5,8,0,0,4,0,0.35,0.22,0.57,0.35,0.57,6.2,6.2,4.8,10.9,0.27,0.21,0.48,0.27,0.48,Matches
416,Mohamed Salah,eg EGY,FW,Liverpool,29-277,1992,27,25,2260,25.1,20,10,15,5,6,1,0,0.80,0.40,1.19,0.60,1.00,18.9,14.1,8.5,22.7,0.75,0.34,1.09,0.56,0.90,Matches
417,Mohammed Salisu,gh GHA,DF,Southampton,22-336,1999,27,26,2342,26.0,0,0,0,0,0,10,1,0.00,0.00,0.00,0.00,0.00,1.7,1.7,0.5,2.2,0.07,0.02,0.08,0.07,0.08,Matches
418,Albert Sambi Lokonga,be BEL,MF,Arsenal,22-148,1999,14,10,909,10.1,0,0,0,0,0,4,0,0.00,0.00,0.00,0.00,0.00,0.5,0.5,0.6,1.1,0.05,0.06,0.11,0.05,0.11,Matches
419,Davinson Sánchez,co COL,DF,Tottenham,25-280,1996,18,14,1331,14.8,2,0,2,0,0,4,0,0.14,0.00,0.14,0.14,0.14,2.0,2.0,0.1,2.2,0.14,0.01,0.15,0.14,0.15,Matches
420,Robert Sánchez,es ESP,GK,Brighton,24-121,1997,28,28,2519,28.0,0,0,0,0,0,2,1,0.00,0.00,0.00,0.00,0.00,0.0,0.0,0.4,0.4,0.00,0.01,0.01,0.00,0.01,Matches
421,Jadon Sancho,eng ENG,FWMF,Manchester Utd,21-359,2000,24,16,1495,16.6,3,3,3,0,0,0,0,0.18,0.18,0.36,0.18,0.36,2.9,2.9,3.8,6.7,0.17,0.23,0.40,0.17,0.40,Matches
422,Morgan Sanson,fr FRA,MF,Aston Villa,27-213,1994,9,2,285,3.2,0,0,0,0,0,0,0,0.00,0.00,0.00,0.00,0.00,0.0,0.0,0.0,0.0,0.00,0.01,0.01,0.00,0.01,Matches
423,Samir Santos,br BRA,DF,Watford,27-104,1994,11,11,989,11.0,0,0,0,0,0,3,0,0.00,0.00,0.00,0.00,0.00,0.2,0.2,0.0,0.2,0.02,0.00,0.02,0.02,0.02,Matches
424,Josh Sargent,us USA,FWMF,Norwich City,22-027,2000,25,18,1558,17.3,2,1,2,0,0,1,0,0.12,0.06,0.17,0.12,0.17,2.7,2.7,0.7,3.5,0.16,0.04,0.20,0.16,0.20,Matches
425,Jeremy Sarmiento,ec ECU,FW,Brighton,19-276,2002,2,1,21,0.2,0,0,0,0,0,0,0,0.00,0.00,0.00,0.00,0.00,0.0,0.0,0.0,0.0,0.00,0.00,0.00,0.00,0.00,Matches
426,Ismaila Sarr,sn SEN,FWMF,Watford,24-022,1998,16,15,1344,14.9,5,1,5,0,1,2,0,0.33,0.07,0.40,0.33,0.40,3.5,2.8,2.2,5.0,0.24,0.15,0.38,0.19,0.33,Matches
427,Malang Sarr,fr FRA,DF,Chelsea,23-055,1999,5,5,420,4.7,0,0,0,0,0,1,0,0.00,0.00,0.00,0.00,0.00,0.0,0.0,0.3,0.4,0.01,0.07,0.08,0.01,0.08,Matches
428,Dane Scarlett,eng ENG,MF,Tottenham,17-360,2004,1,0,4,0.0,0,0,0,0,0,0,0,0.00,0.00,0.00,0.00,0.00,0.0,0.0,0.0,0.0,0.00,0.00,0.00,0.00,0.00,Matches
429,Fabian Schär,ch SUI,DF,Newcastle Utd,30-089,1991,19,19,1690,18.8,1,2,1,0,0,3,0,0.05,0.11,0.16,0.05,0.16,1.2,1.2,0.4,1.6,0.06,0.02,0.09,0.06,0.09,Matches
430,Jeffrey Schlupp,gh GHA,MFFW,Crystal Palace,29-086,1992,23,14,1292,14.4,3,1,3,0,0,1,0,0.21,0.07,0.28,0.21,0.28,1.9,1.9,1.1,3.0,0.13,0.07,0.21,0.13,0.21,Matches
431,Kasper Schmeichel,dk DEN,GK,Leicester City,35-134,1986,26,26,2340,26.0,0,0,0,0,0,1,0,0.00,0.00,0.00,0.00,0.00,0.0,0.0,0.0,0.0,0.00,0.00,0.00,0.00,0.00,Matches
432,Ken Sema,se SWE,MFFW,Watford,28-170,1993,14,4,553,6.1,0,0,0,0,0,1,0,0.00,0.00,0.00,0.00,0.00,0.1,0.1,0.6,0.7,0.01,0.10,0.11,0.01,0.11,Matches
433,Nélson Semedo,pt POR,DF,Wolves,28-123,1993,23,23,1989,22.1,0,1,0,0,0,1,0,0.00,0.05,0.05,0.00,0.05,1.3,1.3,1.1,2.4,0.06,0.05,0.11,0.06,0.11,Matches
434,Ryan Sessegnon,eng ENG,DFMF,Tottenham,21-305,2000,9,7,537,6.0,0,1,0,0,0,1,0,0.00,0.17,0.17,0.00,0.17,0.2,0.2,0.8,0.9,0.03,0.13,0.16,0.03,0.16,Matches
435,Jamie Shackleton,eng ENG,DFMF,Leeds United,22-162,1999,13,7,686,7.6,0,0,0,0,0,4,0,0.00,0.00,0.00,0.00,0.00,0.2,0.2,0.0,0.2,0.02,0.01,0.03,0.02,0.03,Matches
436,Luke Shaw,eng ENG,DF,Manchester Utd,26-250,1995,19,18,1556,17.3,0,3,0,0,0,7,0,0.00,0.17,0.17,0.00,0.17,0.2,0.2,3.1,3.3,0.01,0.18,0.19,0.01,0.19,Matches
437,Jonjo Shelvey,eng ENG,MF,Newcastle Utd,30-020,1992,19,17,1533,17.0,2,1,2,0,0,7,1,0.12,0.06,0.18,0.12,0.18,0.8,0.8,0.7,1.5,0.05,0.04,0.09,0.05,0.09,Matches
438,Francisco Sierralta,cl CHI,DF,Watford,24-317,1997,5,5,427,4.7,0,0,0,0,0,0,0,0.00,0.00,0.00,0.00,0.00,0.0,0.0,0.0,0.0,0.01,0.00,0.01,0.01,0.01,Matches
439,Bernardo Silva,pt POR,MFFW,Manchester City,27-221,1994,28,28,2406,26.7,7,2,7,0,0,5,0,0.26,0.07,0.34,0.26,0.34,6.4,6.4,4.5,10.9,0.24,0.17,0.41,0.24,0.41,Matches
440,Fábio Silva,pt POR,FWMF,Wolves,19-243,2002,17,2,265,2.9,0,0,0,0,0,0,0,0.00,0.00,0.00,0.00,0.00,1.0,1.0,0.1,1.1,0.33,0.03,0.36,0.33,0.36,Matches
441,Thiago Silva,br BRA,DF,Chelsea,37-178,1984,23,20,1913,21.3,3,0,3,0,0,2,0,0.14,0.00,0.14,0.14,0.14,0.7,0.7,0.1,0.8,0.03,0.01,0.04,0.03,0.04,Matches
442,Ellis Simms,eng ENG,FW,Everton,21-073,2001,1,1,61,0.7,0,0,0,0,0,0,0,0.00,0.00,0.00,0.00,0.00,0.0,0.0,0.0,0.0,0.00,0.00,0.00,0.00,0.00,Matches
443,Moussa Sissoko,fr FRA,MF,Watford,32-215,1989,27,27,2410,26.8,2,1,2,0,0,4,0,0.07,0.04,0.11,0.07,0.11,2.4,2.4,2.4,4.8,0.09,0.09,0.18,0.09,0.18,Matches
444,Oliver Skipp,eng ENG,MF,Tottenham,21-184,2000,18,14,1350,15.0,0,0,0,0,0,6,0,0.00,0.00,0.00,0.00,0.00,0.2,0.2,0.9,1.1,0.01,0.06,0.07,0.01,0.07,Matches
445,William Smallbone,ie IRL,MFFW,Southampton,22-026,2000,2,2,114,1.3,0,0,0,0,0,0,0,0.00,0.00,0.00,0.00,0.00,0.1,0.1,0.1,0.2,0.06,0.07,0.14,0.06,0.14,Matches
446,Emile Smith Rowe,eng ENG,MFFW,Arsenal,21-234,2000,23,15,1416,15.7,9,2,9,0,0,0,0,0.57,0.13,0.70,0.57,0.70,3.9,3.9,2.0,5.9,0.25,0.13,0.37,0.25,0.37,Matches
447,Cédric Soares,pt POR,DF,Arsenal,30-200,1991,10,8,742,8.2,0,0,0,0,0,2,0,0.00,0.00,0.00,0.00,0.00,0.2,0.2,0.4,0.6,0.02,0.05,0.07,0.02,0.07,Matches
448,Tomáš Souček,cz CZE,MF,West Ham,27-020,1995,27,27,2418,26.9,4,1,4,0,0,2,0,0.15,0.04,0.19,0.15,0.19,4.2,3.8,1.4,5.2,0.16,0.05,0.21,0.14,0.19,Matches
449,Boubakary Soumaré,fr FRA,MF,Leicester City,23-020,1999,17,11,1024,11.4,0,1,0,0,0,0,0,0.00,0.09,0.09,0.00,0.09,0.4,0.4,0.2,0.6,0.04,0.02,0.06,0.04,0.06,Matches
450,Çağlar Söyüncü,tr TUR,DF,Leicester City,25-300,1996,23,23,2047,22.7,1,0,1,0,0,5,0,0.04,0.00,0.04,0.04,0.04,1.4,1.4,0.1,1.5,0.06,0.01,0.07,0.06,0.07,Matches
451,Jason Steele,eng ENG,GK,Brighton,31-213,1990,1,1,90,1.0,0,0,0,0,0,0,0,0.00,0.00,0.00,0.00,0.00,0.0,0.0,0.0,0.0,0.00,0.00,0.00,0.00,0.00,Matches
452,Jed Steer,eng ENG,GK,Aston Villa,29-177,1992,1,1,90,1.0,0,0,0,0,0,0,0,0.00,0.00,0.00,0.00,0.00,0.0,0.0,0.0,0.0,0.00,0.00,0.00,0.00,0.00,Matches
453,Zack Steffen,us USA,GK,Manchester City,26-351,1995,1,1,90,1.0,0,0,0,0,0,0,0,0.00,0.00,0.00,0.00,0.00,0.0,0.0,0.0,0.0,0.00,0.00,0.00,0.00,0.00,Matches
454,Dale Stephens,eng ENG,MF,Burnley,32-280,1989,2,1,123,1.4,0,0,0,0,0,1,0,0.00,0.00,0.00,0.00,0.00,0.0,0.0,0.0,0.1,0.02,0.04,0.06,0.02,0.06,Matches
455,Jack Stephens,eng ENG,DF,Southampton,28-051,1994,9,7,631,7.0,0,0,0,0,0,2,0,0.00,0.00,0.00,0.00,0.00,0.0,0.0,0.3,0.3,0.00,0.04,0.04,0.00,0.04,Matches
456,Raheem Sterling,eng ENG,FW,Manchester City,27-101,1994,23,17,1569,17.4,10,1,8,2,3,1,0,0.57,0.06,0.63,0.46,0.52,10.1,7.6,3.4,10.9,0.58,0.19,0.77,0.43,0.63,Matches
457,Finley Stevens,wls WAL,DF,Brentford,18-343,2003,1,0,15,0.2,0,0,0,0,0,0,0,0.00,0.00,0.00,0.00,0.00,0.0,0.0,0.0,0.0,0.00,0.25,0.25,0.00,0.25,Matches
458,John Stones,eng ENG,DF,Manchester City,27-295,1994,11,9,863,9.6,1,0,1,0,0,0,0,0.10,0.00,0.10,0.10,0.10,0.9,0.9,0.1,0.9,0.09,0.01,0.10,0.09,0.10,Matches
459,Pascal Struijk,nl NED,DFMF,Leeds United,22-220,1999,23,20,1783,19.8,0,0,0,0,0,6,1,0.00,0.00,0.00,0.00,0.00,1.1,1.1,0.2,1.3,0.05,0.01,0.06,0.05,0.06,Matches
460,Crysencio Summerville,nl NED,MFFW,Leeds United,20-140,2001,5,0,122,1.4,0,0,0,0,0,0,0,0.00,0.00,0.00,0.00,0.00,0.3,0.3,0.0,0.3,0.19,0.03,0.22,0.19,0.22,Matches
461,Jakob Sørensen,dk DEN,DFMF,Norwich City,24-016,1998,6,4,370,4.1,0,0,0,0,0,0,0,0.00,0.00,0.00,0.00,0.00,0.4,0.4,0.0,0.4,0.09,0.00,0.09,0.09,0.09,Matches
462,Japhet Tanganga,eng ENG,DF,Tottenham,22-353,1999,11,10,735,8.2,0,0,0,0,0,4,1,0.00,0.00,0.00,0.00,0.00,0.4,0.4,0.4,0.7,0.05,0.05,0.09,0.05,0.09,Matches
463,Matt Targett,eng ENG,DF,Newcastle Utd,26-182,1995,7,7,630,7.0,0,0,0,0,0,0,0,0.00,0.00,0.00,0.00,0.00,0.2,0.2,0.9,1.2,0.03,0.13,0.17,0.03,0.17,Matches
464,Matt Targett,eng ENG,DF,Aston Villa,26-182,1995,17,17,1431,15.9,1,1,1,0,0,2,0,0.06,0.06,0.13,0.06,0.13,0.5,0.5,2.2,2.7,0.03,0.14,0.17,0.03,0.17,Matches
465,James Tarkowski,eng ENG,DF,Burnley,29-120,1992,25,25,2250,25.0,1,2,1,0,0,8,0,0.04,0.08,0.12,0.04,0.12,1.5,1.5,0.4,2.0,0.06,0.02,0.08,0.06,0.08,Matches
466,Nuno Tavares,pt POR,DF,Arsenal,22-052,2000,14,6,626,7.0,0,1,0,0,0,1,0,0.00,0.14,0.14,0.00,0.14,0.6,0.6,0.8,1.4,0.09,0.12,0.21,0.09,0.21,Matches
467,Charlie Taylor,eng ENG,DF,Burnley,28-182,1993,20,19,1741,19.3,0,1,0,0,0,1,0,0.00,0.05,0.05,0.00,0.05,0.1,0.1,1.7,1.8,0.01,0.09,0.09,0.01,0.09,Matches
468,Nathan Tella,eng ENG,MFFW,Southampton,22-257,1999,10,7,586,6.5,0,0,0,0,0,1,0,0.00,0.00,0.00,0.00,0.00,0.5,0.5,0.7,1.2,0.07,0.11,0.18,0.07,0.18,Matches
469,Alex Telles,br BRA,DF,Manchester Utd,29-094,1992,13,11,1002,11.1,0,2,0,0,0,0,0,0.00,0.18,0.18,0.00,0.18,0.4,0.4,1.0,1.4,0.04,0.09,0.13,0.04,0.13,Matches
470,Luke Thomas,eng ENG,DF,Leicester City,20-282,2001,18,17,1552,17.2,0,1,0,0,0,0,0,0.00,0.06,0.06,0.00,0.06,0.2,0.2,1.3,1.4,0.01,0.07,0.08,0.01,0.08,Matches
471,Dominic Thompson,eng ENG,DF,Brentford,21-236,2000,2,2,146,1.6,0,0,0,0,0,0,0,0.00,0.00,0.00,0.00,0.00,0.0,0.0,0.0,0.0,0.01,0.00,0.01,0.01,0.01,Matches
472,Youri Tielemans,be BEL,MF,Leicester City,24-316,1997,21,19,1721,19.1,6,2,4,2,2,1,0,0.31,0.10,0.42,0.21,0.31,4.3,2.8,3.3,6.1,0.23,0.17,0.40,0.15,0.32,Matches
473,Kieran Tierney,sct SCO,DF,Arsenal,24-287,1997,21,21,1825,20.3,1,3,1,0,0,0,0,0.05,0.15,0.20,0.05,0.20,0.7,0.7,1.9,2.6,0.03,0.09,0.13,0.03,0.13,Matches
474,Takehiro Tomiyasu,jp JPN,DF,Arsenal,23-134,1998,16,16,1383,15.4,0,1,0,0,0,1,0,0.00,0.07,0.07,0.00,0.07,0.3,0.3,0.6,0.9,0.02,0.04,0.06,0.02,0.06,Matches
475,James Tomkins,eng ENG,DF,Crystal Palace,32-355,1989,8,6,547,6.1,1,0,1,0,0,2,0,0.16,0.00,0.16,0.16,0.16,0.6,0.6,0.4,0.9,0.09,0.06,0.15,0.09,0.15,Matches
476,Ivan Toney,eng ENG,FW,Brentford,26-003,1996,24,23,2099,23.3,11,2,6,5,5,6,0,0.47,0.09,0.56,0.26,0.34,9.0,5.2,3.8,9.0,0.39,0.16,0.55,0.23,0.39,Matches
477,Ferrán Torres,es ESP,FW,Manchester City,22-018,2000,4,4,303,3.4,2,1,2,0,0,0,0,0.59,0.30,0.89,0.59,0.89,2.5,2.5,0.0,2.5,0.74,0.01,0.75,0.74,0.75,Matches
478,Cenk Tosun,tr TUR,FW,Everton,30-285,1991,1,0,7,0.1,0,0,0,0,0,0,0,0.00,0.00,0.00,0.00,0.00,0.0,0.0,0.0,0.0,0.00,0.00,0.00,0.00,0.00,Matches
479,Andros Townsend,eng ENG,MF,Everton,30-246,1991,21,17,1455,16.2,3,2,2,1,1,3,0,0.19,0.12,0.31,0.12,0.25,2.3,1.5,2.4,3.9,0.14,0.15,0.29,0.09,0.24,Matches
480,Adama Traoré,es ESP,FW,Wolves,26-053,1996,20,10,1067,11.9,1,0,1,0,0,0,0,0.08,0.00,0.08,0.08,0.08,2.4,2.4,1.7,4.1,0.20,0.15,0.35,0.20,0.35,Matches
481,Bertrand Traoré,bf BFA,MFFW,Aston Villa,26-194,1995,6,1,154,1.7,0,0,0,0,0,0,0,0.00,0.00,0.00,0.00,0.00,0.2,0.2,0.0,0.2,0.09,0.00,0.09,0.09,0.09,Matches
482,Trézéguet,eg EGY,FW,Aston Villa,27-169,1994,1,0,11,0.1,0,0,0,0,0,0,0,0.00,0.00,0.00,0.00,0.00,0.1,0.1,0.0,0.1,0.51,0.00,0.51,0.51,0.51,Matches
483,Francisco Trincão,pt POR,FWMF,Wolves,22-080,1999,22,14,1139,12.7,1,1,1,0,0,0,0,0.08,0.08,0.16,0.08,0.16,2.9,2.9,1.2,4.1,0.23,0.10,0.33,0.23,0.33,Matches
484,Kieran Trippier,eng ENG,DF,Newcastle Utd,31-181,1990,4,4,316,3.5,2,0,2,0,0,0,0,0.57,0.00,0.57,0.57,0.57,0.1,0.1,0.4,0.5,0.04,0.11,0.15,0.04,0.15,Matches
485,William Troost-Ekong,ng NGA,DF,Watford,28-199,1993,16,15,1377,15.3,0,0,0,0,0,3,0,0.00,0.00,0.00,0.00,0.00,0.1,0.1,0.1,0.2,0.01,0.01,0.01,0.01,0.01,Matches
486,Leandro Trossard,be BEL,FWMF,Brighton,27-105,1994,27,25,2195,24.4,4,1,3,1,1,2,0,0.16,0.04,0.21,0.12,0.16,4.9,4.1,2.0,6.2,0.20,0.08,0.28,0.17,0.25,Matches
487,Kostas Tsimikas,gr GRE,DF,Liverpool,25-311,1996,10,7,670,7.4,0,2,0,0,0,2,0,0.00,0.27,0.27,0.00,0.27,0.5,0.5,1.7,2.2,0.07,0.23,0.30,0.07,0.30,Matches
488,Axel Tuanzebe,eng ENG,DF,Aston Villa,24-125,1997,9,6,508,5.6,0,0,0,0,0,1,0,0.00,0.00,0.00,0.00,0.00,0.2,0.2,0.0,0.2,0.03,0.00,0.03,0.03,0.03,Matches
489,Ozan Tufan,tr TUR,MF,Watford,26-361,1995,7,4,334,3.7,0,0,0,0,0,0,0,0.00,0.00,0.00,0.00,0.00,0.5,0.5,0.2,0.8,0.14,0.07,0.20,0.14,0.20,Matches
490,Christos Tzolis,gr GRE,FWMF,Norwich City,20-048,2002,11,3,308,3.4,0,0,0,0,0,0,0,0.00,0.00,0.00,0.00,0.00,0.5,0.5,1.0,1.4,0.14,0.28,0.42,0.14,0.42,Matches
491,Yan Valery,fr FRA,DF,Southampton,23-025,1999,2,1,135,1.5,0,0,0,0,0,0,0,0.00,0.00,0.00,0.00,0.00,0.0,0.0,0.1,0.1,0.03,0.06,0.09,0.03,0.09,Matches
492,Raphaël Varane,fr FRA,DF,Manchester Utd,28-328,1993,17,15,1381,15.3,0,1,0,0,0,0,0,0.00,0.07,0.07,0.00,0.07,0.7,0.7,0.1,0.9,0.05,0.01,0.06,0.05,0.06,Matches
493,Jamie Vardy,eng ENG,FW,Leicester City,35-067,1987,18,16,1400,15.6,10,2,10,0,0,2,0,0.64,0.13,0.77,0.64,0.77,6.6,6.6,1.4,8.0,0.42,0.09,0.51,0.42,0.51,Matches
494,Joël Veltman,nl NED,DF,Brighton,30-063,1992,25,24,2064,22.9,0,1,0,0,0,6,0,0.00,0.04,0.04,0.00,0.04,0.2,0.2,1.0,1.2,0.01,0.05,0.05,0.01,0.05,Matches
495,Jannik Vestergaard,dk DEN,DF,Leicester City,29-228,1992,10,6,567,6.3,0,0,0,0,0,2,0,0.00,0.00,0.00,0.00,0.00,0.1,0.1,0.0,0.1,0.01,0.01,0.01,0.01,0.01,Matches
496,Nikola Vlašić,hr CRO,FWMF,West Ham,24-166,1997,15,5,449,5.0,1,0,1,0,0,0,0,0.20,0.00,0.20,0.20,0.20,1.0,1.0,0.4,1.4,0.19,0.08,0.27,0.19,0.27,Matches
497,Matěj Vydra,cz CZE,FW,Burnley,29-322,1992,16,3,449,5.0,1,1,1,0,0,0,0,0.20,0.20,0.40,0.20,0.40,2.0,2.0,0.2,2.3,0.41,0.04,0.45,0.41,0.45,Matches
498,Theo Walcott,eng ENG,MFFW,Southampton,33-003,1989,9,5,379,4.2,0,0,0,0,0,0,0,0.00,0.00,0.00,0.00,0.00,0.7,0.7,0.0,0.7,0.17,0.01,0.18,0.17,0.18,Matches
499,Kyle Walker,eng ENG,DF,Manchester City,31-295,1990,18,18,1575,17.5,0,2,0,0,0,1,0,0.00,0.11,0.11,0.00,0.11,0.2,0.2,1.2,1.5,0.01,0.07,0.08,0.01,0.08,Matches
500,Kyle Walker-Peters,eng ENG,DF,Southampton,24-340,1997,23,20,1831,20.3,1,2,1,0,0,5,0,0.05,0.10,0.15,0.05,0.15,0.7,0.7,2.4,3.1,0.04,0.12,0.15,0.04,0.15,Matches
501,Aaron Wan-Bissaka,eng ENG,DF,Manchester Utd,24-113,1997,18,18,1613,17.9,0,0,0,0,0,2,0,0.00,0.00,0.00,0.00,0.00,0.2,0.2,0.9,1.1,0.01,0.05,0.06,0.01,0.06,Matches
502,Joel Ward,eng ENG,DF,Crystal Palace,32-141,1989,23,23,2070,23.0,0,0,0,0,0,6,0,0.00,0.00,0.00,0.00,0.00,0.3,0.3,0.5,0.8,0.01,0.02,0.03,0.01,0.03,Matches
503,James Ward-Prowse,eng ENG,MF,Southampton,27-138,1994,27,27,2405,26.7,6,4,3,3,3,3,1,0.22,0.15,0.37,0.11,0.26,3.7,1.4,5.3,6.7,0.14,0.20,0.34,0.05,0.25,Matches
504,Ollie Watkins,eng ENG,FW,Aston Villa,26-079,1995,25,23,2084,23.2,7,1,7,0,0,6,0,0.30,0.04,0.35,0.30,0.35,7.9,7.9,2.4,10.3,0.34,0.10,0.44,0.34,0.44,Matches
505,Adam Webster,eng ENG,DF,Brighton,27-074,1995,15,14,1167,13.0,2,0,2,0,0,4,0,0.15,0.00,0.15,0.15,0.15,1.0,1.0,0.1,1.1,0.08,0.00,0.08,0.08,0.08,Matches
506,Wout Weghorst,nl NED,FW,Burnley,29-224,1992,9,9,752,8.4,1,2,1,0,0,1,0,0.12,0.24,0.36,0.12,0.36,1.5,1.5,0.5,2.0,0.18,0.06,0.24,0.18,0.24,Matches
507,Danny Welbeck,eng ENG,FWMF,Brighton,31-113,1990,16,7,727,8.1,3,0,3,0,0,0,0,0.37,0.00,0.37,0.37,0.37,1.7,1.7,0.1,1.8,0.21,0.02,0.23,0.21,0.23,Matches
508,Timo Werner,de GER,FWMF,Chelsea,26-013,1996,14,8,738,8.2,1,1,1,0,0,1,0,0.12,0.12,0.24,0.12,0.24,3.6,3.6,0.2,3.7,0.44,0.02,0.46,0.44,0.46,Matches
509,Ashley Westwood,eng ENG,MF,Burnley,31-352,1990,23,22,1987,22.1,0,3,0,0,0,7,0,0.00,0.14,0.14,0.00,0.14,0.5,0.5,3.4,3.9,0.02,0.15,0.18,0.02,0.18,Matches
510,Ben White,eng ENG,DF,Arsenal,24-162,1997,25,25,2250,25.0,0,0,0,0,0,1,0,0.00,0.00,0.00,0.00,0.00,1.0,1.0,0.5,1.5,0.04,0.02,0.06,0.04,0.06,Matches
511,Brandon Williams,eng ENG,DF,Norwich City,21-197,2000,23,21,1933,21.5,0,1,0,0,0,7,0,0.00,0.05,0.05,0.00,0.05,0.1,0.1,1.3,1.3,0.00,0.06,0.06,0.00,0.06,Matches
512,Neco Williams,wls WAL,DF,Liverpool,20-340,2001,1,0,8,0.1,0,1,0,0,0,0,0,0.00,11.25,11.25,0.00,11.25,0.0,0.0,0.6,0.6,0.00,6.50,6.50,0.00,6.50,Matches
513,Joe Willock,eng ENG,MF,Newcastle Utd,22-211,1999,24,21,1756,19.5,2,0,2,0,0,0,0,0.10,0.00,0.10,0.10,0.10,3.0,3.0,1.0,4.0,0.15,0.05,0.21,0.15,0.21,Matches
514,Callum Wilson,eng ENG,FW,Newcastle Utd,30-020,1992,15,14,1184,13.2,6,0,5,1,1,4,0,0.46,0.00,0.46,0.38,0.38,4.4,3.6,0.4,4.1,0.33,0.03,0.37,0.28,0.31,Matches
515,Harry Winks,eng ENG,MF,Tottenham,26-045,1996,14,9,844,9.4,0,1,0,0,0,2,0,0.00,0.11,0.11,0.00,0.11,0.1,0.1,1.5,1.6,0.01,0.16,0.17,0.01,0.17,Matches
516,Yoane Wissa,cd COD,FWMF,Brentford,25-197,1996,21,6,774,8.6,3,0,3,0,0,0,0,0.35,0.00,0.35,0.35,0.35,1.8,1.8,0.2,2.1,0.21,0.03,0.24,0.21,0.24,Matches
517,Chris Wood,nz NZL,FW,Newcastle Utd,30-102,1991,10,10,900,10.0,1,0,1,0,0,0,0,0.10,0.00,0.10,0.10,0.10,2.0,2.0,0.8,2.8,0.20,0.08,0.28,0.20,0.28,Matches
518,Chris Wood,nz NZL,FW,Burnley,30-102,1991,17,17,1367,15.2,3,0,3,0,0,1,0,0.20,0.00,0.20,0.20,0.20,4.5,4.5,0.2,4.7,0.30,0.02,0.31,0.30,0.31,Matches
519,Freddie Woodman,eng ENG,GK,Newcastle Utd,25-015,1997,4,4,360,4.0,0,0,0,0,0,0,0,0.00,0.00,0.00,0.00,0.00,0.0,0.0,0.0,0.0,0.00,0.00,0.00,0.00,0.00,Matches
520,Granit Xhaka,ch SUI,MF,Arsenal,29-173,1992,16,16,1365,15.2,0,1,0,0,0,5,1,0.00,0.07,0.07,0.00,0.07,0.8,0.8,1.5,2.3,0.05,0.10,0.15,0.05,0.15,Matches
521,Andriy Yarmolenko,ua UKR,FWMF,West Ham,32-147,1989,12,0,134,1.5,1,0,1,0,0,1,0,0.67,0.00,0.67,0.67,0.67,0.4,0.4,0.0,0.4,0.26,0.03,0.29,0.26,0.29,Matches
522,Ashley Young,eng ENG,DFFW,Aston Villa,36-253,1985,18,8,960,10.7,0,2,0,0,0,0,0,0.00,0.19,0.19,0.00,0.19,0.4,0.4,0.3,0.7,0.04,0.03,0.07,0.04,0.07,Matches
523,Wilfried Zaha,ci CIV,FW,Crystal Palace,29-129,1992,24,23,2021,22.5,9,1,6,3,4,5,1,0.40,0.04,0.45,0.27,0.31,5.9,2.9,4.0,6.9,0.26,0.18,0.44,0.13,0.31,Matches
524,Christoph Zimmermann,de GER,DF,Norwich City,29-066,1993,1,1,45,0.5,0,0,0,0,0,0,0,0.00,0.00,0.00,0.00,0.00,0.0,0.0,0.0,0.0,0.08,0.00,0.08,0.08,0.08,Matches
525,Oleksandr Zinchenko,ua UKR,DF,Manchester City,25-094,1996,8,6,597,6.6,0,1,0,0,0,0,0,0.00,0.15,0.15,0.00,0.15,0.1,0.1,0.9,1.1,0.02,0.14,0.16,0.02,0.16,Matches
526,Hakim Ziyech,ma MAR,FWMF,Chelsea,29-000,1993,15,11,966,10.7,4,2,4,0,0,3,0,0.37,0.19,0.56,0.37,0.56,2.9,2.9,2.3,5.3,0.27,0.22,0.49,0.27,0.49,Matches
527,Kurt Zouma,fr FRA,DF,West Ham,27-143,1994,17,17,1510,16.8,1,0,1,0,0,1,0,0.06,0.00,0.06,0.06,0.06,0.8,0.8,0.0,0.8,0.05,0.00,0.05,0.05,0.05,Matches
528,Martin Ødegaard,no NOR,MF,Arsenal,23-092,1998,25,21,1801,20.0,5,3,5,0,0,2,0,0.25,0.15,0.40,0.25,0.40,3.0,3.0,4.6,7.6,0.15,0.23,0.38,0.15,0.38,Matches