Rk,Player,Nation,Pos,Squad,Age,Born,90s,Total Cmp,Total Att,Total Cmp%,Total TotDist,Total PrgDist,Short Cmp,Short Att,Short Cmp%,Medium Cmp,Medium Att,Medium Cmp%,Long Cmp,Long Att,Long Cmp%,Ast,xA,A-xA,KP,1/3,PPA,CrsPA,Prog,Matches
1,Dickson Abiama,ng NGA,FW,Greuther Fürth,23-137,1998,7.1,80,122,65.6,1098,309,48,67,71.6,23,35,65.7,3,8,37.5,1,1.1,-0.1,7,6,6,0,13,Matches
2,Ragnar Ache,de GER,FWMF,Eint Frankfurt,23-235,1998,1.4,28,55,50.9,425,90,12,23,52.2,13,23,56.5,1,3,33.3,1,0.3,+0.7,2,1,2,2,1,Matches
3,Tyler Adams,us USA,MF,RB Leipzig,23-034,1999,12.2,658,760,86.6,10863,2753,328,356,92.1,253,282,89.7,58,84,69.0,1,0.8,+0.2,7,63,8,0,46,Matches
4,Sargis Adamyan,am ARM,FWMF,Hoffenheim,28-301,1993,3.7,73,98,74.5,1154,299,38,45,84.4,29,38,76.3,5,8,62.5,0,0.7,-0.7,4,5,4,2,9,Matches
5,Amine Adli,fr FRA,FWMF,Leverkusen,21-314,2000,13.1,365,484,75.4,5414,1620,203,242,83.9,140,188,74.5,11,24,45.8,2,1.7,+0.3,11,28,14,6,40,Matches
6,Naouirou Ahamada,fr FRA,MF,Stuttgart,19-356,2002,0.7,30,34,88.2,567,86,13,15,86.7,9,10,90.0,6,7,85.7,0,0.0,0.0,0,0,0,0,1,Matches
7,Manuel Akanji,ch SUI,DF,Dortmund,26-244,1995,17.4,1211,1331,91.0,27584,9188,323,349,92.6,623,646,96.4,262,324,80.9,0,0.1,-0.1,2,87,3,0,88,Matches
8,Kevin Akpoguma,ng NGA,DF,Hoffenheim,26-335,1995,13.5,579,754,76.8,10627,4449,259,306,84.6,250,304,82.2,64,117,54.7,2,2.0,0.0,11,37,12,2,67,Matches
9,Lucas Alario,ar ARG,FW,Leverkusen,29-163,1992,5.0,81,110,73.6,1108,179,53,71,74.6,24,28,85.7,2,5,40.0,0,0.9,-0.9,4,1,1,0,5,Matches
10,Nadiem Amiri,de GER,MFFW,Leverkusen,25-144,1996,4.1,184,223,82.5,3349,583,81,93,87.1,77,87,88.5,21,32,65.6,0,0.2,-0.2,3,9,9,0,18,Matches
11,Sebastian Andersson,se SWE,FW,Köln,30-248,1991,12.0,146,217,67.3,1726,344,95,127,74.8,33,58,56.9,1,4,25.0,1,1.3,-0.3,9,3,5,1,9,Matches
12,Andrés Andrade Cedeño,pa PAN,DF,Arminia,23-155,1998,10.7,324,470,68.9,6157,2902,132,165,80.0,149,202,73.8,37,86,43.0,0,0.2,-0.2,3,31,1,0,34,Matches
13,Fredrik André Bjørkan,no NOR,DF,Hertha BSC,23-211,1998,2.8,105,128,82.0,1608,740,59,63,93.7,37,45,82.2,7,12,58.3,0,0.0,0.0,1,4,3,2,7,Matches
14,Robert Andrich,de GER,MF,Leverkusen,27-179,1994,14.3,565,690,81.9,10108,2925,250,277,90.3,241,281,85.8,63,109,57.8,2,0.7,+1.3,6,62,8,0,64,Matches
15,Angeliño,es ESP,DF,RB Leipzig,25-075,1997,20.1,907,1237,73.3,16451,6334,445,491,90.6,314,416,75.5,124,280,44.3,5,4.9,+0.1,41,63,49,27,94,Matches
16,Waldemar Anton,de GER,DF,Stuttgart,25-243,1996,22.8,1317,1515,86.9,28546,9543,378,406,93.1,715,767,93.2,210,315,66.7,1,1.2,-0.2,8,76,8,2,71,Matches
17,Christopher Antwi-Adjei,gh GHA,FWMF,Bochum,28-041,1994,11.3,161,258,62.4,2563,787,88,117,75.2,59,89,66.3,11,30,36.7,1,0.8,+0.2,7,10,10,3,17,Matches
18,Charles Aránguiz,cl CHI,MF,Leverkusen,32-337,1989,11.4,594,699,85.0,11633,3402,217,247,87.9,273,302,90.4,89,118,75.4,1,0.7,+0.3,12,60,5,1,56,Matches
19,Maximilian Arnold,de GER,MF,Wolfsburg,27-297,1994,25.5,1116,1440,77.5,25805,8393,311,364,85.4,504,564,89.4,280,467,60.0,1,3.5,-2.5,45,117,28,5,122,Matches
20,Takuma Asano,jp JPN,FWMF,Bochum,27-130,1994,11.9,165,248,66.5,2434,833,89,116,76.7,58,85,68.2,10,17,58.8,1,1.3,-0.3,12,12,9,4,21,Matches
21,Santiago Ascacíbar,ar ARG,MF,Hertha BSC,25-023,1997,19.6,799,962,83.1,13798,3728,381,443,86.0,317,361,87.8,79,107,73.8,1,0.3,+0.7,8,53,2,0,62,Matches
22,Fisnik Asllani,xk KVX,MFFW,Hoffenheim,19-224,2002,0.1,6,8,75.0,89,13,4,4,100.0,1,1,100.0,1,2,50.0,0,0.0,0.0,0,0,0,0,0,Matches
23,Simon Asta,de GER,DF,Greuther Fürth,21-054,2001,4.1,146,204,71.6,2803,1323,64,73,87.7,56,74,75.7,25,45,55.6,0,0.0,0.0,1,9,2,1,11,Matches
24,Taiwo Awoniyi,ng NGA,FW,Union Berlin,24-220,1997,18.0,238,345,69.0,3792,991,122,163,74.8,88,124,71.0,18,30,60.0,0,1.0,-1.0,15,23,13,2,31,Matches
25,Sardar Azmoun,ir IRN,FW,Leverkusen,27-078,1995,0.3,10,10,100.0,155,41,5,5,100.0,5,5,100.0,0,0,,0,0.0,0.0,1,1,0,0,0,Matches
26,Mitchel Bakker,nl NED,DF,Leverkusen,21-273,2000,15.2,762,906,84.1,12654,4709,375,415,90.4,309,351,88.0,64,106,60.4,3,0.7,+2.3,7,48,17,8,58,Matches
27,Ridle Baku,de GER,DFFW,Wolfsburg,23-346,1998,21.0,738,967,76.3,13903,4709,316,377,83.8,317,398,79.6,98,157,62.4,3,3.2,-0.2,26,49,23,10,86,Matches
28,Aymen Barkok,ma MAR,FWMF,Eint Frankfurt,23-303,1998,1.1,30,43,69.8,515,295,15,17,88.2,10,17,58.8,3,6,50.0,0,0.0,0.0,0,2,0,0,8,Matches
29,Leandro Barreiro Martins,lu LUX,MF,Mainz 05,22-076,2000,15.8,304,425,71.5,4609,1550,161,202,79.7,117,162,72.2,16,30,53.3,2,1.6,+0.4,10,28,12,2,39,Matches
30,Jacob Barrett Laursen,dk DEN,DF,Arminia,27-123,1994,14.0,439,623,70.5,8199,3513,191,223,85.7,186,242,76.9,58,123,47.2,0,0.5,-0.5,5,27,3,1,41,Matches
31,Abdourahmane Barry,fr FRA,DF,Greuther Fürth,22-027,2000,2.3,88,115,76.5,1685,743,37,41,90.2,33,41,80.5,13,22,59.1,0,0.1,-0.1,2,8,2,2,10,Matches
32,Maximilian Bauer,de GER,DF,Greuther Fürth,22-039,2000,15.9,588,714,82.4,13633,3973,137,161,85.1,318,345,92.2,129,194,66.5,0,0.0,0.0,1,18,0,0,17,Matches
33,Oliver Baumann,de GER,GK,Hoffenheim,31-291,1990,26.0,956,1210,79.0,23621,12541,260,263,98.9,433,438,98.9,247,492,50.2,0,0.0,0.0,0,10,0,0,0,Matches
34,Timo Baumgartl,de GER,DF,Union Berlin,26-016,1996,21.1,853,1054,80.9,18852,6653,233,271,86.0,453,507,89.3,160,259,61.8,1,0.1,+0.9,3,64,4,2,69,Matches
35,Julian Baumgartlinger,at AUT,MF,Leverkusen,34-077,1988,0.1,7,8,87.5,170,18,1,2,50.0,5,5,100.0,1,1,100.0,0,0.0,0.0,0,1,0,0,0,Matches
36,Christoph Baumgartner,at AUT,MFFW,Hoffenheim,22-231,1999,15.7,402,560,71.8,6939,1883,181,224,80.8,159,208,76.4,45,85,52.9,1,2.1,-1.1,15,30,16,4,53,Matches
37,Noah Joel Sarenren Bazee,ng NGA,MFFW,Augsburg,25-211,1996,2.7,31,51,60.8,496,172,15,22,68.2,8,13,61.5,4,6,66.7,0,0.2,-0.2,2,0,4,3,1,Matches
38,Ihlas Bebou,tg TOG,FWDF,Hoffenheim,27-331,1994,18.0,339,473,71.7,5104,1582,190,240,79.2,106,150,70.7,23,38,60.5,2,1.3,+0.7,12,12,23,7,35,Matches
39,Sheraldo Becker,sr SUR,FWMF,Union Berlin,27-039,1995,14.1,292,454,64.3,5548,1575,130,176,73.9,107,166,64.5,47,80,58.8,3,4.9,-1.9,34,17,29,21,32,Matches
40,Kevin Behrens,de GER,FW,Union Berlin,31-045,1991,4.8,113,162,69.8,1685,312,64,87,73.6,39,52,75.0,7,13,53.8,2,1.6,+0.4,5,7,3,0,11,Matches
41,Ishak Belfodil,dz ALG,FW,Hertha BSC,30-067,1992,15.0,268,382,70.2,3481,701,177,227,78.0,73,109,67.0,6,16,37.5,2,1.6,+0.4,16,7,11,1,23,Matches
42,Stefan Bell,de GER,DF,Mainz 05,30-208,1991,23.8,827,1061,77.9,16533,6915,286,321,89.1,425,499,85.2,106,213,49.8,0,1.4,-1.4,8,55,4,1,67,Matches
43,Armel Bella Kotchap,de GER,DF,Bochum,20-099,2001,14.9,439,562,78.1,10755,2581,94,123,76.4,222,247,89.9,118,180,65.6,0,0.3,-0.3,3,28,1,1,21,Matches
44,Karim Bellarabi,de GER,FWMF,Leverkusen,31-346,1990,6.0,158,212,74.5,2557,709,83,102,81.4,52,68,76.5,15,29,51.7,2,1.1,+0.9,5,11,5,1,18,Matches
45,Jude Bellingham,eng ENG,MF,Dortmund,18-264,2003,23.0,922,1088,84.7,16023,3392,437,496,88.1,376,417,90.2,90,129,69.8,6,3.2,+2.8,25,72,23,2,88,Matches
46,George Bello,us USA,DF,Arminia,20-057,2002,2.9,98,120,81.7,1620,488,44,49,89.8,52,62,83.9,2,8,25.0,0,0.3,-0.3,3,5,1,0,8,Matches
47,László Bénes,sk SVK,MF,M'Gladbach,24-192,1997,2.6,140,185,75.7,2594,725,62,75,82.7,48,55,87.3,26,46,56.5,0,0.3,-0.3,4,19,1,0,14,Matches
48,Keanan Bennetts,eng ENG,FWDF,M'Gladbach,23-011,1999,0.6,17,23,73.9,334,29,8,11,72.7,6,7,85.7,3,4,75.0,0,0.0,0.0,0,1,0,0,1,Matches
49,Ramy Bensebaini,dz ALG,DF,M'Gladbach,26-338,1995,15.4,747,927,80.6,14379,4959,300,340,88.2,328,387,84.8,107,169,63.3,1,1.0,0.0,11,53,12,6,69,Matches
50,Louis Beyer,de GER,DF,M'Gladbach,21-305,2000,8.5,543,607,89.5,10991,3216,175,195,89.7,290,307,94.5,75,97,77.3,0,0.1,-0.1,2,25,1,0,29,Matches
51,Bartosz Bialek,pl POL,FWMF,Wolfsburg,20-129,2001,1.2,16,30,53.3,258,23,10,15,66.7,4,6,66.7,2,6,33.3,0,0.1,-0.1,1,1,0,0,0,Matches
52,Tom Bischof,de GER,MFFW,Hoffenheim,16-265,2005,0.2,5,8,62.5,52,11,4,5,80.0,1,3,33.3,0,0,,0,0.0,0.0,0,0,0,0,0,Matches
53,Danny Blum,de GER,FW,Bochum,31-072,1991,2.8,85,127,66.9,1661,613,44,58,75.9,21,31,67.7,16,29,55.2,0,0.6,-0.6,10,7,4,2,13,Matches
54,Kevin-Prince Boateng,gh GHA,MFFW,Hertha BSC,35-014,1987,4.7,172,218,78.9,3678,1025,51,59,86.4,86,100,86.0,31,46,67.4,0,0.3,-0.3,4,17,1,0,17,Matches
55,Herbert Bockhorn,de GER,DF,Bochum,27-048,1995,6.2,197,275,71.6,3919,1110,73,90,81.1,89,117,76.1,33,56,58.9,0,0.1,-0.1,2,16,2,0,23,Matches
56,Jean-Paul Boëtius,nl NED,MF,Mainz 05,27-363,1994,14.5,457,628,72.8,9365,3192,175,212,82.5,194,242,80.2,83,155,53.5,1,1.8,-0.8,24,51,17,4,71,Matches
57,Tarsis Bonga,de GER,FW,Bochum,25-069,1997,0.0,2,4,50.0,12,0,1,2,50.0,0,0,,0,0,,0,0.0,0.0,0,0,0,0,0,Matches
58,Solomon Bonnah,nl NED,DF,RB Leipzig,18-213,2003,0.1,4,4,100.0,92,16,1,1,100.0,2,2,100.0,1,1,100.0,0,0.0,0.0,0,0,0,0,0,Matches
59,Sebastiaan Bornauw,be BEL,DF,Wolfsburg,22-363,1999,17.6,742,870,85.3,17596,4872,145,170,85.3,414,459,90.2,179,232,77.2,0,0.2,-0.2,4,18,0,0,16,Matches
60,Rafael Borré,co COL,FW,Eint Frankfurt,26-186,1995,22.4,436,608,71.7,6785,1164,255,309,82.5,133,191,69.6,35,55,63.6,4,3.1,+0.9,22,26,19,1,34,Matches
61,Dedryck Boyata,be BEL,DF,Hertha BSC,31-112,1990,14.1,492,565,87.1,11004,2967,112,123,91.1,283,304,93.1,95,133,71.4,0,0.5,-0.5,3,12,2,0,12,Matches
62,Julian Brandt,de GER,MFFW,Dortmund,25-322,1996,17.0,783,1007,77.8,13286,3613,399,470,84.9,275,331,83.1,88,158,55.7,6,3.8,+2.2,37,55,30,6,91,Matches
63,Iker Bravo,es ESP,FW,Leverkusen,17-066,2005,0.1,0,0,,0,0,0,0,,0,0,,0,0,,0,0.0,0.0,0,0,0,0,0,Matches
64,Fabian Bredlow,de GER,GK,Stuttgart,27-018,1995,4.0,115,127,90.6,2598,1417,37,37,100.0,57,57,100.0,20,32,62.5,0,0.0,0.0,0,2,0,0,0,Matches
65,Josip Brekalo,hr CRO,MF,Wolfsburg,23-270,1998,0.2,13,18,72.2,236,32,8,10,80.0,3,5,60.0,2,3,66.7,1,0.4,+0.6,1,0,0,0,1,Matches
66,Brian Brobbey,nl NED,FW,RB Leipzig,20-047,2002,1.5,32,38,84.2,503,151,17,19,89.5,11,13,84.6,3,3,100.0,2,0.7,+1.3,3,4,0,0,3,Matches
67,John Brooks,us USA,DF,Wolfsburg,29-051,1993,21.1,1065,1257,84.7,25231,8662,223,243,91.8,621,674,92.1,217,318,68.2,1,0.6,+0.4,6,81,7,1,84,Matches
68,Daniel Brosinski,de GER,DF,Mainz 05,33-246,1988,3.5,126,201,62.7,2400,1442,54,65,83.1,58,81,71.6,13,45,28.9,0,0.3,-0.3,6,14,8,2,25,Matches
69,Cédric Brunner,ch SUI,DF,Arminia,28-031,1994,22.9,718,1079,66.5,14736,7072,260,301,86.4,318,427,74.5,131,308,42.5,1,1.3,-0.3,14,57,23,14,72,Matches
70,Jacob Bruun Larsen,dk DEN,FWMF,Hoffenheim,23-182,1998,6.9,173,238,72.7,2832,665,85,107,79.4,71,95,74.7,12,19,63.2,0,0.9,-0.9,9,8,11,2,20,Matches
71,Sascha Burchert,de GER,GK,Greuther Fürth,32-141,1989,13.0,307,506,60.7,11531,7736,27,27,100.0,113,114,99.1,167,365,45.8,0,0.1,-0.1,1,10,0,0,1,Matches
72,Delano Burgzorg,nl NED,FW,Mainz 05,23-133,1998,0.3,4,4,100.0,31,4,4,4,100.0,0,0,,0,0,,0,0.0,0.0,0,0,1,0,1,Matches
73,Jonathan Burkardt,de GER,FWMF,Mainz 05,21-252,2000,22.2,324,458,70.7,4956,1057,172,224,76.8,116,156,74.4,20,38,52.6,3,2.2,+0.8,25,26,15,1,41,Matches
74,Daniel Caligiuri,it ITA,MFDF,Augsburg,34-064,1988,15.6,418,625,66.9,8047,3522,186,232,80.2,156,215,72.6,71,154,46.1,2,1.4,+0.6,15,47,14,3,53,Matches
75,Emre Can,de GER,MFDF,Dortmund,28-067,1994,12.3,798,918,86.9,16721,4546,256,271,94.5,401,439,91.3,133,183,72.7,0,0.2,-0.2,3,59,4,0,56,Matches
76,Koen Casteels,be BEL,GK,Wolfsburg,29-268,1992,23.0,698,898,77.7,21225,12004,108,108,100.0,318,321,99.1,271,466,58.2,0,0.0,0.0,0,9,0,0,1,Matches
77,Gonzalo Castro,de GER,MF,Arminia,34-282,1987,2.9,73,115,63.5,1272,355,36,45,80.0,24,31,77.4,9,26,34.6,0,0.1,-0.1,3,9,2,1,9,Matches
78,Julian Chabot,de GER,DF,Köln,24-036,1998,1.0,65,77,84.4,1445,379,15,17,88.2,34,38,89.5,16,22,72.7,0,0.0,0.0,0,1,0,0,2,Matches
79,Timothy Chandler,us USA,DF,Eint Frankfurt,31-356,1990,10.8,278,429,64.8,5518,2675,96,131,73.3,143,203,70.4,36,74,48.6,0,0.6,-0.6,8,22,8,4,32,Matches
80,Justin Che,us USA,DF,Hoffenheim,18-122,2003,0.2,11,13,84.6,216,70,7,7,100.0,3,4,75.0,1,1,100.0,0,0.0,0.0,0,1,0,0,2,Matches
81,Max Christiansen,de GER,MF,Greuther Fürth,25-176,1996,19.4,628,768,81.8,12029,2868,239,282,84.8,296,333,88.9,81,118,68.6,0,0.3,-0.3,8,45,4,0,56,Matches
82,Kingsley Coman,fr FRA,FWDF,Bayern Munich,25-280,1996,12.0,456,588,77.6,8109,1932,206,245,84.1,192,241,79.7,49,77,63.6,2,2.8,-0.8,24,13,35,14,49,Matches
83,Lucas Copado,de GER,FW,Bayern Munich,18-069,2004,0.2,4,6,66.7,34,16,3,5,60.0,0,0,,0,0,,0,0.0,0.0,0,0,0,0,0,Matches
84,Sergio Córdova,ve VEN,FWMF,Augsburg,24-223,1997,3.6,36,56,64.3,573,134,23,30,76.7,9,19,47.4,3,5,60.0,0,0.1,-0.1,2,4,1,0,5,Matches
85,Danny da Costa,de GER,DF,Eint Frankfurt,28-250,1993,7.1,188,283,66.4,3635,1930,66,87,75.9,92,130,70.8,27,53,50.9,0,0.2,-0.2,3,14,6,2,35,Matches
86,Tanguy Coulibaly,fr FRA,DFFW,Stuttgart,21-030,2001,11.2,246,322,76.4,3623,780,146,170,85.9,84,114,73.7,11,20,55.0,1,0.4,+0.6,6,10,5,1,15,Matches
87,Mickaël Cuisance,fr FRA,MF,Bayern Munich,22-216,1999,0.1,10,11,90.9,215,62,4,4,100.0,1,1,100.0,4,5,80.0,0,0.1,-0.1,1,3,0,0,3,Matches
88,Matheus Cunha,br BRA,FW,Hertha BSC,22-297,1999,0.7,12,13,92.3,166,38,6,6,100.0,3,4,75.0,1,1,100.0,1,0.0,+1.0,0,0,0,0,2,Matches
89,Rafael Czichos,de GER,DF,Köln,31-310,1990,15.6,873,1042,83.8,22157,8301,132,162,81.5,472,513,92.0,265,350,75.7,1,0.4,+0.6,2,69,4,0,80,Matches
90,Lennart-Marten Czyborra,de GER,DF,Arminia,22-321,1999,1.5,29,57,50.9,524,218,14,18,77.8,10,22,45.5,5,12,41.7,0,0.0,0.0,0,3,1,1,3,Matches
91,Moanes Dabbur,il ISR,FWMF,Hoffenheim,29-310,1992,11.1,282,370,76.2,4228,1122,152,189,80.4,99,121,81.8,16,29,55.2,4,2.3,+1.7,14,19,9,3,28,Matches
92,Mahmoud Dahoud,de GER,MF,Dortmund,26-078,1996,17.7,814,1029,79.1,15119,4156,328,385,85.2,371,426,87.1,97,169,57.4,3,3.3,-0.3,29,78,20,3,93,Matches
93,Márton Dárdai,de GER,DF,Hertha BSC,20-036,2002,7.0,238,322,73.9,6268,2615,29,36,80.6,130,152,85.5,77,128,60.2,1,0.1,+0.9,2,22,0,0,20,Matches
94,Vladimír Darida,cz CZE,MF,Hertha BSC,31-224,1990,16.2,612,835,73.3,11856,3611,251,296,84.8,263,325,80.9,88,172,51.2,5,3.3,+1.7,32,42,16,4,58,Matches
95,Alphonso Davies,ca CAN,DF,Bayern Munich,21-138,2000,14.1,805,954,84.4,13250,3783,396,442,89.6,350,408,85.8,50,76,65.8,3,3.2,-0.2,23,38,29,11,78,Matches
96,Saulo Decarli,ch SUI,DF,Bochum,30-044,1992,0.1,6,6,100.0,145,14,1,1,100.0,3,3,100.0,2,2,100.0,0,0.0,0.0,0,0,0,0,0,Matches
97,Thomas Delaney,dk DEN,MF,Dortmund,30-198,1991,0.2,11,15,73.3,129,31,7,8,87.5,3,5,60.0,0,1,0.0,0,0.0,0.0,0,1,0,0,2,Matches
98,Kerem Demirbay,de GER,MF,Leverkusen,28-260,1993,19.9,946,1244,76.0,20845,6919,335,396,84.6,377,449,84.0,210,348,60.3,3,3.3,-0.3,40,115,23,3,111,Matches
99,Ermedin Demirović,ba BIH,FWMF,Freiburg,23-360,1998,7.8,93,142,65.5,1177,230,67,89,75.3,18,31,58.1,5,10,50.0,3,1.0,+2.0,8,3,3,1,5,Matches
100,Mike van der Hoorn,nl NED,DF,Arminia,29-156,1992,0.2,3,4,75.0,72,9,1,1,100.0,1,1,100.0,1,1,100.0,0,0.0,0.0,0,0,0,0,0,Matches
101,Moussa Diaby,fr FRA,FW,Leverkusen,22-256,1999,22.8,555,740,75.0,9897,2423,253,318,79.6,234,286,81.8,60,94,63.8,7,6.3,+0.7,39,44,42,10,78,Matches
102,Daniel Didavi,de GER,FWMF,Stuttgart,32-027,1990,3.1,80,114,70.2,1387,296,35,45,77.8,36,46,78.3,7,13,53.8,1,0.8,+0.2,6,4,5,0,9,Matches
103,Javairô Dilrosun,nl NED,FW,Hertha BSC,23-271,1998,1.5,26,34,76.5,388,103,18,23,78.3,4,5,80.0,3,3,100.0,0,0.0,0.0,0,1,0,0,2,Matches
104,Lee Dongjun,kr KOR,MF,Hertha BSC,25-047,1997,1.3,13,18,72.2,123,36,12,12,100.0,1,4,25.0,0,1,0.0,0,0.0,0.0,0,1,0,0,0,Matches
105,Niklas Dorsch,de GER,MF,Augsburg,24-064,1998,18.9,730,867,84.2,17356,4675,206,233,88.4,330,361,91.4,182,246,74.0,0,0.3,-0.3,12,60,8,2,66,Matches
106,Ondrej Duda,sk SVK,MF,Köln,27-105,1994,16.0,452,608,74.3,7936,1912,222,271,81.9,146,198,73.7,66,102,64.7,0,2.0,-2.0,16,43,20,4,55,Matches
107,Jeremy Dudziak,tn TUN,MFFW,Greuther Fürth,26-204,1995,12.5,216,320,67.5,3632,1143,98,125,78.4,88,116,75.9,18,49,36.7,0,1.6,-1.6,14,21,8,5,32,Matches
108,Erik Durm,de GER,DF,Eint Frankfurt,29-312,1992,5.3,190,274,69.3,3818,1558,65,74,87.8,97,129,75.2,25,60,41.7,1,0.6,+0.4,3,16,5,0,22,Matches
109,Maximilian Eggestein,de GER,MF,Freiburg,25-102,1996,17.7,476,639,74.5,8093,2454,223,272,82.0,199,252,79.0,43,75,57.3,1,1.4,-0.4,16,62,14,2,65,Matches
110,Lilian Egloff,de GER,FWMF,Stuttgart,19-212,2002,0.3,6,9,66.7,68,24,3,3,100.0,2,3,66.7,0,1,0.0,0,0.2,-0.2,1,0,0,0,1,Matches
111,Kingsley Ehizibue,nl NED,DF,Köln,26-299,1995,3.4,115,172,66.9,2367,1186,39,53,73.6,55,67,82.1,19,42,45.2,1,0.6,+0.4,6,10,7,6,16,Matches
112,Jurgen Ekkelenkamp,nl NED,MFFW,Hertha BSC,21-349,2000,7.2,147,218,67.4,2062,571,83,102,81.4,47,63,74.6,6,21,28.6,0,0.8,-0.8,8,10,3,0,15,Matches
113,Nico Elvedi,ch SUI,DF,M'Gladbach,25-171,1996,22.3,1324,1424,93.0,27752,6984,366,401,91.3,739,775,95.4,210,228,92.1,0,0.0,0.0,2,35,0,0,46,Matches
114,Breel Embolo,ch SUI,FW,M'Gladbach,25-034,1997,16.4,332,445,74.6,4708,1055,207,254,81.5,86,122,70.5,22,33,66.7,2,3.2,-1.2,23,21,13,0,39,Matches
115,Keita Endo,jp JPN,MFFW,Union Berlin,24-118,1997,0.6,18,27,66.7,289,51,9,12,75.0,5,9,55.6,2,2,100.0,0,0.0,0.0,0,1,0,0,2,Matches
116,Wataru Endo,jp JPN,MF,Stuttgart,29-039,1993,26.2,1112,1331,83.5,20094,5034,495,573,86.4,463,529,87.5,134,186,72.0,2,0.8,+1.2,13,103,8,1,107,Matches
117,Michael Esser,de GER,GK,Bochum,34-118,1987,2.0,47,90,52.2,1482,1005,6,6,100.0,25,25,100.0,16,59,27.1,0,0.0,0.0,0,1,0,0,0,Matches
118,Wahidullah Faghir,dk DEN,FW,Stuttgart,18-234,2003,1.4,21,33,63.6,255,55,16,19,84.2,4,8,50.0,0,3,0.0,0,0.0,0.0,0,2,1,0,4,Matches
119,Ömer Faruk Beyaz,tr TUR,FWDF,Stuttgart,18-203,2003,0.8,29,39,74.4,382,91,19,24,79.2,9,13,69.2,1,1,100.0,0,0.0,0.0,0,1,1,0,3,Matches
120,Adrian Fein,de GER,MF,Greuther Fürth,23-002,1999,0.4,6,9,66.7,117,18,2,3,66.7,4,4,100.0,0,2,0.0,0,0.0,0.0,1,0,0,0,0,Matches
121,Ohis Felix Uduokhai,de GER,DF,Augsburg,24-192,1997,7.3,261,328,79.6,5928,2020,71,85,83.5,134,150,89.3,54,87,62.1,0,0.0,0.0,1,22,2,0,19,Matches
122,Edimilson Fernandes,ch SUI,DFFW,Arminia,25-339,1996,3.1,93,124,75.0,1700,653,47,51,92.2,32,42,76.2,12,22,54.5,0,0.3,-0.3,6,6,7,3,14,Matches
123,Alfreð Finnbogason,is ISL,FWMF,Augsburg,33-047,1989,2.2,30,48,62.5,503,152,17,24,70.8,10,15,66.7,3,4,75.0,1,0.8,+0.2,3,3,0,0,4,Matches
124,Mark Flekken,nl NED,GK,Freiburg,28-280,1993,25.0,702,1035,67.8,24983,17248,85,86,98.8,277,279,99.3,338,668,50.6,0,0.1,-0.1,2,37,2,0,2,Matches
125,Emil Forsberg,se SWE,MFFW,RB Leipzig,30-148,1991,14.3,486,604,80.5,7755,2097,278,318,87.4,157,181,86.7,42,83,50.6,2,2.8,-0.8,23,47,28,2,72,Matches
126,Philipp Förster,de GER,FWMF,Stuttgart,27-044,1995,10.2,359,412,87.1,5715,1291,194,214,90.7,136,153,88.9,23,26,88.5,1,0.8,+0.2,7,29,13,2,31,Matches
127,Timothy Fosu-Mensah,nl NED,DF,Leverkusen,24-077,1998,1.6,72,92,78.3,1273,548,35,39,89.7,30,39,76.9,6,10,60.0,0,0.4,-0.4,1,4,3,2,1,Matches
128,Raphael Framberger,de GER,DFMF,Augsburg,26-195,1995,8.2,257,393,65.4,4745,2439,124,155,80.0,88,130,67.7,41,91,45.1,0,0.6,-0.6,12,23,18,10,35,Matches
129,Marvin Friedrich,de GER,DF,Union Berlin,26-097,1995,13.0,471,623,75.6,10735,4243,122,150,81.3,249,286,87.1,93,167,55.7,0,0.9,-0.9,4,40,2,1,34,Matches
130,Marvin Friedrich,de GER,DF,M'Gladbach,26-097,1995,4.5,279,317,88.0,6228,1868,71,78,91.0,156,160,97.5,52,75,69.3,0,0.0,0.0,0,11,2,0,14,Matches
131,Jeremie Frimpong,nl NED,DF,Leverkusen,21-100,2000,22.8,986,1209,81.6,16037,4909,499,553,90.2,402,473,85.0,69,129,53.5,6,4.1,+1.9,27,37,25,10,62,Matches
132,Chris Führich,de GER,MFFW,Stuttgart,24-070,1998,13.9,436,533,81.8,7195,2246,221,251,88.0,157,185,84.9,42,70,60.0,1,2.6,-1.6,23,32,27,6,45,Matches
133,Marius Funk,de GER,GK,Greuther Fürth,26-078,1996,8.0,226,362,62.4,7790,4697,34,34,100.0,89,92,96.7,102,233,43.8,0,0.1,-0.1,3,10,0,0,0,Matches
134,Stephan Fürstner,de GER,MF,Mainz 05,34-190,1987,0.1,1,5,20.0,12,11,1,1,100.0,0,1,0.0,0,3,0.0,0,0.0,0.0,0,0,0,0,1,Matches
135,Mijat Gaćinović,rs SRB,FWDF,Hoffenheim,27-040,1995,1.2,39,46,84.8,660,252,17,18,94.4,20,23,87.0,2,5,40.0,0,0.0,0.0,0,2,0,0,5,Matches
136,Cristian Gamboa,cr CRC,DF,Bochum,32-147,1989,12.2,415,576,72.0,9514,4916,118,132,89.4,188,248,75.8,103,179,57.5,0,0.4,-0.4,6,42,9,7,45,Matches
137,Silvère Ganvoula M'Boussy,cg CGO,FW,Bochum,25-271,1996,1.7,34,60,56.7,612,99,16,22,72.7,14,26,53.8,3,5,60.0,0,0.0,0.0,0,2,0,0,3,Matches
138,Linus Gechter,de GER,DF,Hertha BSC,18-021,2004,6.3,218,278,78.4,4821,1597,63,69,91.3,112,120,93.3,40,81,49.4,0,0.1,-0.1,1,11,1,0,11,Matches
139,Dennis Geiger,de GER,MF,Hoffenheim,23-283,1998,15.1,633,768,82.4,12705,3367,249,281,88.6,275,307,89.6,103,161,64.0,2,2.1,-0.1,22,51,21,2,64,Matches
140,Yannick Gerhardt,de GER,MFDF,Wolfsburg,28-007,1994,11.6,424,573,74.0,7324,2598,174,218,79.8,197,248,79.4,41,72,56.9,0,0.8,-0.8,7,33,13,3,61,Matches
141,Hamadi Al Ghaddioui,ma MAR,FW,Stuttgart,31-179,1990,5.5,73,109,67.0,974,79,45,65,69.2,20,26,76.9,4,6,66.7,2,1.1,+0.9,8,1,2,0,3,Matches
142,Niko Gießelmann,de GER,DF,Union Berlin,30-175,1991,18.8,649,940,69.0,13279,5561,229,282,81.2,312,420,74.3,102,214,47.7,5,1.3,+3.7,25,46,20,12,86,Matches
143,Rafał Gikiewicz,pl POL,GK,Augsburg,34-145,1987,26.0,622,943,66.0,21175,13697,85,86,98.8,238,245,97.1,295,607,48.6,0,0.1,-0.1,2,18,0,0,0,Matches
144,Daniel Ginczek,de GER,MFFW,Wolfsburg,30-341,1991,0.1,1,4,25.0,15,0,1,1,100.0,0,2,0.0,0,0,,0,0.0,0.0,0,0,0,0,0,Matches
145,Matthias Ginter,de GER,DF,M'Gladbach,28-060,1994,22.6,1336,1587,84.2,27617,9832,428,467,91.6,718,795,90.3,182,300,60.7,0,1.5,-1.5,14,80,17,5,136,Matches
146,Serge Gnabry,de GER,FWDF,Bayern Munich,26-249,1995,19.2,841,1070,78.6,12916,3497,473,557,84.9,302,377,80.1,51,93,54.8,4,5.6,-1.6,37,47,47,8,96,Matches
147,Leon Goretzka,de GER,MF,Bayern Munich,27-042,1995,9.9,485,577,84.1,8412,2358,213,240,88.8,210,239,87.9,44,65,67.7,2,2.2,-0.2,20,48,10,0,58,Matches
148,Jeffrey Gouweleeuw,nl NED,DF,Augsburg,30-253,1991,20.6,635,872,72.8,15583,6331,146,179,81.6,317,378,83.9,166,298,55.7,0,0.5,-0.5,5,64,12,1,49,Matches
149,Julian Green,us USA,MF,Greuther Fürth,26-287,1995,8.0,212,287,73.9,3866,1055,99,113,87.6,83,93,89.2,24,70,34.3,0,0.5,-0.5,9,17,4,1,19,Matches
150,Michael Gregoritsch,at AUT,FWMF,Augsburg,27-336,1994,11.2,178,295,60.3,2816,733,98,139,70.5,59,105,56.2,14,34,41.2,0,1.0,-1.0,6,21,6,3,20,Matches
151,Sebastian Griesbeck,de GER,DFMF,Greuther Fürth,31-168,1990,21.1,494,620,79.7,10437,2711,162,183,88.5,230,258,89.1,92,149,61.7,0,0.0,0.0,1,30,1,0,32,Matches
152,Sebastian Griesbeck,de GER,MF,Union Berlin,31-168,1990,0.1,1,1,100.0,18,16,0,0,,1,1,100.0,0,0,,0,0.0,0.0,0,1,0,0,1,Matches
153,Vincenzo Grifo,it ITA,MFFW,Freiburg,28-347,1993,23.9,815,1119,72.8,15111,5785,393,456,86.2,273,357,76.5,131,263,49.8,6,5.9,+0.1,51,64,50,9,111,Matches
154,Lennart Grill,de GER,GK,Leverkusen,23-054,1999,1.0,31,45,68.9,773,416,9,9,100.0,14,14,100.0,8,22,36.4,0,0.0,0.0,0,0,0,0,0,Matches
155,Florian Grillitsch,at AUT,DFMF,Hoffenheim,26-225,1995,15.6,870,968,89.9,20462,6242,232,256,90.6,417,443,94.1,215,251,85.7,0,0.5,-0.5,12,86,15,2,78,Matches
156,Carlos Gruezo,ec ECU,MF,Augsburg,26-335,1995,7.1,163,203,80.3,3554,967,48,57,84.2,78,89,87.6,35,49,71.4,0,0.0,0.0,1,9,2,1,15,Matches
157,Raphaël Guerreiro,pt POR,DF,Dortmund,28-088,1993,13.7,939,1100,85.4,14852,6483,492,552,89.1,374,419,89.3,56,86,65.1,2,1.5,+0.5,23,74,16,4,94,Matches
158,Josuha Guilavogui,fr FRA,MFDF,Wolfsburg,31-182,1990,10.5,438,527,83.1,8665,2433,142,169,84.0,222,251,88.4,62,86,72.1,0,0.1,-0.1,2,15,1,0,32,Matches
159,Péter Gulácsi,hu HUN,GK,RB Leipzig,31-318,1990,25.0,667,855,78.0,18022,9672,155,155,100.0,307,312,98.4,199,382,52.1,0,0.0,0.0,0,10,1,0,2,Matches
160,Manuel Gulde,de GER,DF,Freiburg,31-036,1991,12.2,437,522,83.7,9715,2999,107,126,84.9,241,264,91.3,84,120,70.0,0,0.1,-0.1,2,25,1,1,27,Matches
161,Robert Gumny,pl POL,DF,Augsburg,23-289,1998,19.2,598,784,76.3,10691,4377,294,337,87.2,225,290,77.6,74,131,56.5,0,0.3,-0.3,6,42,8,1,53,Matches
162,Christian Günter,de GER,DF,Freiburg,29-020,1993,27.0,921,1336,68.9,16508,7371,421,500,84.2,372,486,76.5,107,272,39.3,5,5.2,-0.2,54,64,33,21,89,Matches
163,Lasse Günther,de GER,DF,Augsburg,18-364,2003,0.8,25,35,71.4,521,217,9,12,75.0,10,14,71.4,6,7,85.7,0,0.0,0.0,1,2,1,0,3,Matches
164,Joško Gvardiol,hr CRO,DF,RB Leipzig,20-056,2002,22.4,1462,1752,83.4,27931,12081,568,627,90.6,704,784,89.8,173,279,62.0,2,1.8,+0.2,11,152,19,1,131,Matches
165,Erling Haaland,no NOR,FW,Dortmund,21-242,2000,13.4,216,306,70.6,2680,519,136,179,76.0,51,77,66.2,6,10,60.0,6,3.6,+2.4,17,6,16,0,23,Matches
166,Janik Haberer,de GER,MF,Freiburg,27-352,1994,8.6,218,286,76.2,3620,718,101,129,78.3,92,107,86.0,15,23,65.2,0,0.1,-0.1,2,18,2,0,11,Matches
167,Alexander Hack,de GER,DF,Mainz 05,28-193,1993,17.2,611,787,77.6,13259,5394,182,220,82.7,282,344,82.0,134,192,69.8,0,0.4,-0.4,2,46,4,0,58,Matches
168,Robin Hack,de GER,MFFW,Arminia,23-205,1998,11.7,274,382,71.7,4648,1365,134,158,84.8,101,130,77.7,28,62,45.2,1,1.2,-0.2,14,20,19,4,42,Matches
169,André Hahn,de GER,FWMF,Augsburg,31-219,1990,17.7,188,334,56.3,3115,889,103,150,68.7,59,102,57.8,23,57,40.4,1,1.1,-0.1,11,10,11,7,20,Matches
170,Amadou Haidara,ml MLI,MF,RB Leipzig,24-048,1998,14.7,656,789,83.1,11238,3519,312,352,88.6,259,303,85.5,68,89,76.4,1,0.5,+0.5,7,64,18,1,90,Matches
171,Marcel Halstenberg,de GER,DF,RB Leipzig,30-174,1991,0.4,35,36,97.2,728,195,12,13,92.3,15,15,100.0,8,8,100.0,0,0.0,0.0,0,5,0,0,3,Matches
172,Genki Haraguchi,jp JPN,MF,Union Berlin,30-315,1991,15.3,329,436,75.5,5702,1613,154,186,82.8,132,165,80.0,33,55,60.0,4,2.0,+2.0,21,33,9,2,48,Matches
173,Makoto Hasebe,jp JPN,DFMF,Eint Frankfurt,38-061,1984,9.7,527,622,84.7,11489,3232,150,163,92.0,267,297,89.9,101,146,69.2,0,0.1,-0.1,2,42,3,0,40,Matches
174,Thorgan Hazard,be BEL,FWDF,Dortmund,28-356,1993,12.2,522,686,76.1,8544,2299,267,308,86.7,190,247,76.9,46,92,50.0,1,1.9,-0.9,19,16,15,4,47,Matches
175,Jonas Hector,de GER,DF,Köln,31-297,1990,22.6,983,1283,76.6,20156,7591,349,402,86.8,445,536,83.0,177,294,60.2,5,3.2,+1.8,30,54,24,12,91,Matches
176,Hwang Hee-chan,kr KOR,FW,RB Leipzig,26-053,1996,0.5,6,8,75.0,94,0,4,4,100.0,2,2,100.0,0,1,0.0,0,0.0,0.0,0,0,0,0,0,Matches
177,Dominique Heintz,de GER,DF,Union Berlin,28-217,1993,3.2,121,152,79.6,2429,786,39,43,90.7,65,77,84.4,15,26,57.7,0,0.0,0.0,1,8,0,0,8,Matches
178,Dominique Heintz,de GER,DF,Freiburg,28-217,1993,0.3,19,21,90.5,530,141,2,4,50.0,11,11,100.0,6,6,100.0,0,0.0,0.0,0,1,0,0,0,Matches
179,Benjamin Henrichs,de GER,DF,RB Leipzig,25-025,1997,9.5,468,577,81.1,7226,2885,243,272,89.3,190,222,85.6,21,53,39.6,3,2.0,+1.0,11,37,17,3,74,Matches
180,Lucas Hernández,fr FRA,DF,Bayern Munich,26-034,1996,18.8,1507,1661,90.7,29729,10292,524,552,94.9,795,843,94.3,177,240,73.8,1,0.5,+0.5,8,145,9,1,120,Matches
181,Patrick Herrmann,de GER,DFFW,M'Gladbach,31-036,1991,8.0,255,359,71.0,4775,1726,130,159,81.8,87,111,78.4,36,78,46.2,3,1.5,+1.5,17,9,11,3,31,Matches
182,Piero Hincapié,ec ECU,DF,Leverkusen,20-070,2002,15.5,761,912,83.4,14129,4566,289,315,91.7,376,414,90.8,78,131,59.5,2,1.0,+1.0,7,30,7,3,49,Matches
183,Martin Hinteregger,at AUT,DF,Eint Frankfurt,29-194,1992,20.7,838,1073,78.1,18474,6754,239,279,85.7,446,505,88.3,147,265,55.5,0,0.4,-0.4,3,59,5,0,54,Matches
184,Marwin Hitz,ch SUI,GK,Dortmund,34-183,1987,1.5,48,54,88.9,1242,633,11,11,100.0,18,19,94.7,19,24,79.2,0,0.0,0.0,0,0,0,0,0,Matches
185,Nicolas Höfler,de GER,MF,Freiburg,32-011,1990,22.0,760,909,83.6,13344,3637,340,374,90.9,341,399,85.5,62,96,64.6,3,1.7,+1.3,12,62,13,2,89,Matches
186,Jonas Hofmann,de GER,MFFW,M'Gladbach,29-249,1992,18.1,781,1012,77.2,14112,3961,373,418,89.2,260,312,83.3,122,220,55.5,2,5.2,-3.2,62,45,25,4,66,Matches
187,Lucas Höler,de GER,FWMF,Freiburg,27-253,1994,23.7,523,751,69.6,7629,1614,311,413,75.3,153,213,71.8,31,48,64.6,1,2.9,-1.9,32,30,26,2,56,Matches
188,Gerrit Holtmann,ph PHI,FWMF,Bochum,26-360,1995,16.3,201,303,66.3,3342,1163,110,139,79.1,58,88,65.9,23,52,44.2,4,4.3,-0.3,28,10,26,14,31,Matches
189,Justin Hoogma,nl NED,DF,Greuther Fürth,23-282,1998,3.0,143,171,83.6,3417,1175,31,34,91.2,78,85,91.8,34,51,66.7,0,0.0,0.0,1,9,0,0,4,Matches
190,Jannes Horn,de GER,DF,Köln,25-042,1997,2.4,83,121,68.6,1701,783,32,37,86.5,42,54,77.8,9,26,34.6,0,0.1,-0.1,1,7,2,0,13,Matches
191,Timo Horn,de GER,GK,Köln,28-312,1993,13.0,419,520,80.6,12676,7330,59,59,100.0,197,199,99.0,161,260,61.9,0,0.0,0.0,0,4,0,0,0,Matches
192,Lukáš Hrádecký,fi FIN,GK,Leverkusen,32-116,1989,25.0,754,994,75.9,21390,12725,133,135,98.5,344,348,98.9,273,507,53.8,0,0.0,0.0,1,8,0,0,0,Matches
193,Branimir Hrgota,se SWE,FW,Greuther Fürth,29-067,1993,24.0,395,561,70.4,6403,1887,203,266,76.3,125,167,74.9,42,69,60.9,4,2.6,+1.4,28,31,18,5,54,Matches
194,Ajdin Hrustic,au AUS,MF,Eint Frankfurt,25-258,1996,6.8,326,393,83.0,6130,2004,140,160,87.5,141,153,92.2,41,64,64.1,0,0.6,-0.6,5,23,5,1,30,Matches
195,Timo Hübers,de GER,DF,Köln,25-243,1996,12.4,671,798,84.1,15617,4478,144,165,87.3,358,398,89.9,162,218,74.3,0,0.0,0.0,0,34,1,0,28,Matches
196,Benjamin Hübner,de GER,DF,Hoffenheim,32-259,1989,4.2,215,262,82.1,4152,1640,84,90,93.3,105,124,84.7,24,41,58.5,0,0.0,0.0,0,23,1,0,23,Matches
197,Mats Hummels,de GER,DF,Dortmund,33-094,1988,17.6,1185,1345,88.1,26729,8032,268,297,90.2,683,739,92.4,225,287,78.4,2,0.7,+1.3,3,54,4,0,51,Matches
198,Iago,br BRA,DF,Augsburg,24-362,1997,17.9,622,920,67.6,11877,5053,251,284,88.4,284,406,70.0,85,184,46.2,5,2.3,+2.7,29,44,33,19,69,Matches
199,Stefan Ilsanker,at AUT,DFMF,Eint Frankfurt,32-306,1989,1.9,50,61,82.0,922,448,21,22,95.5,22,26,84.6,5,10,50.0,0,0.0,0.0,0,2,0,0,3,Matches
200,Burak İnce,tr TUR,FW,Arminia,18-059,2004,0.0,2,3,66.7,21,1,2,2,100.0,0,1,0.0,0,0,,0,0.0,0.0,0,0,0,0,0,Matches
201,Marcus Ingvartsen,dk DEN,MF,Union Berlin,26-075,1996,1.4,25,33,75.8,394,83,14,15,93.3,9,14,64.3,2,3,66.7,0,0.0,0.0,0,1,0,0,1,Matches
202,Marcus Ingvartsen,dk DEN,FWMF,Mainz 05,26-075,1996,5.1,102,152,67.1,1583,374,55,74,74.3,28,40,70.0,10,24,41.7,0,0.3,-0.3,3,5,4,2,9,Matches
203,Hiroki Ito,jp JPN,DF,Stuttgart,22-312,1999,19.1,1163,1420,81.9,25864,9592,336,369,91.1,602,648,92.9,217,382,56.8,0,1.0,-1.0,12,83,12,1,84,Matches
204,Cedric Itten,ch SUI,FW,Greuther Fürth,25-083,1996,7.1,90,151,59.6,1182,248,58,89,65.2,22,37,59.5,3,6,50.0,0,0.1,-0.1,3,11,1,0,7,Matches
205,Gian-Luca Itter,de GER,DF,Greuther Fürth,23-074,1999,9.2,340,472,72.0,6661,3078,124,144,86.1,169,218,77.5,45,100,45.0,1,0.8,+0.2,7,28,10,7,39,Matches
206,Lee Jae-sung,kr KOR,MFFW,Mainz 05,29-222,1992,15.0,443,603,73.5,6916,1951,245,301,81.4,141,185,76.2,39,73,53.4,2,1.8,+0.2,20,31,21,5,48,Matches
207,Paul Jaeckel,de GER,DF,Union Berlin,23-241,1998,16.7,685,850,80.6,15400,5025,178,211,84.4,356,396,89.9,144,219,65.8,0,0.1,-0.1,2,45,2,0,43,Matches
208,Kristijan Jakić,hr CRO,MF,Eint Frankfurt,24-310,1997,15.0,413,570,72.5,7589,2380,173,225,76.9,182,226,80.5,51,88,58.0,0,0.3,-0.3,3,43,4,2,56,Matches
209,Tony Jantschke,de GER,DF,M'Gladbach,31-347,1990,2.5,85,118,72.0,1611,678,38,44,86.4,36,44,81.8,11,29,37.9,0,0.1,-0.1,1,5,0,0,7,Matches
210,Dennis Jastrzembski,pl POL,DFFW,Hertha BSC,22-028,2000,2.5,69,107,64.5,1305,442,31,41,75.6,27,46,58.7,10,17,58.8,0,0.5,-0.5,4,3,2,0,6,Matches
211,Fredrik Jensen,fi FIN,MFFW,Augsburg,24-192,1997,4.6,62,113,54.9,1087,393,37,51,72.5,12,31,38.7,11,23,47.8,1,0.6,+0.4,6,8,7,3,10,Matches
212,Marco John,de GER,DF,Hoffenheim,19-352,2002,0.5,15,16,93.8,221,100,9,9,100.0,5,6,83.3,1,1,100.0,0,0.0,0.0,0,1,0,0,2,Matches
213,Stevan Jovetić,me MNE,FW,Hertha BSC,32-138,1989,11.0,262,371,70.6,4069,1308,159,195,81.5,72,105,68.6,23,41,56.1,1,2.3,-1.3,16,29,17,2,39,Matches
214,Gideon Jung,de GER,DF,Greuther Fürth,27-189,1994,1.0,29,35,82.9,555,145,8,9,88.9,19,20,95.0,2,6,33.3,0,0.0,0.0,0,1,0,0,2,Matches
215,Anton Kade,de GER,DFMF,Hertha BSC,18-062,2004,0.6,20,27,74.1,340,80,8,8,100.0,10,13,76.9,1,4,25.0,0,0.0,0.0,0,0,0,0,0,Matches
216,Pavel Kadeřábek,cz CZE,DF,Hoffenheim,29-329,1992,9.0,366,490,74.7,6436,2606,165,194,85.1,160,209,76.6,36,60,60.0,1,2.2,-1.2,17,20,15,7,43,Matches
217,Florian Kainz,at AUT,MFFW,Köln,29-147,1992,20.6,510,832,61.3,10427,3816,192,251,76.5,218,299,72.9,91,240,37.9,3,4.4,-1.4,43,45,37,11,84,Matches
218,Sasa Kalajdzic,at AUT,FW,Stuttgart,24-256,1997,7.7,157,216,72.7,2488,405,85,109,78.0,56,75,74.7,13,19,68.4,1,2.0,-1.0,7,7,2,0,17,Matches
219,Felix Kalu Nmecha,eng ENG,MFFW,Wolfsburg,21-161,2000,2.4,69,100,69.0,1169,326,35,45,77.8,24,34,70.6,8,14,57.1,0,0.1,-0.1,1,7,3,0,10,Matches
220,Daichi Kamada,jp JPN,MFFW,Eint Frankfurt,25-227,1996,19.2,531,684,77.6,9554,2433,247,298,82.9,217,266,81.6,55,92,59.8,2,2.7,-0.7,26,56,21,0,76,Matches
221,Kevin Kampl,si SVN,MF,RB Leipzig,31-162,1990,15.2,965,1065,90.6,16919,3927,401,427,93.9,449,487,92.2,87,109,79.8,1,1.2,-0.2,11,87,16,0,92,Matches
222,Stefanos Kapino,gr GRE,GK,Arminia,28-002,1994,1.0,20,31,64.5,738,455,0,0,,11,11,100.0,9,20,45.0,0,0.0,0.0,0,0,0,0,0,Matches
223,Atakan Karazor,de GER,MF,Stuttgart,25-158,1996,16.2,719,863,83.3,13375,3495,291,341,85.3,328,368,89.1,87,123,70.7,1,1.9,-0.9,14,56,8,1,62,Matches
224,Silas Katompa,cd COD,MFFW,Stuttgart,23-165,1998,3.1,40,63,63.5,646,102,24,32,75.0,11,17,64.7,4,10,40.0,0,0.0,0.0,0,1,1,1,2,Matches
225,Noah Katterbach,de GER,DF,Köln,20-341,2001,0.2,6,12,50.0,81,44,4,4,100.0,2,4,50.0,0,2,0.0,0,0.0,0.0,0,0,0,0,0,Matches
226,Yannik Keitel,de GER,MF,Freiburg,22-033,2000,5.6,129,186,69.4,2547,615,50,66,75.8,60,81,74.1,18,35,51.4,0,0.0,0.0,1,13,0,0,11,Matches
227,Marc-Oliver Kempf,de GER,DF,Hertha BSC,27-051,1995,4.7,151,209,72.2,2985,1195,61,71,85.9,68,81,84.0,20,51,39.2,1,0.4,+0.6,4,14,1,0,15,Matches
228,Marc-Oliver Kempf,de GER,DF,Stuttgart,27-051,1995,9.3,478,578,82.7,9630,3687,163,180,90.6,238,269,88.5,73,116,62.9,0,0.5,-0.5,5,47,3,0,39,Matches
229,Rani Khedira,de GER,MF,Union Berlin,28-052,1994,23.7,549,740,74.2,9881,2814,237,297,79.8,241,304,79.3,55,98,56.1,0,0.3,-0.3,5,49,9,5,55,Matches
230,Luca Kilian,de GER,FW,Mainz 05,22-200,1999,0.0,0,1,0.0,0,0,0,1,0.0,0,0,,0,0,,0,0.0,0.0,0,0,0,0,0,Matches
231,Luca Kilian,de GER,DF,Köln,22-200,1999,17.6,801,938,85.4,19037,5101,149,173,86.1,464,496,93.5,178,253,70.4,0,0.2,-0.2,3,43,3,0,36,Matches
232,Joshua Kimmich,de GER,MF,Bayern Munich,27-040,1995,20.6,1627,1929,84.3,32286,10572,652,702,92.9,678,763,88.9,264,407,64.9,6,6.7,-0.7,59,162,37,4,188,Matches
233,Philipp Klement,de GER,MFFW,Stuttgart,29-192,1992,3.8,214,272,78.7,4259,1155,90,103,87.4,86,98,87.8,37,61,60.7,0,0.9,-0.9,7,25,5,0,25,Matches
234,Mateo Klimowicz,de GER,FWMF,Stuttgart,21-257,2000,6.7,146,196,74.5,2424,624,73,87,83.9,58,73,79.5,10,20,50.0,1,0.5,+0.5,4,13,10,0,24,Matches
235,Fabian Klos,de GER,FW,Arminia,34-108,1987,15.5,233,435,53.6,3747,1119,140,207,67.6,61,144,42.4,25,52,48.1,1,1.3,-0.3,15,33,8,2,39,Matches
236,Lukas Klostermann,de GER,DF,RB Leipzig,25-291,1996,15.2,721,834,86.5,13583,4863,285,313,91.1,358,392,91.3,73,111,65.8,1,0.3,+0.7,3,54,8,1,57,Matches
237,Lukas Klünter,de GER,DF,Hertha BSC,25-298,1996,2.2,67,100,67.0,1270,558,27,34,79.4,34,47,72.3,6,16,37.5,0,0.3,-0.3,2,5,5,2,11,Matches
238,Ansgar Knauff,de GER,FWMF,Dortmund,20-069,2002,1.3,23,37,62.2,302,80,14,17,82.4,5,11,45.5,2,4,50.0,0,0.1,-0.1,1,1,1,0,2,Matches
239,Ansgar Knauff,de GER,DFFW,Eint Frankfurt,20-069,2002,2.9,81,129,62.8,1340,585,39,60,65.0,33,47,70.2,7,14,50.0,0,0.3,-0.3,5,7,5,3,14,Matches
240,Robin Knoche,de GER,DF,Union Berlin,29-302,1992,26.0,1087,1313,82.8,26739,8754,189,224,84.4,589,643,91.6,296,424,69.8,0,0.1,-0.1,2,63,1,0,66,Matches
241,Gregor Kobel,ch SUI,GK,Dortmund,24-104,1997,24.5,738,906,81.5,18151,9333,190,190,100.0,366,368,99.5,180,346,52.0,0,0.0,0.0,0,7,0,0,0,Matches
242,Dominik Kohr,de GER,MF,Mainz 05,28-048,1994,12.1,443,590,75.1,7734,2425,203,254,79.9,190,247,76.9,40,65,61.5,1,0.9,+0.1,5,43,5,0,64,Matches
243,Kouadio Koné,fr FRA,MF,M'Gladbach,20-307,2001,17.6,794,900,88.2,13138,4328,402,434,92.6,319,355,89.9,59,79,74.7,0,0.7,-0.7,11,75,11,2,88,Matches
244,Odilon Kossonou,ci CIV,DF,Leverkusen,21-075,2001,12.0,612,700,87.4,13907,4570,161,172,93.6,313,331,94.6,136,184,73.9,1,0.6,+0.4,3,18,1,1,19,Matches
245,Filip Kostić,rs SRB,DFFW,Eint Frankfurt,29-139,1992,21.3,729,1163,62.7,15843,6575,240,317,75.7,337,472,71.4,142,303,46.9,8,7.6,+0.4,65,63,49,33,97,Matches
246,Nianzou Kouassi,fr FRA,DFMF,Bayern Munich,19-286,2002,3.0,218,243,89.7,4099,1234,81,90,90.0,114,124,91.9,22,28,78.6,1,0.4,+0.6,2,12,2,0,19,Matches
247,Andrej Kramarić,hr CRO,FWMF,Hoffenheim,30-274,1991,23.1,642,819,78.4,10360,2391,340,404,84.2,230,284,81.0,45,79,57.0,7,5.9,+1.1,32,44,33,10,60,Matches
248,Christoph Kramer,de GER,MF,M'Gladbach,31-029,1991,7.4,330,416,79.3,5379,1582,165,191,86.4,132,162,81.5,27,42,64.3,0,0.2,-0.2,4,21,5,1,32,Matches
249,Florian Krüger,de GER,FWMF,Arminia,23-035,1999,9.8,171,252,67.9,2773,827,97,119,81.5,54,80,67.5,15,32,46.9,2,1.4,+0.6,9,12,11,2,27,Matches
250,Max Kruse,de GER,MFFW,Wolfsburg,34-001,1988,5.7,155,220,70.5,2897,532,78,96,81.3,52,75,69.3,22,37,59.5,0,1.1,-1.1,7,10,6,3,16,Matches
251,Max Kruse,de GER,FWMF,Union Berlin,34-001,1988,14.1,350,481,72.8,7107,2028,146,179,81.6,141,177,79.7,61,110,55.5,4,3.4,+0.6,24,36,25,8,51,Matches
252,Lukas Kübler,de GER,DF,Freiburg,29-202,1992,20.7,668,937,71.3,13101,4224,262,310,84.5,299,385,77.7,96,205,46.8,0,0.8,-0.8,7,49,18,8,70,Matches
253,Fabian Kunze,de GER,MF,Arminia,23-279,1998,11.8,303,411,73.7,5342,1488,142,172,82.6,116,151,76.8,36,66,54.5,0,0.2,-0.2,5,28,7,3,33,Matches
254,Maxence Lacroix,fr FRA,DF,Wolfsburg,21-348,2000,21.4,989,1210,81.7,23327,7867,218,253,86.2,548,612,89.5,220,319,69.0,0,0.2,-0.2,5,69,7,0,77,Matches
255,Konrad Laimer,at AUT,MF,RB Leipzig,24-297,1997,8.2,354,447,79.2,5889,1424,178,208,85.6,123,151,81.5,38,61,62.3,2,1.0,+1.0,8,35,7,2,33,Matches
256,Stefan Lainer,at AUT,DF,M'Gladbach,29-205,1992,9.4,359,491,73.1,6153,2992,171,206,83.0,154,201,76.6,30,60,50.0,0,1.3,-1.3,6,29,11,3,58,Matches
257,Vassilis Lambropoulos,gr GRE,DF,Bochum,31-354,1990,13.0,350,420,83.3,8678,2120,62,78,79.5,187,210,89.0,94,121,77.7,0,0.0,0.0,1,14,0,0,13,Matches
258,Sam Lammers,nl NED,FW,Eint Frankfurt,24-324,1997,4.6,75,115,65.2,1079,314,41,65,63.1,27,38,71.1,2,3,66.7,0,0.1,-0.1,2,8,3,0,10,Matches
259,Bryan Lasme,fr FRA,FWMF,Arminia,23-126,1998,9.3,119,192,62.0,1842,379,69,106,65.1,35,54,64.8,9,16,56.3,0,0.4,-0.4,8,8,9,4,12,Matches
260,Maxim Leitsch,de GER,DF,Bochum,23-306,1998,11.1,436,516,84.5,10050,2472,98,115,85.2,233,248,94.0,98,136,72.1,0,0.3,-0.3,1,32,2,1,29,Matches
261,Tim Lemperle,de GER,FWMF,Köln,20-043,2002,0.9,28,39,71.8,379,87,19,26,73.1,7,9,77.8,1,2,50.0,0,0.2,-0.2,3,4,1,0,4,Matches
262,Christopher Lenz,de GER,DF,Eint Frankfurt,27-179,1994,6.6,330,460,71.7,6366,2627,139,166,83.7,137,185,74.1,50,93,53.8,1,0.9,+0.1,12,21,4,1,37,Matches
263,Robert Lewandowski,pl POL,FW,Bayern Munich,33-211,1988,26.1,470,610,77.0,6777,1443,297,361,82.3,129,162,79.6,27,45,60.0,1,4.9,-3.9,34,37,25,3,45,Matches
264,Jamie Leweling,de GER,FW,Greuther Fürth,21-022,2001,17.1,193,298,64.8,3016,587,111,144,77.1,54,79,68.4,18,43,41.9,1,1.5,-0.5,13,12,8,2,21,Matches
265,Philipp Lienhart,at AUT,DF,Freiburg,25-252,1996,24.9,1125,1302,86.4,27604,7566,200,232,86.2,640,685,93.4,280,370,75.7,0,0.0,0.0,0,54,2,0,62,Matches
266,Andreas Linde,se SWE,GK,Greuther Fürth,28-239,1993,6.0,151,238,63.4,4670,3029,25,26,96.2,64,67,95.5,61,144,42.4,0,0.0,0.0,0,3,0,0,0,Matches
267,Jesper Lindstrøm,dk DEN,MFFW,Eint Frankfurt,22-019,2000,17.9,332,485,68.5,5385,1535,167,211,79.1,117,170,68.8,31,62,50.0,4,5.0,-1.0,37,20,18,5,37,Matches
268,Dejan Ljubicic,at AUT,MFFW,Köln,24-163,1997,16.8,418,581,71.9,7449,2138,191,235,81.3,163,222,73.4,52,80,65.0,1,3.1,-2.1,32,29,25,11,50,Matches
269,Jürgen Locadia,nl NED,FWMF,Bochum,28-133,1993,3.8,73,89,82.0,1238,235,32,38,84.2,33,38,86.8,7,8,87.5,1,0.5,+0.5,6,9,2,1,10,Matches
270,Anthony Losilla,fr FRA,MF,Bochum,36-010,1986,24.6,730,939,77.7,15604,3617,265,327,81.0,279,352,79.3,170,223,76.2,0,0.6,-0.6,10,64,8,1,64,Matches
271,Marcel Lotka,pl POL,GK,Hertha BSC,20-299,2001,3.0,78,100,78.0,2391,1445,11,12,91.7,35,35,100.0,32,53,60.4,0,0.0,0.0,0,1,0,0,0,Matches
272,Eduard Löwen,de GER,MF,Bochum,25-051,1997,13.1,381,569,67.0,7847,2945,160,204,78.4,129,174,74.1,81,157,51.6,2,3.0,-1.0,32,45,8,2,58,Matches
273,Anderson Lucoqui,ao ANG,DF,Mainz 05,24-257,1997,6.8,116,186,62.4,2238,1110,44,55,80.0,52,80,65.0,16,40,40.0,0,0.2,-0.2,4,11,4,2,14,Matches
274,Dodi Lukebakio,be BEL,FW,Hertha BSC,24-177,1997,2.0,27,36,75.0,480,86,12,17,70.6,9,12,75.0,5,5,100.0,0,0.0,0.0,0,0,0,0,0,Matches
275,Dodi Lukebakio,be BEL,FWMF,Wolfsburg,24-177,1997,9.5,221,287,77.0,3707,631,118,136,86.8,74,94,78.7,24,39,61.5,2,2.2,-0.2,10,13,8,3,22,Matches
276,Andreas Luthe,de GER,GK,Union Berlin,35-010,1987,25.0,611,916,66.7,19074,12168,105,107,98.1,265,271,97.8,240,535,44.9,0,0.0,0.0,0,17,0,0,0,Matches
277,Matej Maglica,hr CRO,DF,Stuttgart,23-176,1998,0.1,0,1,0.0,0,0,0,1,0.0,0,0,,0,0,,0,0.0,0.0,0,0,0,0,0,Matches
278,Arne Maier,de GER,MF,Augsburg,23-071,1999,15.6,446,622,71.7,9075,2640,176,214,82.2,170,213,79.8,86,162,53.1,4,2.1,+1.9,20,41,16,3,46,Matches
279,Donyell Malen,nl NED,FW,Dortmund,23-060,1999,18.3,389,525,74.1,5399,1314,231,295,78.3,113,157,72.0,18,30,60.0,3,3.6,-0.6,18,17,18,5,36,Matches
280,Lennard Maloney,us USA,DF,Dortmund,22-163,1999,0.1,13,16,81.3,281,66,5,5,100.0,5,5,100.0,3,6,50.0,0,0.1,-0.1,1,1,1,1,0,Matches
281,Orel Mangala,be BEL,MF,Stuttgart,24-002,1998,16.5,585,689,84.9,9681,1757,273,310,88.1,250,280,89.3,48,63,76.2,3,1.9,+1.1,26,37,9,0,37,Matches
282,Myziane Maolida,fr FRA,FWMF,Hertha BSC,23-034,1999,7.8,148,209,70.8,2051,549,95,119,79.8,43,60,71.7,4,12,33.3,1,0.3,+0.7,5,5,8,1,16,Matches
283,Omar Marmoush,eg EGY,FW,Wolfsburg,23-041,1999,0.3,6,9,66.7,77,42,3,3,100.0,2,3,66.7,0,0,,0,0.3,-0.3,1,1,0,0,2,Matches
284,Omar Marmoush,eg EGY,FWMF,Stuttgart,23-041,1999,13.6,250,353,70.8,4163,1059,133,170,78.2,75,106,70.8,30,47,63.8,4,1.5,+2.5,22,11,6,2,16,Matches
285,Aarón Martín,es ESP,DF,Mainz 05,24-332,1997,19.0,584,840,69.5,11392,4678,254,289,87.9,227,283,80.2,96,239,40.2,1,3.3,-2.3,41,43,22,15,60,Matches
286,Josep Martinez,es ESP,GK,RB Leipzig,23-297,1998,1.0,19,22,86.4,543,419,1,1,100.0,12,12,100.0,6,9,66.7,0,0.0,0.0,0,1,0,0,0,Matches
287,Erhan Mašović,rs SRB,DF,Bochum,23-118,1998,13.2,397,519,76.5,9747,2003,63,78,80.8,234,260,90.0,97,172,56.4,0,0.0,0.0,0,20,1,0,18,Matches
288,Roberto Massimo,de GER,DFFW,Stuttgart,21-159,2000,9.4,216,288,75.0,3524,903,103,124,83.1,88,100,88.0,16,36,44.4,0,1.1,-1.1,10,7,4,2,20,Matches
289,Konstantinos Mavropanos,gr GRE,DF,Stuttgart,24-099,1997,23.1,1176,1442,81.6,26269,9954,371,407,91.2,546,632,86.4,245,362,67.7,0,0.1,-0.1,4,93,6,1,89,Matches
290,Eric Maxim Choupo-Moting,cm CMR,FWMF,Bayern Munich,32-362,1989,3.0,76,106,71.7,1109,263,47,58,81.0,26,35,74.3,2,5,40.0,1,0.2,+0.8,3,7,1,0,6,Matches
291,Kevin Mbabu,ch SUI,DF,Wolfsburg,26-335,1995,12.9,515,735,70.1,10671,4839,167,199,83.9,265,336,78.9,77,167,46.1,0,2.0,-2.0,18,43,20,9,65,Matches
292,Nathan de Medina,be BEL,DF,Arminia,24-163,1997,5.9,154,212,72.6,2970,1047,57,60,95.0,78,97,80.4,17,43,39.5,0,0.0,0.0,0,6,1,1,6,Matches
293,Admir Mehmedi,ch SUI,MF,Wolfsburg,31-004,1991,0.0,4,6,66.7,62,20,2,3,66.7,2,2,100.0,0,0,,0,0.0,0.0,0,1,0,0,1,Matches
294,Jorge Meré,es ESP,DF,Köln,24-337,1997,5.4,260,300,86.7,6567,1934,42,51,82.4,141,151,93.4,74,93,79.6,0,0.0,0.0,1,25,1,0,26,Matches
295,Thomas Meunier,be BEL,DF,Dortmund,30-189,1991,15.6,898,1152,78.0,16457,6541,381,431,88.4,412,512,80.5,91,168,54.2,4,2.6,+1.4,14,56,24,13,105,Matches
296,Marco Meyerhöfer,de GER,DF,Greuther Fürth,26-122,1995,24.3,878,1176,74.7,15133,7016,426,475,89.7,340,448,75.9,91,183,49.7,0,0.8,-0.8,18,80,8,3,102,Matches
297,Sven Michel,de GER,FW,Union Berlin,31-248,1990,2.8,58,87,66.7,933,204,29,38,76.3,17,28,60.7,8,12,66.7,0,0.6,-0.6,4,2,3,2,7,Matches
298,Enzo Millot,fr FRA,MF,Stuttgart,19-246,2002,0.4,17,21,81.0,239,33,11,12,91.7,6,7,85.7,0,0,,0,0.0,0.0,0,1,1,0,2,Matches
299,Maximilian Mittelstädt,de GER,DFFW,Hertha BSC,25-002,1997,13.9,490,688,71.2,8726,4044,223,270,82.6,193,249,77.5,60,127,47.2,3,2.6,+0.4,18,38,17,9,67,Matches
300,Anthony Modeste,fr FRA,FW,Köln,33-340,1988,22.0,232,349,66.5,3857,521,114,156,73.1,88,131,67.2,19,33,57.6,1,0.5,+0.5,11,12,6,1,19,Matches
301,Kevin Möhwald,de GER,MF,Union Berlin,28-260,1993,3.9,142,176,80.7,2493,707,61,70,87.1,60,73,82.2,15,20,75.0,0,0.3,-0.3,4,15,6,4,12,Matches
302,Clinton Mola,eng ENG,DF,Stuttgart,21-005,2001,1.3,110,120,91.7,2313,520,32,36,88.9,63,66,95.5,15,18,83.3,0,0.0,0.0,0,4,0,0,5,Matches
303,Jan Morávek,cz CZE,MF,Augsburg,32-139,1989,4.6,119,166,71.7,2101,501,59,72,81.9,28,41,68.3,21,35,60.0,0,0.6,-0.6,7,8,3,0,13,Matches
304,Ilaix Moriba,gn GUI,MF,RB Leipzig,19-060,2003,0.4,17,20,85.0,281,66,11,12,91.7,4,6,66.7,2,2,100.0,0,0.0,0.0,0,2,0,0,2,Matches
305,Youssoufa Moukoko,de GER,FW,Dortmund,17-120,2004,2.0,25,29,86.2,380,37,10,12,83.3,9,10,90.0,2,2,100.0,0,0.1,-0.1,2,2,0,0,1,Matches
306,Nordi Mukiele,fr FRA,DF,RB Leipzig,24-139,1997,14.9,675,898,75.2,12598,5096,295,349,84.5,284,359,79.1,90,150,60.0,1,1.1,-0.1,9,34,23,6,77,Matches
307,Florian Müller,de GER,GK,Stuttgart,24-127,1997,23.0,664,787,84.4,16437,8434,170,170,100.0,296,299,99.0,185,305,60.7,0,0.0,0.0,0,2,1,0,0,Matches
308,Thomas Müller,de GER,MF,Bayern Munich,32-188,1989,23.3,937,1259,74.4,15000,4035,498,593,84.0,337,448,75.2,72,139,51.8,16,9.8,+6.2,61,67,57,17,124,Matches
309,Torben Müsel,de GER,MF,M'Gladbach,22-238,1999,0.1,2,2,100.0,19,0,2,2,100.0,0,0,,0,0,,0,0.0,0.0,0,0,0,0,0,Matches
310,Jamal Musiala,de GER,MFFW,Bayern Munich,19-022,2003,13.3,486,587,82.8,7635,1890,268,310,86.5,175,205,85.4,34,44,77.3,5,3.9,+1.1,22,49,23,0,66,Matches
311,Obite N'Dicka,fr FRA,DF,Eint Frankfurt,22-212,1999,24.0,1101,1315,83.7,22225,6820,366,405,90.4,576,649,88.8,154,239,64.4,3,0.7,+2.3,7,46,9,2,63,Matches
312,Nikolas Nartey,dk DEN,MFDF,Stuttgart,22-026,2000,4.5,152,202,75.2,2562,795,67,84,79.8,73,87,83.9,9,22,40.9,0,0.2,-0.2,4,8,7,2,17,Matches
313,Paul Nebel,de GER,MFFW,Mainz 05,19-161,2002,2.4,59,91,64.8,805,220,36,48,75.0,13,20,65.0,3,8,37.5,1,0.2,+0.8,4,2,0,0,3,Matches
314,David Nemeth,at AUT,DF,Mainz 05,21-002,2001,3.0,134,158,84.8,2489,703,49,51,96.1,68,76,89.5,14,27,51.9,0,0.0,0.0,0,4,0,0,4,Matches
315,Luca Netz,de GER,DF,M'Gladbach,18-309,2003,10.0,307,393,78.1,5421,2029,152,173,87.9,115,140,82.1,34,61,55.7,3,0.9,+2.1,14,9,12,5,19,Matches
316,Manuel Neuer,de GER,GK,Bayern Munich,35-358,1986,22.0,859,980,87.7,23307,12958,141,141,100.0,398,403,98.8,312,427,73.1,0,0.0,0.0,0,8,1,0,3,Matches
317,Florian Neuhaus,de GER,MF,M'Gladbach,25-004,1997,16.6,620,795,78.0,11869,3749,252,295,85.4,261,313,83.4,91,150,60.7,2,1.2,+0.8,16,67,12,1,98,Matches
318,Moussa Niakhate,fr FRA,DF,Mainz 05,26-012,1996,20.5,861,1132,76.1,17785,7860,275,312,88.1,440,515,85.4,136,277,49.1,0,0.6,-0.6,9,72,8,2,99,Matches
319,Florian Niederlechner,de GER,FW,Augsburg,31-147,1990,8.6,109,142,76.8,1883,375,47,66,71.2,45,51,88.2,11,12,91.7,2,0.7,+1.3,11,8,2,1,11,Matches
320,Håvard Nielsen,no NOR,MFFW,Greuther Fürth,28-248,1993,14.3,231,350,66.0,3419,958,126,176,71.6,79,118,66.9,13,21,61.9,0,0.4,-0.4,6,16,5,0,32,Matches
321,Joakim Nilsson,se SWE,DF,Arminia,28-042,1994,23.4,684,831,82.3,15233,4937,169,193,87.6,385,430,89.5,124,191,64.9,0,0.1,-0.1,2,48,1,0,47,Matches
322,Christopher Nkunku,fr FRA,FWMF,RB Leipzig,24-126,1997,23.4,677,851,79.6,10324,2617,402,457,88.0,199,250,79.6,53,89,59.6,9,7.9,+1.1,49,41,44,7,85,Matches
323,Lukas Nmecha,de GER,FWMF,Wolfsburg,23-096,1998,11.2,189,275,68.7,2847,506,113,148,76.4,62,88,70.5,8,17,47.1,0,1.6,-1.6,9,9,11,1,15,Matches
324,Håvard Nordtveit,no NOR,DFMF,Hoffenheim,31-272,1990,1.4,99,120,82.5,2274,795,29,31,93.5,48,54,88.9,20,30,66.7,0,0.0,0.0,0,12,1,0,11,Matches
325,Connor Noß,ie IRL,MF,M'Gladbach,21-078,2001,0.0,0,0,,0,0,0,0,,0,0,,0,0,,0,0.0,0.0,0,0,0,0,0,Matches
326,Hugo Novoa,es ESP,MFFW,RB Leipzig,19-078,2003,1.4,27,41,65.9,336,84,19,27,70.4,7,10,70.0,0,2,0.0,0,0.0,0.0,1,1,1,1,1,Matches
327,Soma Novothny,hu HUN,FWMF,Bochum,27-277,1994,0.9,12,17,70.6,208,90,5,8,62.5,6,7,85.7,1,2,50.0,0,0.0,0.0,0,2,0,0,3,Matches
328,Kasim Nuhu,gh GHA,DF,Hoffenheim,26-271,1995,0.0,1,1,100.0,8,4,1,1,100.0,0,0,,0,0,,0,0.0,0.0,0,0,0,0,0,Matches
329,Hans Nunoo Sarpei,gh GHA,DFMF,Greuther Fürth,23-210,1998,7.1,264,319,82.8,5853,1596,72,80,90.0,137,148,92.6,52,83,62.7,0,0.0,0.0,0,13,1,0,12,Matches
330,Bastian Oczipka,de GER,DF,Union Berlin,33-067,1989,7.9,343,464,73.9,6234,2871,155,176,88.1,139,171,81.3,45,92,48.9,1,1.7,-0.7,15,29,15,9,46,Matches
331,Masaya Okugawa,jp JPN,MFFW,Arminia,25-340,1996,22.7,252,392,64.3,3814,1284,142,188,75.5,82,127,64.6,18,39,46.2,1,1.0,0.0,19,22,11,1,30,Matches
332,Dani Olmo,es ESP,MF,RB Leipzig,23-317,1998,4.2,147,186,79.0,2263,674,82,99,82.8,47,55,85.5,10,19,52.6,3,1.8,+1.2,7,16,7,1,26,Matches
333,Karim Onisiwo,at AUT,FW,Mainz 05,30-003,1992,20.4,277,448,61.8,4118,1074,157,224,70.1,83,130,63.8,18,40,45.0,7,5.6,+1.4,33,13,14,3,35,Matches
334,Willi Orban,hu HUN,DF,RB Leipzig,29-137,1992,21.4,1259,1405,89.6,25748,7449,357,390,91.5,738,790,93.4,158,211,74.9,1,0.8,+0.2,3,78,4,0,81,Matches
335,Stefan Ortega,de GER,GK,Arminia,29-134,1992,26.0,901,1327,67.9,34935,24046,62,63,98.4,343,345,99.4,496,918,54.0,0,0.2,-0.2,3,65,7,0,3,Matches
336,Patrick Osterhage,de GER,MF,Bochum,22-047,2000,4.3,97,131,74.0,1547,346,49,60,81.7,31,41,75.6,7,15,46.7,1,0.0,+1.0,2,8,1,0,10,Matches
337,Tomáš Ostrák,cz CZE,MFFW,Köln,22-043,2000,0.3,9,14,64.3,158,91,5,5,100.0,4,4,100.0,0,3,0.0,1,0.5,+0.5,2,1,3,0,4,Matches
338,Paulo Otávio,br BRA,DF,Wolfsburg,27-117,1994,4.0,146,201,72.6,2891,944,54,64,84.4,70,92,76.1,22,39,56.4,1,0.7,+0.3,3,10,5,2,18,Matches
339,Reece Oxford,eng ENG,DF,Augsburg,23-094,1998,22.0,661,822,80.4,15253,4536,165,197,83.8,350,400,87.5,141,211,66.8,0,0.0,0.0,1,33,1,0,35,Matches
340,Salih Özcan,de GER,MF,Köln,24-068,1998,19.3,853,1014,84.1,16212,3302,324,387,83.7,399,452,88.3,111,139,79.9,0,1.1,-1.1,14,61,10,4,73,Matches
341,Levin Öztunalı,de GER,MF,Union Berlin,26-005,1996,6.2,125,173,72.3,2151,612,63,73,86.3,39,49,79.6,16,33,48.5,0,0.4,-0.4,6,8,4,3,11,Matches
342,Gonçalo Paciência,pt POR,FW,Eint Frankfurt,27-231,1994,2.1,40,71,56.3,690,227,19,34,55.9,12,19,63.2,5,11,45.5,0,0.0,0.0,1,8,3,0,9,Matches
343,Exequiel Palacios,ar ARG,MF,Leverkusen,23-166,1998,9.4,551,629,87.6,9931,3173,251,283,88.7,222,244,91.0,69,84,82.1,1,0.5,+0.5,4,50,7,0,56,Matches
344,Miloš Pantović,rs SRB,MFFW,Bochum,25-256,1996,13.3,258,405,63.7,4711,1746,130,169,76.9,80,129,62.0,40,84,47.6,1,2.0,-1.0,21,23,14,4,28,Matches
345,Antonios Papadopoulos,de GER,DF,Dortmund,22-191,1999,0.1,8,9,88.9,189,52,2,2,100.0,5,5,100.0,1,2,50.0,0,0.0,0.0,0,0,0,0,0,Matches
346,Matondo-Merveille Papela,de GER,MF,Mainz 05,21-061,2001,0.4,15,19,78.9,261,108,6,7,85.7,7,9,77.8,2,2,100.0,0,0.0,0.0,0,1,0,0,2,Matches
347,Felix Passlack,de GER,DF,Dortmund,23-295,1998,4.1,248,300,82.7,4202,1411,125,134,93.3,97,119,81.5,22,39,56.4,0,0.2,-0.2,1,18,5,0,23,Matches
348,Paulinho,br BRA,FW,Leverkusen,21-248,2000,7.8,235,281,83.6,3459,737,125,146,85.6,85,94,90.4,12,18,66.7,1,0.6,+0.4,10,10,7,0,23,Matches
349,Benjamin Pavard,fr FRA,DF,Bayern Munich,25-357,1996,17.5,1355,1554,87.2,24939,8846,549,593,92.6,639,710,90.0,147,211,69.7,1,1.5,-0.5,15,124,26,6,108,Matches
350,Mads Pedersen,dk DEN,DFMF,Augsburg,25-200,1996,11.7,244,376,64.9,4476,1991,110,135,81.5,99,135,73.3,29,82,35.4,0,0.8,-0.8,11,15,8,3,29,Matches
351,Peter Pekarík,sk SVK,DF,Hertha BSC,35-141,1986,17.8,690,864,79.9,12281,5019,315,352,89.5,290,336,86.3,73,135,54.1,0,0.3,-0.3,8,43,10,6,49,Matches
352,Philipp Pentke,de GER,GK,Hoffenheim,36-323,1985,1.0,32,40,80.0,702,377,12,12,100.0,14,14,100.0,6,14,42.9,0,0.0,0.0,0,0,0,0,0,Matches
353,Ricardo Pepi,us USA,FW,Augsburg,19-070,2003,3.0,45,71,63.4,738,151,22,33,66.7,15,26,57.7,5,6,83.3,0,0.6,-0.6,5,0,3,1,4,Matches
354,Pavao Pervan,at AUT,GK,Wolfsburg,34-127,1987,3.0,72,89,80.9,1635,798,21,22,95.5,35,35,100.0,16,32,50.0,0,0.0,0.0,0,0,0,0,0,Matches
355,Nils Petersen,de GER,FW,Freiburg,33-104,1988,3.8,54,84,64.3,723,169,36,50,72.0,11,21,52.4,2,5,40.0,1,0.3,+0.7,3,3,2,1,4,Matches
356,Jens Petter Hauge,no NOR,FWMF,Eint Frankfurt,22-159,1999,7.3,195,280,69.6,2974,594,108,137,78.8,70,91,76.9,10,29,34.5,1,0.3,+0.7,6,10,6,1,18,Matches
357,Maximilian Philipp,de GER,MFFW,Wolfsburg,28-019,1994,10.4,246,330,74.5,3845,1068,124,152,81.6,90,102,88.2,19,52,36.5,4,1.3,+2.7,16,16,12,2,25,Matches
358,Krzysztof Piątek,pl POL,FW,Hertha BSC,26-262,1995,3.9,54,84,64.3,754,79,31,41,75.6,16,25,64.0,4,11,36.4,0,0.0,0.0,0,4,1,0,2,Matches
359,Amos Pieper,de GER,DF,Arminia,24-062,1998,21.6,719,891,80.7,16916,5221,148,176,84.1,411,459,89.5,155,246,63.0,0,0.4,-0.4,4,47,6,2,44,Matches
360,Marvin Plattenhardt,de GER,DF,Hertha BSC,30-053,1992,14.9,568,784,72.4,11244,5847,217,242,89.7,253,315,80.3,90,197,45.7,1,2.0,-1.0,31,24,11,4,41,Matches
361,Alassane Pléa,fr FRA,FWMF,M'Gladbach,29-010,1993,16.4,449,597,75.2,8003,2229,222,266,83.5,144,187,77.0,67,92,72.8,5,5.8,-0.8,41,55,34,4,79,Matches
362,Joel Pohjanpalo,fi FIN,FW,Leverkusen,27-188,1994,0.1,1,3,33.3,8,0,1,2,50.0,0,1,0.0,0,0,,0,0.0,0.0,0,0,0,0,0,Matches
363,Sebastian Polter,de GER,FW,Bochum,30-353,1991,19.5,241,432,55.8,3286,911,140,227,61.7,72,128,56.3,13,32,40.6,1,1.9,-0.9,25,23,5,1,29,Matches
364,Marin Pongračić,hr CRO,DF,Dortmund,24-190,1997,8.8,515,587,87.7,11545,3339,123,134,91.8,278,296,93.9,110,149,73.8,0,0.0,0.0,1,28,0,0,19,Matches
365,Stefan Posch,at AUT,DF,Hoffenheim,24-310,1997,19.9,912,1132,80.6,18843,6624,290,322,90.1,468,524,89.3,146,257,56.8,0,0.5,-0.5,3,69,7,1,88,Matches
366,Yussuf Poulsen,dk DEN,FWMF,RB Leipzig,27-278,1994,9.6,194,283,68.6,2714,796,117,151,77.5,52,78,66.7,10,22,45.5,0,2.2,-2.2,10,18,9,1,31,Matches
367,Manuel Prietl,at AUT,MF,Arminia,30-229,1991,16.9,352,455,77.4,6938,1832,138,168,82.1,146,177,82.5,57,80,71.3,1,0.8,+0.2,5,40,4,0,40,Matches
368,Grischa Prömel,de GER,MF,Union Berlin,27-070,1995,19.9,552,718,76.9,10493,2461,210,267,78.7,267,321,83.2,65,95,68.4,1,0.3,+0.7,7,47,9,3,56,Matches
369,Afimico Pululu,fr FRA,FW,Greuther Fürth,22-362,1999,0.6,11,13,84.6,177,45,5,5,100.0,4,5,80.0,1,1,100.0,0,0.0,0.0,0,1,0,0,1,Matches
370,Sidney Raebiger,de GER,MF,RB Leipzig,16-337,2005,0.0,2,2,100.0,29,2,1,1,100.0,1,1,100.0,0,0,,0,0.0,0.0,0,0,0,0,0,Matches
371,Diant Ramaj,de GER,GK,Eint Frankfurt,20-182,2001,1.0,28,40,70.0,725,432,9,9,100.0,13,13,100.0,6,18,33.3,0,0.0,0.0,0,1,0,0,0,Matches
372,Guilherme Ramos,pt POR,DF,Arminia,24-221,1997,5.1,140,193,72.5,3230,971,27,35,77.1,87,101,86.1,25,55,45.5,0,0.0,0.0,1,12,2,0,12,Matches
373,Tobias Raschl,de GER,MF,Greuther Fürth,22-027,2000,1.2,41,48,85.4,736,168,20,22,90.9,13,15,86.7,5,6,83.3,0,0.0,0.0,0,1,0,0,1,Matches
374,David Raum,de GER,DF,Hoffenheim,23-332,1998,24.7,1188,1600,74.3,22298,8724,521,608,85.7,477,579,82.4,172,342,50.3,8,8.4,-0.4,66,69,57,46,111,Matches
375,Reinier,br BRA,MFFW,Dortmund,20-060,2002,0.8,41,50,82.0,613,109,28,29,96.6,10,13,76.9,3,4,75.0,0,0.0,0.0,0,0,0,0,2,Matches
376,Panagiotis Retsos,gr GRE,DFFW,Leverkusen,23-223,1998,0.4,10,12,83.3,159,80,4,5,80.0,4,5,80.0,1,1,100.0,0,0.0,0.0,0,1,0,0,1,Matches
377,Marco Reus,de GER,MFFW,Dortmund,32-293,1989,21.0,785,970,80.9,12156,3132,461,522,88.3,234,291,80.4,66,96,68.8,8,4.7,+3.3,42,73,30,1,90,Matches
378,Elvis Rexhbeçaj,de GER,MF,Bochum,24-139,1997,22.5,460,713,64.5,8697,2954,193,246,78.5,195,263,74.1,58,161,36.0,0,1.0,-1.0,15,53,9,3,58,Matches
379,Gio Reyna,us USA,MF,Dortmund,19-127,2002,3.6,160,202,79.2,2390,588,90,103,87.4,51,59,86.4,11,22,50.0,1,1.0,0.0,11,6,5,2,8,Matches
380,Chris Richards,us USA,DF,Hoffenheim,21-357,2000,12.5,702,813,86.3,13921,4268,251,279,90.0,340,372,91.4,103,145,71.0,1,0.6,+0.4,2,37,3,0,38,Matches
381,Chris Richards,us USA,DF,Bayern Munich,21-357,2000,0.0,2,2,100.0,40,13,0,0,,2,2,100.0,0,0,,0,0.0,0.0,0,0,0,0,0,Matches
382,Omar Richards,eng ENG,DF,Bayern Munich,24-033,1998,4.1,258,294,87.8,4118,1420,136,149,91.3,109,117,93.2,13,22,59.1,0,0.2,-0.2,3,15,5,0,22,Matches
383,Marco Richter,de GER,FWMF,Hertha BSC,24-116,1997,16.5,310,469,66.1,5290,1869,159,198,80.3,99,148,66.9,38,82,46.3,0,1.1,-1.1,16,24,14,3,35,Matches
384,Manuel Riemann,de GER,GK,Bochum,33-192,1988,24.0,781,1302,60.0,33788,24646,49,49,100.0,175,181,96.7,557,1071,52.0,0,0.5,-0.5,5,74,7,0,6,Matches
385,Marc Roca,es ESP,MF,Bayern Munich,25-114,1996,4.0,241,281,85.8,4320,1234,109,123,88.6,93,99,93.9,30,45,66.7,0,0.4,-0.4,5,17,4,0,19,Matches
386,Cimo Röcker,de GER,DF,Hertha BSC,28-058,1994,0.2,11,17,64.7,233,73,2,2,100.0,7,9,77.8,2,6,33.3,0,0.3,-0.3,1,0,0,0,0,Matches
387,Sebastian Rode,de GER,MF,Eint Frankfurt,31-160,1990,5.8,242,298,81.2,4372,1412,106,127,83.5,104,126,82.5,27,37,73.0,0,0.7,-0.7,8,29,4,1,35,Matches
388,Romario Rösch,de GER,MF,Mainz 05,22-262,1999,0.0,0,0,,0,0,0,0,,0,0,,0,0,,0,0.0,0.0,0,0,0,0,0,Matches
389,Jérôme Roussillon,fr FRA,DF,Wolfsburg,29-073,1993,16.2,566,753,75.2,10257,4229,242,302,80.1,250,303,82.5,63,111,56.8,0,1.3,-1.3,14,35,15,7,65,Matches
390,Sebastian Rudy,de GER,MF,Hoffenheim,32-020,1990,7.4,268,361,74.2,4791,1501,120,147,81.6,109,137,79.6,32,57,56.1,1,0.5,+0.5,7,22,3,2,36,Matches
391,Georginio Rutter,fr FRA,FWMF,Hoffenheim,19-334,2002,15.3,176,273,64.5,2818,686,91,126,72.2,52,74,70.3,20,35,57.1,2,3.0,-1.0,8,14,15,4,21,Matches
392,Julian Ryerson,no NOR,DF,Union Berlin,24-123,1997,11.8,352,476,73.9,6638,2478,157,191,82.2,140,177,79.1,50,83,60.2,0,1.5,-1.5,14,28,21,13,27,Matches
393,Frederik Rønnow,dk DEN,GK,Union Berlin,29-228,1992,2.0,46,81,56.8,1589,1128,4,4,100.0,21,22,95.5,21,54,38.9,0,0.0,0.0,0,1,0,0,0,Matches
394,Marcel Sabitzer,at AUT,MFFW,RB Leipzig,28-003,1994,0.5,42,49,85.7,885,237,20,22,90.9,14,15,93.3,8,12,66.7,0,0.0,0.0,0,7,1,0,4,Matches
395,Marcel Sabitzer,at AUT,MFDF,Bayern Munich,28-003,1994,8.3,512,629,81.4,8530,2268,269,303,88.8,194,230,84.3,41,63,65.1,0,1.0,-1.0,7,36,12,2,47,Matches
396,Roland Sallai,hu HUN,MFFW,Freiburg,24-302,1997,11.7,232,345,67.2,3972,1310,121,167,72.5,78,101,77.2,29,49,59.2,2,2.0,0.0,13,16,16,10,25,Matches
397,Diadie Samassékou,ml MLI,MF,Hoffenheim,26-068,1996,12.4,366,460,79.6,6813,1687,155,182,85.2,158,189,83.6,45,60,75.0,0,0.6,-0.6,6,27,2,0,27,Matches
398,Leroy Sané,de GER,FWMF,Bayern Munich,26-068,1996,19.0,722,871,82.9,11271,2585,403,463,87.0,233,278,83.8,58,78,74.4,7,5.4,+1.6,45,49,38,4,81,Matches
399,Mohamed Sankoh,nl NED,FW,Stuttgart,18-155,2003,0.0,0,0,,0,0,0,0,,0,0,,0,0,,0,0.0,0.0,0,0,0,0,0,Matches
400,Baptiste Santamaria,fr FRA,MF,Freiburg,27-011,1995,0.2,2,4,50.0,29,0,1,1,100.0,1,2,50.0,0,0,,0,0.0,0.0,0,0,0,0,0,Matches
401,Bouna Sarr,sn SEN,DF,Bayern Munich,30-048,1992,0.7,30,44,68.2,540,141,10,16,62.5,19,22,86.4,1,4,25.0,0,0.0,0.0,0,1,0,0,3,Matches
402,Joseph Scally,us USA,DF,M'Gladbach,19-079,2002,19.1,764,955,80.0,13831,4481,348,397,87.7,311,380,81.8,93,143,65.0,2,1.3,+0.7,14,41,13,6,66,Matches
403,Kevin Schade,de GER,FWMF,Freiburg,20-113,2001,9.2,109,194,56.2,1552,676,66,98,67.3,32,58,55.2,7,24,29.2,1,0.7,+0.3,7,10,5,2,10,Matches
404,András Schäfer,hu HUN,MF,Union Berlin,22-341,1999,0.7,24,33,72.7,501,82,8,13,61.5,12,12,100.0,4,6,66.7,0,0.0,0.0,0,2,0,0,3,Matches
405,Louis Schaub,at AUT,MF,Köln,27-081,1994,5.4,161,238,67.6,2736,859,80,110,72.7,63,81,77.8,14,29,48.3,2,1.3,+0.7,8,13,11,3,25,Matches
406,Patrik Schick,cz CZE,FW,Leverkusen,26-055,1996,17.2,222,312,71.2,3304,503,133,178,74.7,69,90,76.7,16,22,72.7,1,0.7,+0.3,9,8,6,0,15,Matches
407,Kingsley Schindler,de GER,DFMF,Köln,28-251,1993,3.5,90,164,54.9,1666,757,35,46,76.1,42,63,66.7,12,42,28.6,2,1.0,+1.0,4,11,6,4,18,Matches
408,Xaver Schlager,at AUT,MF,Wolfsburg,24-173,1997,4.5,140,175,80.0,2539,592,59,70,84.3,62,71,87.3,16,25,64.0,1,0.1,+0.9,1,18,3,1,17,Matches
409,Keven Schlotterbeck,de GER,DF,Freiburg,24-326,1997,3.1,86,104,82.7,2031,532,18,23,78.3,44,48,91.7,24,31,77.4,0,0.0,0.0,1,5,0,0,2,Matches
410,Nico Schlotterbeck,de GER,DF,Freiburg,22-109,1999,23.9,1054,1279,82.4,23307,8411,313,350,89.4,530,579,91.5,201,319,63.0,0,1.0,-1.0,10,103,10,1,105,Matches
411,Jonathan Schmid,fr FRA,DF,Freiburg,31-267,1990,4.6,162,209,77.5,3379,1489,55,66,83.3,69,87,79.3,31,45,68.9,0,0.3,-0.3,5,21,3,1,21,Matches
412,Benno Schmitz,de GER,DF,Köln,27-123,1994,23.7,1046,1464,71.4,20577,11255,379,443,85.6,510,672,75.9,149,302,49.3,4,3.5,+0.5,33,110,35,19,169,Matches
413,Alessandro Schöpf,at AUT,MF,Arminia,28-041,1994,22.3,684,882,77.6,11472,2954,336,416,80.8,251,301,83.4,71,114,62.3,0,2.1,-2.1,36,54,20,5,67,Matches
414,Nico Schulz,de GER,DF,Dortmund,28-353,1993,9.0,545,658,82.8,9197,3478,240,272,88.2,252,296,85.1,41,61,67.2,1,0.3,+0.7,3,30,8,1,49,Matches
415,Marvin Schwäbe,de GER,GK,Köln,26-329,1995,13.0,520,604,86.1,14157,7668,99,99,100.0,261,264,98.9,160,240,66.7,0,0.0,0.0,0,7,1,0,0,Matches
416,Alexander Schwolow,de GER,GK,Hertha BSC,29-291,1992,24.0,591,827,71.5,18677,10752,85,85,100.0,247,250,98.8,258,491,52.5,0,0.0,0.0,1,6,0,0,0,Matches
417,Paul Seguin,de GER,MF,Greuther Fürth,26-356,1995,22.8,823,1069,77.0,14407,4648,393,450,87.3,315,385,81.8,93,167,55.7,3,1.9,+1.1,21,90,18,6,114,Matches
418,Davie Selke,de GER,FW,Hertha BSC,27-059,1995,7.3,85,146,58.2,1219,196,52,82,63.4,26,45,57.8,6,9,66.7,0,0.4,-0.4,4,3,1,0,6,Matches
419,Suat Serdar,de GER,MFFW,Hertha BSC,24-343,1997,20.1,357,489,73.0,6724,1970,159,199,79.9,130,164,79.3,56,87,64.4,0,1.1,-1.1,16,32,17,1,51,Matches
420,Janni Serra,de GER,FW,Arminia,24-007,1998,7.7,123,181,68.0,1644,319,73,94,77.7,27,52,51.9,8,12,66.7,1,0.4,+0.6,9,11,3,0,14,Matches
421,Zidan Sertdemir,dk DEN,MFFW,Leverkusen,17-044,2005,0.2,5,7,71.4,115,45,2,2,100.0,2,2,100.0,1,3,33.3,0,0.0,0.0,1,0,1,0,1,Matches
422,Nils Seufert,de GER,MF,Greuther Fürth,25-045,1997,1.1,22,29,75.9,340,86,14,18,77.8,7,8,87.5,1,3,33.3,0,0.0,0.0,0,3,0,0,2,Matches
423,Kiliann Sildillia,fr FRA,DF,Freiburg,19-308,2002,1.5,47,72,65.3,864,373,17,18,94.4,20,30,66.7,7,14,50.0,0,0.2,-0.2,2,1,1,1,5,Matches
424,André Silva,pt POR,FW,RB Leipzig,26-134,1995,18.1,323,443,72.9,4197,966,211,273,77.3,85,114,74.6,8,17,47.1,2,2.0,0.0,13,15,19,3,29,Matches
425,Mohamed Simakan,fr FRA,DF,RB Leipzig,21-321,2000,17.3,925,1034,89.5,17846,5532,334,362,92.3,462,490,94.3,119,165,72.1,0,0.2,-0.2,4,59,6,2,48,Matches
426,Daley Sinkgraven,nl NED,DF,Leverkusen,26-259,1995,2.6,126,155,81.3,2230,736,60,67,89.6,45,55,81.8,17,27,63.0,0,0.6,-0.6,3,12,4,1,17,Matches
427,Ellyes Skhiri,tn TUN,MF,Köln,26-314,1995,13.2,522,608,85.9,10465,2677,199,233,85.4,229,252,90.9,88,102,86.3,1,0.2,+0.8,7,41,8,1,40,Matches
428,Robert Skov,dk DEN,DFFW,Hoffenheim,25-304,1996,2.7,94,127,74.0,1956,625,31,36,86.1,48,56,85.7,14,32,43.8,0,0.2,-0.2,4,3,5,0,11,Matches
429,Danilo Soares,br BRA,DF,Bochum,30-142,1991,23.2,1002,1346,74.4,19842,7557,375,438,85.6,459,580,79.1,155,275,56.4,0,0.9,-0.9,13,79,14,5,89,Matches
430,Yann Sommer,ch SUI,GK,M'Gladbach,33-093,1988,26.0,876,1151,76.1,24912,14143,167,169,98.8,382,384,99.5,323,592,54.6,1,0.3,+0.7,1,12,1,0,1,Matches
431,Borna Sosa,hr CRO,DF,Stuttgart,24-058,1998,21.8,1067,1448,73.7,19305,7869,504,578,87.2,421,545,77.2,131,272,48.2,7,4.8,+2.2,49,69,43,23,127,Matches
432,Djibril Sow,ch SUI,MF,Eint Frankfurt,25-042,1997,23.9,897,1055,85.0,17431,4384,345,395,87.3,411,457,89.9,126,167,75.4,3,2.0,+1.0,20,90,18,2,97,Matches
433,Jerry St. Juste,nl NED,DF,Mainz 05,25-152,1996,6.7,224,289,77.5,4775,1750,64,81,79.0,108,122,88.5,46,74,62.2,0,0.1,-0.1,2,18,6,1,19,Matches
434,Anton Stach,de GER,MF,Mainz 05,23-125,1998,14.1,490,660,74.2,8942,2763,237,293,80.9,181,231,78.4,65,110,59.1,3,0.8,+2.2,9,48,10,2,63,Matches
435,Kostas Stafylidis,gr GRE,DF,Bochum,28-108,1993,11.9,434,593,73.2,9686,3846,137,159,86.2,195,247,78.9,99,173,57.2,1,0.8,+0.2,9,30,11,6,46,Matches
436,Josip Stanišić,hr CRO,DF,Bayern Munich,21-352,2000,5.5,378,446,84.8,6376,1688,178,194,91.8,155,174,89.1,37,60,61.7,0,0.1,-0.1,2,15,4,1,26,Matches
437,Niklas Stark,de GER,DF,Hertha BSC,26-340,1995,21.2,820,977,83.9,18109,6796,231,267,86.5,419,461,90.9,167,235,71.1,0,0.2,-0.2,2,30,3,0,51,Matches
438,Renato Steffen,ch SUI,FWMF,Wolfsburg,30-137,1991,9.7,285,368,77.4,4964,1475,142,164,86.6,103,135,76.3,34,53,64.2,1,1.0,0.0,9,17,8,2,31,Matches
439,Pascal Stenzel,de GER,DF,Stuttgart,26-000,1996,6.7,370,460,80.4,8725,2938,105,116,90.5,166,192,86.5,95,139,68.3,0,0.1,-0.1,5,35,7,2,33,Matches
440,Angelo Stiller,de GER,MF,Hoffenheim,20-350,2001,13.1,550,654,84.1,9426,2477,255,291,87.6,239,262,91.2,47,75,62.7,1,0.7,+0.3,6,45,9,0,59,Matches
441,Lars Stindl,de GER,MFFW,M'Gladbach,33-206,1988,14.3,511,624,81.9,8224,1818,279,316,88.3,166,198,83.8,49,72,68.1,4,3.1,+0.9,23,44,22,3,49,Matches
442,Kevin Stöger,at AUT,MFFW,Mainz 05,28-205,1993,3.9,208,287,72.5,3631,1304,110,131,84.0,68,92,73.9,26,53,49.1,1,1.4,-0.4,13,23,10,4,36,Matches
443,Tobias Strobl,de GER,MFDF,Augsburg,31-312,1990,3.6,68,94,72.3,1350,454,22,28,78.6,33,37,89.2,11,22,50.0,0,0.0,0.0,1,7,1,0,10,Matches
444,Niklas Süle,de GER,DF,Bayern Munich,26-198,1995,19.2,1473,1623,90.8,30784,10681,463,490,94.5,746,798,93.5,244,296,82.4,2,1.0,+1.0,8,111,9,1,117,Matches
445,Ádám Szalai,hu HUN,FW,Mainz 05,34-101,1987,2.9,50,79,63.3,602,128,28,38,73.7,11,22,50.0,1,6,16.7,0,0.5,-0.5,4,2,0,0,5,Matches
446,Dominik Szoboszlai,hu HUN,MFFW,RB Leipzig,21-146,2000,14.3,650,835,77.8,11009,3121,332,389,85.3,211,264,79.9,80,133,60.2,6,4.6,+1.4,36,37,29,10,57,Matches
447,Jonathan Tah,de GER,DF,Leverkusen,26-037,1996,24.8,1292,1452,89.0,28033,8271,317,348,91.1,738,794,92.9,226,288,78.5,2,0.8,+1.2,7,64,2,1,81,Matches
448,Edmond Tapsoba,bf BFA,DF,Leverkusen,23-046,1999,12.2,724,823,88.0,16338,4853,162,179,90.5,399,422,94.5,156,208,75.0,0,0.0,0.0,1,42,0,0,31,Matches
449,Niklas Tauer,de GER,DFMF,Mainz 05,21-031,2001,3.9,93,125,74.4,1548,528,50,61,82.0,30,40,75.0,11,17,64.7,0,0.0,0.0,0,5,1,0,8,Matches
450,Robert Tesche,de GER,MF,Bochum,34-297,1987,3.2,113,133,85.0,2341,488,46,53,86.8,45,48,93.8,22,29,75.9,0,0.0,0.0,0,12,1,0,13,Matches
451,Cedric Teuchert,de GER,MFFW,Union Berlin,25-065,1997,1.2,20,30,66.7,365,76,6,7,85.7,12,14,85.7,1,4,25.0,0,0.1,-0.1,2,3,0,0,1,Matches
452,Jan Thielmann,de GER,MFFW,Köln,19-298,2002,10.5,200,331,60.4,3904,1171,75,114,65.8,82,121,67.8,37,63,58.7,2,1.7,+0.3,14,10,18,10,27,Matches
453,Erik Thommy,de GER,FWDF,Stuttgart,27-212,1994,1.0,26,32,81.3,429,87,12,16,75.0,10,10,100.0,2,3,66.7,0,0.2,-0.2,4,1,0,0,1,Matches
454,Marcus Thuram,fr FRA,FWMF,M'Gladbach,24-226,1997,8.7,154,211,73.0,2442,696,72,95,75.8,66,84,78.6,10,13,76.9,0,1.3,-1.3,11,8,13,2,23,Matches
455,Alexis Tibidi,fr FRA,FWMF,Stuttgart,18-137,2003,3.5,74,91,81.3,1073,212,48,53,90.6,20,26,76.9,4,7,57.1,0,0.3,-0.3,4,1,2,0,3,Matches
456,Steffen Tigges,de GER,FWMF,Dortmund,23-232,1998,1.2,24,43,55.8,384,106,13,26,50.0,7,11,63.6,2,3,66.7,0,0.2,-0.2,1,2,0,0,2,Matches
457,Malik Tillman,de GER,FWMF,Bayern Munich,19-296,2002,1.2,31,40,77.5,464,154,19,22,86.4,10,14,71.4,1,2,50.0,0,0.4,-0.4,3,0,2,0,6,Matches
458,Timothy Tillman,de GER,MF,Greuther Fürth,23-075,1999,15.7,323,482,67.0,5949,2021,135,164,82.3,139,174,79.9,40,101,39.6,2,1.9,+0.1,18,27,17,2,45,Matches
459,Corentin Tolisso,fr FRA,MF,Bayern Munich,27-229,1994,7.3,460,530,86.8,8838,2714,200,221,90.5,188,209,90.0,65,82,79.3,1,1.8,-0.8,15,74,6,0,74,Matches
460,Tiago Tomás,pt POR,FWMF,Stuttgart,19-277,2002,5.7,70,107,65.4,906,188,45,64,70.3,18,26,69.2,3,7,42.9,0,0.0,0.0,1,4,1,0,5,Matches
461,Jordan Torunarigha,de GER,DF,Hertha BSC,24-225,1997,5.4,194,236,82.2,4443,1458,40,44,90.9,115,130,88.5,34,50,68.0,1,0.0,+1.0,2,7,0,0,12,Matches
462,Almamy Touré,ml MLI,DF,Eint Frankfurt,25-326,1996,4.5,124,176,70.5,1964,1028,61,75,81.3,56,75,74.7,5,13,38.5,0,0.0,0.0,0,7,0,0,16,Matches
463,Lucas Tousart,fr FRA,MF,Hertha BSC,24-325,1997,14.8,417,544,76.7,8397,2707,156,186,83.9,181,217,83.4,67,105,63.8,0,0.5,-0.5,9,59,11,2,60,Matches
464,Kevin Trapp,de GER,GK,Eint Frankfurt,31-255,1990,25.0,644,1009,63.8,19291,12638,151,151,100.0,245,250,98.0,243,603,40.3,0,0.0,0.0,0,9,0,0,0,Matches
465,Christopher Trimmel,at AUT,DF,Union Berlin,35-024,1987,16.2,582,841,69.2,11263,4755,244,286,85.3,239,297,80.5,90,219,41.1,0,1.3,-1.3,21,36,16,11,49,Matches
466,Tuta,br BRA,DF,Eint Frankfurt,22-259,1999,17.6,703,889,79.1,16097,5484,178,209,85.2,371,414,89.6,149,243,61.3,0,0.1,-0.1,3,51,2,2,45,Matches
467,Anthony Ujah,ng NGA,FWMF,Union Berlin,31-157,1990,0.4,5,9,55.6,71,0,4,5,80.0,1,2,50.0,0,0,,0,0.0,0.0,0,0,0,0,0,Matches
468,Sven Ulreich,de GER,GK,Bayern Munich,33-229,1988,5.0,165,196,84.2,3670,2048,55,55,100.0,68,70,97.1,40,69,58.0,0,0.0,0.0,0,0,0,0,0,Matches
469,Dayot Upamecano,fr FRA,DF,Bayern Munich,23-144,1998,18.6,1529,1706,89.6,34516,10744,373,401,93.0,839,905,92.7,309,378,81.7,4,0.9,+3.1,7,139,6,0,108,Matches
470,Benjamin Uphoff,de GER,GK,Freiburg,28-224,1993,2.0,63,90,70.0,2345,1763,4,4,100.0,29,29,100.0,30,57,52.6,0,0.0,0.0,0,5,0,0,1,Matches
471,Mark Uth,de GER,FWMF,Köln,30-208,1991,15.2,339,487,69.6,7093,2067,139,176,79.0,123,163,75.5,75,122,61.5,3,3.4,-0.4,32,40,17,9,43,Matches
472,Ruben Vargas,ch SUI,MFFW,Augsburg,23-227,1998,19.0,363,518,70.1,6891,1724,158,200,79.0,139,187,74.3,55,87,63.2,3,2.1,+0.9,21,33,23,10,47,Matches
473,Sebastian Vasiliadis,gr GRE,MF,Arminia,24-167,1997,10.9,199,292,68.2,3700,1349,90,115,78.3,76,110,69.1,29,52,55.8,0,0.2,-0.2,6,26,3,0,29,Matches
474,Mickey van de Ven,nl NED,DF,Wolfsburg,20-335,2001,0.4,18,20,90.0,350,33,6,7,85.7,9,10,90.0,3,3,100.0,0,0.0,0.0,0,2,0,0,0,Matches
475,Vincent Vermeij,nl NED,MF,Freiburg,27-223,1994,0.0,2,3,66.7,34,0,1,2,50.0,1,1,100.0,0,0,,0,0.0,0.0,0,0,0,0,0,Matches
476,Nick Viergever,nl NED,DF,Greuther Fürth,32-229,1989,16.7,528,673,78.5,11983,4591,111,130,85.4,305,341,89.4,103,189,54.5,0,0.3,-0.3,1,29,0,0,31,Matches
477,Andreas Voglsammer,de GER,FW,Union Berlin,30-070,1992,8.0,118,193,61.1,2054,625,59,91,64.8,40,62,64.5,14,23,60.9,1,0.9,+0.1,7,12,8,1,19,Matches
478,Kevin Vogt,de GER,DF,Hoffenheim,30-178,1991,22.5,1533,1736,88.3,35257,11923,389,419,92.8,788,833,94.6,347,463,74.9,2,0.4,+1.6,7,108,15,2,105,Matches
479,Aster Vranckx,be BEL,MF,Wolfsburg,19-167,2002,11.1,298,381,78.2,5545,1358,134,153,87.6,114,136,83.8,43,72,59.7,0,0.9,-0.9,10,23,9,2,19,Matches
480,Luca Waldschmidt,de GER,MFFW,Wolfsburg,25-305,1996,7.8,191,244,78.3,2979,802,103,125,82.4,70,86,81.4,12,16,75.0,0,0.5,-0.5,5,14,5,1,25,Matches
481,Paul Wanner,de GER,FWMF,Bayern Munich,16-087,2005,0.4,14,17,82.4,199,59,12,13,92.3,1,2,50.0,1,2,50.0,0,0.0,0.0,1,1,1,0,3,Matches
482,Wout Weghorst,nl NED,FW,Wolfsburg,29-225,1992,17.3,322,453,71.1,4704,777,196,255,76.9,91,134,67.9,22,31,71.0,1,1.5,-0.5,15,18,8,0,24,Matches
483,Noah Weißhaupt,de GER,MFFW,Freiburg,20-181,2001,0.7,20,24,83.3,387,151,9,11,81.8,7,7,100.0,3,4,75.0,0,0.1,-0.1,1,3,1,1,4,Matches
484,Silvan Widmer,ch SUI,DF,Mainz 05,29-015,1993,25.5,831,1160,71.6,14747,6835,378,441,85.7,356,483,73.7,84,204,41.2,4,2.3,+1.7,14,70,17,7,93,Matches
485,Jetro Willems,nl NED,DF,Greuther Fürth,27-355,1994,14.1,516,695,74.2,10483,5170,190,226,84.1,238,298,79.9,86,146,58.9,0,1.4,-1.4,11,36,15,7,61,Matches
486,Patrick Wimmer,at AUT,FWMF,Arminia,20-294,2001,16.9,317,549,57.7,5642,2300,146,216,67.6,119,192,62.0,42,90,46.7,6,3.1,+2.9,31,43,16,3,56,Matches
487,Jonas Wind,dk DEN,FW,Wolfsburg,23-041,1999,5.7,100,151,66.2,1461,469,59,81,72.8,31,47,66.0,6,10,60.0,0,0.4,-0.4,6,12,2,0,11,Matches
488,Frederik Winther,dk DEN,DF,Augsburg,21-075,2001,3.6,126,165,76.4,3012,1025,31,40,77.5,62,71,87.3,33,50,66.0,0,0.0,0.0,0,18,0,0,11,Matches
489,Florian Wirtz,de GER,MFFW,Leverkusen,18-321,2003,20.6,681,910,74.8,12105,3546,329,398,82.7,255,320,79.7,86,159,54.1,10,7.6,+2.4,56,63,48,3,102,Matches
490,Axel Witsel,be BEL,MFDF,Dortmund,33-067,1989,15.6,920,984,93.5,16967,3869,358,383,93.5,453,473,95.8,93,101,92.1,0,0.1,-0.1,3,59,4,1,44,Matches
491,Hannes Wolf,at AUT,FWMF,M'Gladbach,22-338,1999,3.4,74,105,70.5,1001,286,47,57,82.5,23,32,71.9,2,8,25.0,0,0.0,0.0,1,1,2,1,2,Matches
492,Marius Wolf,de GER,DFFW,Dortmund,26-297,1995,8.3,329,424,77.6,5331,1924,161,188,85.6,131,162,80.9,26,49,53.1,0,0.6,-0.6,6,23,8,1,43,Matches
493,Jeong Woo-yeong,kr KOR,FWMF,Freiburg,22-181,1999,16.7,391,531,73.6,5413,1602,246,291,84.5,108,158,68.4,18,38,47.4,0,1.4,-1.4,17,26,16,3,45,Matches
494,Joscha Wosz,de GER,DF,RB Leipzig,19-243,2002,0.1,3,4,75.0,51,9,2,3,66.7,1,1,100.0,0,0,,0,0.0,0.0,0,0,0,0,0,Matches
495,Dan-Axel Zagadou,fr FRA,DF,Dortmund,22-290,1999,5.2,403,451,89.4,8412,2947,123,131,93.9,216,231,93.5,62,85,72.9,0,0.0,0.0,0,24,0,0,16,Matches
496,Denis Zakaria,ch SUI,MFDF,M'Gladbach,25-120,1996,15.5,737,818,90.1,13546,4013,298,321,92.8,338,366,92.3,86,106,81.1,1,0.3,+0.7,6,56,6,0,67,Matches
497,Deyovaisio Zeefuik,nl NED,DFMF,Hertha BSC,24-009,1998,6.3,198,258,76.7,3476,1066,97,112,86.6,83,107,77.6,17,34,50.0,0,0.4,-0.4,4,7,5,1,20,Matches
498,Robin Zentner,de GER,GK,Mainz 05,27-143,1994,26.0,555,784,70.8,15931,9081,124,126,98.4,229,230,99.6,194,419,46.3,0,0.0,0.0,0,20,1,0,0,Matches
499,Andi Zeqiri,ch SUI,FWMF,Augsburg,22-271,1999,10.5,107,163,65.6,1853,341,53,70,75.7,36,52,69.2,13,24,54.2,1,0.9,+0.1,9,7,3,1,9,Matches
500,Simon Zoller,de GER,FW,Bochum,30-267,1991,4.0,73,96,76.0,1239,196,34,39,87.2,26,34,76.5,9,15,60.0,2,0.7,+1.3,6,5,3,2,4,Matches
