Rk,Player,Nation,Pos,Squad,Age,Born,90s,Tackles Tkl,Tackles TklW,Tackles Def 3rd,Tackles Mid 3rd,Tackles Att 3rd,Vs Dribbles Tkl,Vs Dribbles Att,Vs Dribbles Tkl%,Vs Dribbles Past,Pressures Press,Pressures Succ,Pressures %,Pressures Def 3rd,Pressures Mid 3rd,Pressures Att 3rd,Blocks Blocks,Blocks Sh,Blocks ShSv,Blocks Pass,Int,Tkl+Int,Clr,Err,Matches
1,Dickson Abiama,ng NGA,FW,Greuther Fürth,23-137,1998,7.1,14,7,3,7,4,2,9,22.2,7,165,34,20.6,20,74,71,8,3,0,5,8,22,6,0,Matches
2,Ragnar Ache,de GER,FWMF,Eint Frankfurt,23-235,1998,1.4,2,2,0,1,1,2,3,66.7,1,43,14,32.6,5,17,21,3,0,0,3,0,2,1,0,Matches
3,Tyler Adams,us USA,MF,RB Leipzig,23-034,1999,12.2,23,13,4,16,3,7,26,26.9,19,264,84,31.8,69,162,33,26,1,0,25,20,43,17,1,Matches
4,Sargis Adamyan,am ARM,FWMF,Hoffenheim,28-301,1993,3.7,13,8,8,4,1,5,13,38.5,8,81,27,33.3,17,41,23,5,0,0,5,3,16,2,0,Matches
5,Amine Adli,fr FRA,FWMF,Leverkusen,21-314,2000,13.1,37,24,14,17,6,17,29,58.6,12,266,88,33.1,61,105,100,32,4,0,28,16,53,6,0,Matches
6,Naouirou Ahamada,fr FRA,MF,Stuttgart,19-356,2002,0.7,0,0,0,0,0,0,1,0.0,1,17,6,35.3,4,10,3,2,0,0,2,0,0,2,0,Matches
7,Manuel Akanji,ch SUI,DF,Dortmund,26-244,1995,17.4,38,27,22,12,4,18,25,72.0,7,171,82,48.0,101,59,11,24,12,0,12,35,73,50,0,Matches
8,Kevin Akpoguma,ng NGA,DF,Hoffenheim,26-335,1995,13.5,28,15,13,8,7,14,23,60.9,9,207,62,30.0,78,79,50,49,0,0,49,28,56,18,1,Matches
9,Lucas Alario,ar ARG,FW,Leverkusen,29-163,1992,5.0,5,4,0,4,1,2,3,66.7,1,75,20,26.7,4,28,43,4,0,0,4,2,7,4,0,Matches
10,Nadiem Amiri,de GER,MFFW,Leverkusen,25-144,1996,4.1,8,4,4,2,2,4,7,57.1,3,57,23,40.4,14,30,13,5,1,0,4,5,13,2,0,Matches
11,Sebastian Andersson,se SWE,FW,Köln,30-248,1991,12.0,9,7,1,3,5,5,9,55.6,4,164,49,29.9,2,64,98,7,0,0,7,3,12,8,0,Matches
12,Andrés Andrade Cedeño,pa PAN,DF,Arminia,23-155,1998,10.7,27,19,18,7,2,14,29,48.3,15,165,56,33.9,99,54,12,19,9,0,10,23,50,51,1,Matches
13,Fredrik André Bjørkan,no NOR,DF,Hertha BSC,23-211,1998,2.8,7,3,5,2,0,4,7,57.1,3,51,12,23.5,26,15,10,7,0,0,7,4,11,4,1,Matches
14,Robert Andrich,de GER,MF,Leverkusen,27-179,1994,14.3,27,23,14,12,1,9,22,40.9,13,242,83,34.3,94,126,22,29,8,0,21,38,65,37,2,Matches
15,Angeliño,es ESP,DF,RB Leipzig,25-075,1997,20.1,29,14,12,14,3,13,27,48.1,14,212,80,37.7,83,74,55,35,4,0,31,24,53,39,0,Matches
16,Waldemar Anton,de GER,DF,Stuttgart,25-243,1996,22.8,39,27,21,16,2,14,34,41.2,20,256,101,39.5,136,106,14,44,16,1,28,55,94,123,1,Matches
17,Christopher Antwi-Adjei,gh GHA,FWMF,Bochum,28-041,1994,11.3,27,19,9,12,6,8,21,38.1,13,261,80,30.7,49,107,105,18,1,0,17,7,34,7,0,Matches
18,Charles Aránguiz,cl CHI,MF,Leverkusen,32-337,1989,11.4,35,24,17,11,7,10,43,23.3,33,282,97,34.4,107,145,30,26,2,0,24,27,62,12,0,Matches
19,Maximilian Arnold,de GER,MF,Wolfsburg,27-297,1994,25.5,36,25,20,14,2,11,34,32.4,23,448,153,34.2,174,231,43,35,11,0,24,49,85,35,0,Matches
20,Takuma Asano,jp JPN,FWMF,Bochum,27-130,1994,11.9,7,5,2,3,2,4,15,26.7,11,264,78,29.5,54,99,111,16,2,0,14,9,16,6,0,Matches
21,Santiago Ascacíbar,ar ARG,MF,Hertha BSC,25-023,1997,19.6,76,52,42,30,4,28,70,40.0,42,464,153,33.0,205,220,39,37,5,0,32,50,126,28,1,Matches
22,Fisnik Asllani,xk KVX,MFFW,Hoffenheim,19-224,2002,0.1,0,0,0,0,0,0,0,,0,5,3,60.0,0,3,2,0,0,0,0,0,0,0,0,Matches
23,Simon Asta,de GER,DF,Greuther Fürth,21-054,2001,4.1,6,3,3,2,1,3,5,60.0,2,69,23,33.3,30,23,16,12,2,0,10,12,18,2,0,Matches
24,Taiwo Awoniyi,ng NGA,FW,Union Berlin,24-220,1997,18.0,12,8,1,5,6,0,9,0.0,9,271,88,32.5,21,126,124,14,3,0,11,5,17,21,0,Matches
25,Sardar Azmoun,ir IRN,FW,Leverkusen,27-078,1995,0.3,0,0,0,0,0,0,0,,0,2,1,50.0,0,1,1,0,0,0,0,1,1,0,0,Matches
26,Mitchel Bakker,nl NED,DF,Leverkusen,21-273,2000,15.2,33,21,17,13,3,16,32,50.0,16,184,60,32.6,85,70,29,27,2,0,25,37,70,34,1,Matches
27,Ridle Baku,de GER,DFFW,Wolfsburg,23-346,1998,21.0,40,21,22,14,4,13,46,28.3,33,380,110,28.9,127,152,101,47,0,0,47,27,67,33,1,Matches
28,Aymen Barkok,ma MAR,FWMF,Eint Frankfurt,23-303,1998,1.1,5,3,3,2,0,1,3,33.3,2,34,10,29.4,12,14,8,3,0,0,3,3,8,5,0,Matches
29,Leandro Barreiro Martins,lu LUX,MF,Mainz 05,22-076,2000,15.8,59,30,24,24,11,19,36,52.8,17,376,108,28.7,98,197,81,29,6,0,23,32,91,27,0,Matches
30,Jacob Barrett Laursen,dk DEN,DF,Arminia,27-123,1994,14.0,20,13,12,6,2,6,14,42.9,8,167,56,33.5,72,65,30,30,7,0,23,22,42,35,1,Matches
31,Abdourahmane Barry,fr FRA,DF,Greuther Fürth,22-027,2000,2.3,9,3,6,2,1,6,8,75.0,2,40,11,27.5,15,21,4,6,2,0,4,6,15,0,1,Matches
32,Maximilian Bauer,de GER,DF,Greuther Fürth,22-039,2000,15.9,30,21,23,6,1,10,20,50.0,10,196,77,39.3,112,80,4,25,13,0,12,38,68,93,1,Matches
33,Oliver Baumann,de GER,GK,Hoffenheim,31-291,1990,26.0,0,0,0,0,0,0,1,0.0,1,4,3,75.0,4,0,0,0,0,0,0,0,0,1,0,Matches
34,Timo Baumgartl,de GER,DF,Union Berlin,26-016,1996,21.1,63,32,44,18,1,33,47,70.2,14,336,131,39.0,172,137,27,42,11,0,31,38,101,75,0,Matches
35,Julian Baumgartlinger,at AUT,MF,Leverkusen,34-077,1988,0.1,1,1,0,1,0,0,0,,0,3,2,66.7,1,2,0,0,0,0,0,0,1,0,0,Matches
36,Christoph Baumgartner,at AUT,MFFW,Hoffenheim,22-231,1999,15.7,25,21,14,5,6,10,23,43.5,13,290,87,30.0,62,133,95,21,4,0,17,19,44,14,0,Matches
37,Noah Joel Sarenren Bazee,ng NGA,MFFW,Augsburg,25-211,1996,2.7,5,4,1,2,2,1,2,50.0,1,55,16,29.1,14,19,22,7,2,0,5,6,11,2,0,Matches
38,Ihlas Bebou,tg TOG,FWDF,Hoffenheim,27-331,1994,18.0,20,13,6,10,4,3,10,30.0,7,301,87,28.9,46,113,142,17,2,0,15,11,31,19,0,Matches
39,Sheraldo Becker,sr SUR,FWMF,Union Berlin,27-039,1995,14.1,12,7,2,8,2,2,9,22.2,7,207,71,34.3,26,88,93,11,0,0,11,9,21,2,0,Matches
40,Kevin Behrens,de GER,FW,Union Berlin,31-045,1991,4.8,4,2,1,2,1,0,3,0.0,3,98,27,27.6,11,53,34,7,0,0,7,5,9,8,0,Matches
41,Ishak Belfodil,dz ALG,FW,Hertha BSC,30-067,1992,15.0,12,6,6,6,0,3,7,42.9,4,168,49,29.2,27,78,63,8,2,0,6,5,17,14,0,Matches
42,Stefan Bell,de GER,DF,Mainz 05,30-208,1991,23.8,51,27,37,11,3,21,53,39.6,32,253,97,38.3,140,101,12,34,15,0,19,46,97,129,1,Matches
43,Armel Bella Kotchap,de GER,DF,Bochum,20-099,2001,14.9,36,22,25,11,0,11,19,57.9,8,217,77,35.5,122,87,8,33,20,1,13,51,87,101,0,Matches
44,Karim Bellarabi,de GER,FWMF,Leverkusen,31-346,1990,6.0,5,4,2,2,1,2,6,33.3,4,100,29,29.0,36,35,29,3,0,0,3,7,12,4,0,Matches
45,Jude Bellingham,eng ENG,MF,Dortmund,18-264,2003,23.0,48,33,12,25,11,14,37,37.8,23,478,164,34.3,93,259,126,48,3,0,45,31,79,19,1,Matches
46,George Bello,us USA,DF,Arminia,20-057,2002,2.9,7,4,7,0,0,4,5,80.0,1,34,11,32.4,21,8,5,6,2,0,4,6,13,3,0,Matches
47,László Bénes,sk SVK,MF,M'Gladbach,24-192,1997,2.6,4,4,0,3,1,0,6,0.0,6,52,21,40.4,12,34,6,5,2,0,3,0,4,7,0,Matches
48,Keanan Bennetts,eng ENG,FWDF,M'Gladbach,23-011,1999,0.6,1,0,0,1,0,1,1,100.0,0,11,3,27.3,2,3,6,0,0,0,0,0,1,0,0,Matches
49,Ramy Bensebaini,dz ALG,DF,M'Gladbach,26-338,1995,15.4,28,15,14,13,1,14,34,41.2,20,162,51,31.5,82,62,18,35,8,0,27,61,89,52,0,Matches
50,Louis Beyer,de GER,DF,M'Gladbach,21-305,2000,8.5,31,10,21,9,1,15,33,45.5,18,115,40,34.8,64,45,6,19,5,0,14,16,47,29,0,Matches
51,Bartosz Bialek,pl POL,FWMF,Wolfsburg,20-129,2001,1.2,1,1,0,1,0,0,2,0.0,2,43,13,30.2,0,26,17,0,0,0,0,0,1,2,0,Matches
52,Tom Bischof,de GER,MFFW,Hoffenheim,16-265,2005,0.2,0,0,0,0,0,0,0,,0,4,2,50.0,2,0,2,2,0,0,2,0,0,1,0,Matches
53,Danny Blum,de GER,FW,Bochum,31-072,1991,2.8,1,0,0,0,1,0,1,0.0,1,42,9,21.4,7,13,22,0,0,0,0,5,6,2,0,Matches
54,Kevin-Prince Boateng,gh GHA,MFFW,Hertha BSC,35-014,1987,4.7,4,2,1,3,0,3,8,37.5,5,52,8,15.4,10,34,8,6,2,0,4,7,11,15,0,Matches
55,Herbert Bockhorn,de GER,DF,Bochum,27-048,1995,6.2,17,9,8,7,2,4,12,33.3,8,132,32,24.2,53,58,21,15,1,0,14,20,37,19,0,Matches
56,Jean-Paul Boëtius,nl NED,MF,Mainz 05,27-363,1994,14.5,32,22,17,12,3,16,43,37.2,27,346,126,36.4,95,188,63,33,1,0,32,20,52,9,0,Matches
57,Tarsis Bonga,de GER,FW,Bochum,25-069,1997,0.0,0,0,0,0,0,0,0,,0,2,0,0.0,0,1,1,0,0,0,0,1,1,0,0,Matches
58,Solomon Bonnah,nl NED,DF,RB Leipzig,18-213,2003,0.1,0,0,0,0,0,0,0,,0,4,2,50.0,0,0,4,1,0,0,1,2,2,0,0,Matches
59,Sebastiaan Bornauw,be BEL,DF,Wolfsburg,22-363,1999,17.6,26,18,15,11,0,8,15,53.3,7,177,69,39.0,118,54,5,30,7,0,23,32,58,90,0,Matches
60,Rafael Borré,co COL,FW,Eint Frankfurt,26-186,1995,22.4,30,24,6,12,12,5,25,20.0,20,571,173,30.3,43,244,284,25,3,0,22,4,34,9,0,Matches
61,Dedryck Boyata,be BEL,DF,Hertha BSC,31-112,1990,14.1,11,8,8,3,0,4,8,50.0,4,55,16,29.1,39,16,0,23,11,0,12,19,30,96,2,Matches
62,Julian Brandt,de GER,MFFW,Dortmund,25-322,1996,17.0,26,18,7,12,7,9,38,23.7,29,360,108,30.0,76,180,104,27,2,0,25,21,47,10,0,Matches
63,Iker Bravo,es ESP,FW,Leverkusen,17-066,2005,0.1,0,0,0,0,0,0,0,,0,3,1,33.3,0,2,1,1,0,0,1,0,0,0,0,Matches
64,Fabian Bredlow,de GER,GK,Stuttgart,27-018,1995,4.0,0,0,0,0,0,0,0,,0,0,0,,0,0,0,0,0,0,0,0,0,0,0,Matches
65,Josip Brekalo,hr CRO,MF,Wolfsburg,23-270,1998,0.2,0,0,0,0,0,0,0,,0,0,0,,0,0,0,0,0,0,0,0,0,0,0,Matches
66,Brian Brobbey,nl NED,FW,RB Leipzig,20-047,2002,1.5,3,2,0,3,0,2,2,100.0,0,22,8,36.4,1,8,13,1,0,0,1,0,3,0,0,Matches
67,John Brooks,us USA,DF,Wolfsburg,29-051,1993,21.1,38,23,22,15,1,25,46,54.3,21,189,73,38.6,116,64,9,41,16,0,25,51,89,116,2,Matches
68,Daniel Brosinski,de GER,DF,Mainz 05,33-246,1988,3.5,4,3,2,1,1,2,2,100.0,0,33,5,15.2,19,9,5,8,0,0,8,6,10,6,0,Matches
69,Cédric Brunner,ch SUI,DF,Arminia,28-031,1994,22.9,57,31,31,22,4,16,38,42.1,22,285,78,27.4,133,119,33,43,11,0,32,58,115,78,1,Matches
70,Jacob Bruun Larsen,dk DEN,FWMF,Hoffenheim,23-182,1998,6.9,2,0,1,0,1,0,4,0.0,4,98,20,20.4,21,38,39,15,2,0,13,6,8,5,1,Matches
71,Sascha Burchert,de GER,GK,Greuther Fürth,32-141,1989,13.0,0,0,0,0,0,0,1,0.0,1,3,0,0.0,3,0,0,0,0,0,0,0,0,1,0,Matches
72,Delano Burgzorg,nl NED,FW,Mainz 05,23-133,1998,0.3,1,1,1,0,0,0,0,,0,13,3,23.1,1,4,8,1,0,0,1,0,1,0,0,Matches
73,Jonathan Burkardt,de GER,FWMF,Mainz 05,21-252,2000,22.2,10,7,1,6,3,1,14,7.1,13,353,101,28.6,41,139,173,26,7,0,19,11,21,14,0,Matches
74,Daniel Caligiuri,it ITA,MFDF,Augsburg,34-064,1988,15.6,44,21,19,19,6,14,50,28.0,36,343,84,24.5,93,169,81,35,3,0,32,16,60,16,0,Matches
75,Emre Can,de GER,MFDF,Dortmund,28-067,1994,12.3,36,29,17,18,1,11,20,55.0,9,152,58,38.2,64,71,17,25,9,0,16,29,65,22,1,Matches
76,Koen Casteels,be BEL,GK,Wolfsburg,29-268,1992,23.0,0,0,0,0,0,0,1,0.0,1,1,0,0.0,1,0,0,0,0,0,0,0,0,0,1,Matches
77,Gonzalo Castro,de GER,MF,Arminia,34-282,1987,2.9,5,4,2,2,1,0,4,0.0,4,50,19,38.0,13,23,14,4,0,0,4,2,7,3,0,Matches
78,Julian Chabot,de GER,DF,Köln,24-036,1998,1.0,1,1,0,1,0,1,3,33.3,2,8,3,37.5,3,5,0,2,0,0,2,2,3,5,0,Matches
79,Timothy Chandler,us USA,DF,Eint Frankfurt,31-356,1990,10.8,19,12,9,9,1,9,19,47.4,10,146,44,30.1,49,68,29,21,3,0,18,16,35,27,0,Matches
80,Justin Che,us USA,DF,Hoffenheim,18-122,2003,0.2,1,1,1,0,0,0,0,,0,4,3,75.0,3,1,0,0,0,0,0,1,2,0,0,Matches
81,Max Christiansen,de GER,MF,Greuther Fürth,25-176,1996,19.4,49,23,22,22,5,14,39,35.9,25,354,115,32.5,132,188,34,58,12,1,46,71,120,54,0,Matches
82,Kingsley Coman,fr FRA,FWDF,Bayern Munich,25-280,1996,12.0,11,7,1,6,4,3,10,30.0,7,136,35,25.7,27,54,55,15,0,0,15,13,24,4,0,Matches
83,Lucas Copado,de GER,FW,Bayern Munich,18-069,2004,0.2,0,0,0,0,0,0,1,0.0,1,8,2,25.0,2,4,2,0,0,0,0,0,0,0,0,Matches
84,Sergio Córdova,ve VEN,FWMF,Augsburg,24-223,1997,3.6,6,4,4,2,0,0,1,0.0,1,68,24,35.3,18,31,19,0,0,0,0,1,7,5,0,Matches
85,Danny da Costa,de GER,DF,Eint Frankfurt,28-250,1993,7.1,13,8,5,7,1,4,14,28.6,10,94,32,34.0,41,35,18,19,2,0,17,14,27,23,0,Matches
86,Tanguy Coulibaly,fr FRA,DFFW,Stuttgart,21-030,2001,11.2,26,13,16,10,0,10,18,55.6,8,216,47,21.8,67,86,63,18,3,0,15,7,33,7,0,Matches
87,Mickaël Cuisance,fr FRA,MF,Bayern Munich,22-216,1999,0.1,1,1,0,1,0,0,0,,0,4,1,25.0,0,3,1,0,0,0,0,0,1,0,0,Matches
88,Matheus Cunha,br BRA,FW,Hertha BSC,22-297,1999,0.7,0,0,0,0,0,0,0,,0,11,3,27.3,2,7,2,0,0,0,0,1,1,0,0,Matches
89,Rafael Czichos,de GER,DF,Köln,31-310,1990,15.6,29,22,17,10,2,11,33,33.3,22,156,70,44.9,96,52,8,34,15,0,19,38,67,77,4,Matches
90,Lennart-Marten Czyborra,de GER,DF,Arminia,22-321,1999,1.5,1,1,1,0,0,0,2,0.0,2,17,5,29.4,9,6,2,0,0,0,0,6,7,3,1,Matches
91,Moanes Dabbur,il ISR,FWMF,Hoffenheim,29-310,1992,11.1,12,10,1,6,5,1,8,12.5,7,193,57,29.5,17,90,86,8,2,0,6,10,22,3,1,Matches
92,Mahmoud Dahoud,de GER,MF,Dortmund,26-078,1996,17.7,43,28,13,27,3,16,39,41.0,23,326,117,35.9,95,174,57,29,3,0,26,31,74,19,0,Matches
93,Márton Dárdai,de GER,DF,Hertha BSC,20-036,2002,7.0,11,5,7,4,0,5,11,45.5,6,62,27,43.5,32,30,0,18,7,1,11,13,24,30,1,Matches
94,Vladimír Darida,cz CZE,MF,Hertha BSC,31-224,1990,16.2,31,17,16,8,7,8,21,38.1,13,265,84,31.7,83,134,48,24,4,0,20,26,57,23,1,Matches
95,Alphonso Davies,ca CAN,DF,Bayern Munich,21-138,2000,14.1,30,16,18,10,2,13,31,41.9,18,205,76,37.1,76,69,60,32,1,0,31,24,54,9,0,Matches
96,Saulo Decarli,ch SUI,DF,Bochum,30-044,1992,0.1,0,0,0,0,0,0,0,,0,3,3,100.0,2,0,1,0,0,0,0,0,0,0,0,Matches
97,Thomas Delaney,dk DEN,MF,Dortmund,30-198,1991,0.2,0,0,0,0,0,0,0,,0,2,0,0.0,0,2,0,0,0,0,0,1,1,0,0,Matches
98,Kerem Demirbay,de GER,MF,Leverkusen,28-260,1993,19.9,56,37,28,26,2,21,50,42.0,29,369,134,36.3,137,174,58,35,8,0,27,43,99,19,0,Matches
99,Ermedin Demirović,ba BIH,FWMF,Freiburg,23-360,1998,7.8,14,4,5,2,7,1,7,14.3,6,193,52,26.9,33,79,81,18,1,0,17,2,16,6,0,Matches
100,Mike van der Hoorn,nl NED,DF,Arminia,29-156,1992,0.2,2,2,2,0,0,1,1,100.0,0,5,3,60.0,5,0,0,1,0,0,1,0,2,1,0,Matches
101,Moussa Diaby,fr FRA,FW,Leverkusen,22-256,1999,22.8,14,7,6,6,2,5,31,16.1,26,242,57,23.6,41,132,69,8,0,0,8,17,31,1,0,Matches
102,Daniel Didavi,de GER,FWMF,Stuttgart,32-027,1990,3.1,8,1,1,5,2,2,6,33.3,4,71,18,25.4,13,26,32,2,1,0,1,1,9,1,0,Matches
103,Javairô Dilrosun,nl NED,FW,Hertha BSC,23-271,1998,1.5,3,1,0,3,0,1,3,33.3,2,37,7,18.9,7,22,8,1,0,0,1,2,5,1,0,Matches
104,Lee Dongjun,kr KOR,MF,Hertha BSC,25-047,1997,1.3,2,1,0,2,0,1,2,50.0,1,28,5,17.9,7,13,8,3,0,0,3,2,4,0,0,Matches
105,Niklas Dorsch,de GER,MF,Augsburg,24-064,1998,18.9,61,37,36,22,3,16,33,48.5,17,368,106,28.8,157,193,18,37,8,1,29,47,108,26,1,Matches
106,Ondrej Duda,sk SVK,MF,Köln,27-105,1994,16.0,20,17,4,11,5,7,24,29.2,17,323,105,32.5,50,162,111,15,1,0,14,28,48,10,0,Matches
107,Jeremy Dudziak,tn TUN,MFFW,Greuther Fürth,26-204,1995,12.5,19,14,7,8,4,5,16,31.3,11,284,69,24.3,69,134,81,14,0,0,14,16,35,4,0,Matches
108,Erik Durm,de GER,DF,Eint Frankfurt,29-312,1992,5.3,15,6,6,6,3,11,20,55.0,9,71,25,35.2,19,37,15,7,1,0,6,11,26,12,0,Matches
109,Maximilian Eggestein,de GER,MF,Freiburg,25-102,1996,17.7,38,22,16,18,4,15,35,42.9,20,322,100,31.1,110,154,58,43,13,0,30,25,63,28,0,Matches
110,Lilian Egloff,de GER,FWMF,Stuttgart,19-212,2002,0.3,1,1,0,1,0,0,0,,0,14,2,14.3,0,6,8,0,0,0,0,0,1,1,0,Matches
111,Kingsley Ehizibue,nl NED,DF,Köln,26-299,1995,3.4,12,5,10,2,0,5,11,45.5,6,89,31,34.8,56,23,10,13,2,0,11,9,21,16,0,Matches
112,Jurgen Ekkelenkamp,nl NED,MFFW,Hertha BSC,21-349,2000,7.2,8,4,3,5,0,3,6,50.0,3,106,26,24.5,20,51,35,13,3,0,10,8,16,3,0,Matches
113,Nico Elvedi,ch SUI,DF,M'Gladbach,25-171,1996,22.3,39,19,26,13,0,16,30,53.3,14,157,62,39.5,85,69,3,40,18,0,22,46,85,97,0,Matches
114,Breel Embolo,ch SUI,FW,M'Gladbach,25-034,1997,16.4,25,18,1,15,9,7,15,46.7,8,288,93,32.3,14,144,130,10,1,0,9,8,33,3,0,Matches
115,Keita Endo,jp JPN,MFFW,Union Berlin,24-118,1997,0.6,2,0,2,0,0,1,2,50.0,1,10,2,20.0,4,4,2,1,0,0,1,0,2,0,0,Matches
116,Wataru Endo,jp JPN,MF,Stuttgart,29-039,1993,26.2,60,34,29,26,5,21,57,36.8,36,514,183,35.6,192,239,83,59,13,0,46,49,109,37,0,Matches
117,Michael Esser,de GER,GK,Bochum,34-118,1987,2.0,0,0,0,0,0,0,1,0.0,1,1,0,0.0,1,0,0,0,0,0,0,0,0,0,0,Matches
118,Wahidullah Faghir,dk DEN,FW,Stuttgart,18-234,2003,1.4,1,0,0,1,0,0,0,,0,31,10,32.3,2,12,17,1,0,0,1,1,2,1,0,Matches
119,Ömer Faruk Beyaz,tr TUR,FWDF,Stuttgart,18-203,2003,0.8,5,5,1,4,0,1,5,20.0,4,30,10,33.3,5,16,9,0,0,0,0,1,6,1,0,Matches
120,Adrian Fein,de GER,MF,Greuther Fürth,23-002,1999,0.4,0,0,0,0,0,0,1,0.0,1,12,1,8.3,4,4,4,1,0,0,1,2,2,0,0,Matches
121,Ohis Felix Uduokhai,de GER,DF,Augsburg,24-192,1997,7.3,11,5,7,4,0,7,16,43.8,9,100,40,40.0,52,39,9,15,7,0,8,15,26,36,0,Matches
122,Edimilson Fernandes,ch SUI,DFFW,Arminia,25-339,1996,3.1,3,3,0,2,1,1,4,25.0,3,49,17,34.7,14,25,10,4,2,1,2,2,5,6,0,Matches
123,Alfreð Finnbogason,is ISL,FWMF,Augsburg,33-047,1989,2.2,2,0,0,1,1,0,2,0.0,2,36,7,19.4,4,21,11,5,1,0,4,1,3,2,0,Matches
124,Mark Flekken,nl NED,GK,Freiburg,28-280,1993,25.0,0,0,0,0,0,0,1,0.0,1,2,0,0.0,2,0,0,1,0,0,1,0,0,0,0,Matches
125,Emil Forsberg,se SWE,MFFW,RB Leipzig,30-148,1991,14.3,18,13,2,9,7,4,12,33.3,8,225,65,28.9,24,113,88,19,0,0,19,5,23,4,1,Matches
126,Philipp Förster,de GER,FWMF,Stuttgart,27-044,1995,10.2,23,11,5,16,2,12,24,50.0,12,210,52,24.8,50,103,57,17,1,0,16,10,33,2,0,Matches
127,Timothy Fosu-Mensah,nl NED,DF,Leverkusen,24-077,1998,1.6,6,2,4,1,1,3,4,75.0,1,17,3,17.6,11,4,2,2,0,0,2,2,8,2,1,Matches
128,Raphael Framberger,de GER,DFMF,Augsburg,26-195,1995,8.2,23,14,8,11,4,9,18,50.0,9,115,35,30.4,48,45,22,15,2,0,13,9,32,25,0,Matches
129,Marvin Friedrich,de GER,DF,Union Berlin,26-097,1995,13.0,20,12,18,2,0,13,16,81.3,3,164,55,33.5,100,55,9,24,7,0,17,31,51,55,0,Matches
130,Marvin Friedrich,de GER,DF,M'Gladbach,26-097,1995,4.5,9,5,6,3,0,3,5,60.0,2,38,12,31.6,21,14,3,6,2,0,4,7,16,16,0,Matches
131,Jeremie Frimpong,nl NED,DF,Leverkusen,21-100,2000,22.8,34,21,24,10,0,11,18,61.1,7,295,80,27.1,140,107,48,50,7,0,43,39,73,36,0,Matches
132,Chris Führich,de GER,MFFW,Stuttgart,24-070,1998,13.9,25,17,8,10,7,13,31,41.9,18,250,77,30.8,55,121,74,20,1,0,19,14,39,5,0,Matches
133,Marius Funk,de GER,GK,Greuther Fürth,26-078,1996,8.0,0,0,0,0,0,0,0,,0,2,0,0.0,2,0,0,0,0,0,0,0,0,0,1,Matches
134,Stephan Fürstner,de GER,MF,Mainz 05,34-190,1987,0.1,0,0,0,0,0,0,0,,0,3,0,0.0,2,1,0,0,0,0,0,0,0,1,0,Matches
135,Mijat Gaćinović,rs SRB,FWDF,Hoffenheim,27-040,1995,1.2,3,2,1,1,1,3,4,75.0,1,19,5,26.3,7,7,5,1,0,0,1,2,5,4,0,Matches
136,Cristian Gamboa,cr CRC,DF,Bochum,32-147,1989,12.2,42,28,25,16,1,19,44,43.2,25,227,73,32.2,123,85,19,22,6,0,16,45,87,28,0,Matches
137,Silvère Ganvoula M'Boussy,cg CGO,FW,Bochum,25-271,1996,1.7,0,0,0,0,0,0,0,,0,32,6,18.8,0,18,14,0,0,0,0,0,0,2,0,Matches
138,Linus Gechter,de GER,DF,Hertha BSC,18-021,2004,6.3,9,5,8,1,0,7,15,46.7,8,58,16,27.6,43,12,3,18,8,3,10,13,22,26,0,Matches
139,Dennis Geiger,de GER,MF,Hoffenheim,23-283,1998,15.1,37,23,14,18,5,16,27,59.3,11,278,99,35.6,67,158,53,20,0,0,20,27,64,5,1,Matches
140,Yannick Gerhardt,de GER,MFDF,Wolfsburg,28-007,1994,11.6,31,21,15,14,2,6,23,26.1,17,246,81,32.9,97,112,37,22,1,0,21,20,51,15,0,Matches
141,Hamadi Al Ghaddioui,ma MAR,FW,Stuttgart,31-179,1990,5.5,7,5,2,3,2,0,0,,0,104,33,31.7,10,44,50,3,0,0,3,0,7,4,0,Matches
142,Niko Gießelmann,de GER,DF,Union Berlin,30-175,1991,18.8,27,10,11,13,3,11,23,47.8,12,229,67,29.3,89,99,41,34,4,0,30,17,44,30,2,Matches
143,Rafał Gikiewicz,pl POL,GK,Augsburg,34-145,1987,26.0,0,0,0,0,0,0,5,0.0,5,9,1,11.1,8,0,1,0,0,0,0,0,0,0,3,Matches
144,Daniel Ginczek,de GER,MFFW,Wolfsburg,30-341,1991,0.1,0,0,0,0,0,0,0,,0,7,2,28.6,1,2,4,0,0,0,0,0,0,0,0,Matches
145,Matthias Ginter,de GER,DF,M'Gladbach,28-060,1994,22.6,38,26,25,11,2,24,38,63.2,14,200,76,38.0,110,68,22,32,11,1,21,44,82,97,1,Matches
146,Serge Gnabry,de GER,FWDF,Bayern Munich,26-249,1995,19.2,41,27,11,18,12,16,43,37.2,27,310,112,36.1,62,133,115,21,0,0,21,19,60,0,0,Matches
147,Leon Goretzka,de GER,MF,Bayern Munich,27-042,1995,9.9,17,11,6,8,3,7,18,38.9,11,131,46,35.1,32,77,22,12,0,0,12,18,35,14,2,Matches
148,Jeffrey Gouweleeuw,nl NED,DF,Augsburg,30-253,1991,20.6,46,29,31,14,1,12,23,52.2,11,216,88,40.7,144,61,11,38,15,0,23,54,100,114,0,Matches
149,Julian Green,us USA,MF,Greuther Fürth,26-287,1995,8.0,11,8,0,9,2,4,11,36.4,7,110,34,30.9,24,63,23,10,2,0,8,12,23,5,0,Matches
150,Michael Gregoritsch,at AUT,FWMF,Augsburg,27-336,1994,11.2,13,6,2,6,5,3,12,25.0,9,258,70,27.1,9,140,109,14,0,0,14,8,21,14,0,Matches
151,Sebastian Griesbeck,de GER,DFMF,Greuther Fürth,31-168,1990,21.1,47,26,25,17,5,19,39,48.7,20,325,121,37.2,151,147,27,36,12,0,24,50,97,87,1,Matches
152,Sebastian Griesbeck,de GER,MF,Union Berlin,31-168,1990,0.1,1,1,0,1,0,1,1,100.0,0,5,1,20.0,0,5,0,0,0,0,0,0,1,0,0,Matches
153,Vincenzo Grifo,it ITA,MFFW,Freiburg,28-347,1993,23.9,20,15,5,12,3,9,27,33.3,18,253,62,24.5,52,115,86,33,2,0,31,29,49,18,0,Matches
154,Lennart Grill,de GER,GK,Leverkusen,23-054,1999,1.0,0,0,0,0,0,0,0,,0,0,0,,0,0,0,0,0,0,0,0,0,0,0,Matches
155,Florian Grillitsch,at AUT,DFMF,Hoffenheim,26-225,1995,15.6,37,24,16,20,1,10,29,34.5,19,185,69,37.3,74,100,11,21,5,0,16,40,77,45,1,Matches
156,Carlos Gruezo,ec ECU,MF,Augsburg,26-335,1995,7.1,14,11,7,7,0,7,15,46.7,8,142,57,40.1,43,87,12,11,2,0,9,11,25,15,0,Matches
157,Raphaël Guerreiro,pt POR,DF,Dortmund,28-088,1993,13.7,30,20,16,11,3,10,23,43.5,13,126,38,30.2,54,53,19,16,1,0,15,26,56,11,0,Matches
158,Josuha Guilavogui,fr FRA,MFDF,Wolfsburg,31-182,1990,10.5,32,21,17,14,1,7,16,43.8,9,165,62,37.6,72,78,15,18,7,0,11,36,68,42,0,Matches
159,Péter Gulácsi,hu HUN,GK,RB Leipzig,31-318,1990,25.0,0,0,0,0,0,0,0,,0,1,0,0.0,1,0,0,0,0,0,0,0,0,0,1,Matches
160,Manuel Gulde,de GER,DF,Freiburg,31-036,1991,12.2,21,12,15,6,0,6,11,54.5,5,140,49,35.0,75,57,8,20,6,0,14,20,41,39,1,Matches
161,Robert Gumny,pl POL,DF,Augsburg,23-289,1998,19.2,47,32,27,14,6,21,40,52.5,19,266,86,32.3,149,93,24,33,6,0,27,40,87,46,3,Matches
162,Christian Günter,de GER,DF,Freiburg,29-020,1993,27.0,38,17,21,15,2,14,36,38.9,22,285,81,28.4,110,110,65,29,2,0,27,26,64,40,1,Matches
163,Lasse Günther,de GER,DF,Augsburg,18-364,2003,0.8,4,3,2,2,0,2,3,66.7,1,18,5,27.8,9,5,4,2,0,0,2,2,6,0,0,Matches
164,Joško Gvardiol,hr CRO,DF,RB Leipzig,20-056,2002,22.4,44,27,21,21,2,16,31,51.6,15,283,105,37.1,116,144,23,47,9,0,38,74,118,59,1,Matches
165,Erling Haaland,no NOR,FW,Dortmund,21-242,2000,13.4,3,3,0,3,0,0,0,,0,172,50,29.1,3,55,114,8,1,0,7,3,6,20,0,Matches
166,Janik Haberer,de GER,MF,Freiburg,27-352,1994,8.6,24,11,11,8,5,8,20,40.0,12,199,59,29.6,70,100,29,14,2,0,12,17,41,21,0,Matches
167,Alexander Hack,de GER,DF,Mainz 05,28-193,1993,17.2,45,31,30,12,3,19,36,52.8,17,199,77,38.7,107,83,9,28,11,0,17,43,88,96,1,Matches
168,Robin Hack,de GER,MFFW,Arminia,23-205,1998,11.7,12,9,4,6,2,4,18,22.2,14,212,64,30.2,41,101,70,11,0,0,11,10,22,8,0,Matches
169,André Hahn,de GER,FWMF,Augsburg,31-219,1990,17.7,27,12,10,9,8,10,33,30.3,23,331,82,24.8,64,164,103,41,7,0,34,20,47,26,0,Matches
170,Amadou Haidara,ml MLI,MF,RB Leipzig,24-048,1998,14.7,31,21,11,19,1,7,31,22.6,24,257,97,37.7,65,149,43,27,7,0,20,16,47,14,0,Matches
171,Marcel Halstenberg,de GER,DF,RB Leipzig,30-174,1991,0.4,2,1,1,0,1,2,2,100.0,0,5,2,40.0,1,3,1,1,0,0,1,1,3,1,0,Matches
172,Genki Haraguchi,jp JPN,MF,Union Berlin,30-315,1991,15.3,32,16,12,17,3,11,37,29.7,26,283,87,30.7,62,159,62,29,3,0,26,20,52,23,0,Matches
173,Makoto Hasebe,jp JPN,DFMF,Eint Frankfurt,38-061,1984,9.7,28,18,16,12,0,14,22,63.6,8,132,51,38.6,73,55,4,17,6,0,11,25,53,33,0,Matches
174,Thorgan Hazard,be BEL,FWDF,Dortmund,28-356,1993,12.2,18,9,7,6,5,7,29,24.1,22,230,63,27.4,56,95,79,18,1,0,17,15,33,9,0,Matches
175,Jonas Hector,de GER,DF,Köln,31-297,1990,22.6,60,36,30,19,11,24,61,39.3,37,358,123,34.4,161,132,65,52,10,0,42,52,112,66,1,Matches
176,Hwang Hee-chan,kr KOR,FW,RB Leipzig,26-053,1996,0.5,0,0,0,0,0,0,1,0.0,1,5,1,20.0,1,4,0,0,0,0,0,1,1,0,0,Matches
177,Dominique Heintz,de GER,DF,Union Berlin,28-217,1993,3.2,6,3,3,3,0,3,5,60.0,2,45,19,42.2,26,16,3,5,3,0,2,9,15,13,0,Matches
178,Dominique Heintz,de GER,DF,Freiburg,28-217,1993,0.3,0,0,0,0,0,0,0,,0,2,1,50.0,1,1,0,0,0,0,0,1,1,0,0,Matches
179,Benjamin Henrichs,de GER,DF,RB Leipzig,25-025,1997,9.5,29,16,18,5,6,13,19,68.4,6,145,49,33.8,54,61,30,18,2,0,16,22,51,16,0,Matches
180,Lucas Hernández,fr FRA,DF,Bayern Munich,26-034,1996,18.8,51,33,22,20,9,24,35,68.6,11,206,88,42.7,100,76,30,34,10,0,24,31,82,46,1,Matches
181,Patrick Herrmann,de GER,DFFW,M'Gladbach,31-036,1991,8.0,16,6,5,7,4,9,22,40.9,13,123,41,33.3,29,54,40,12,1,0,11,8,24,8,0,Matches
182,Piero Hincapié,ec ECU,DF,Leverkusen,20-070,2002,15.5,31,18,20,11,0,15,22,68.2,7,218,96,44.0,134,67,17,38,15,0,23,40,71,50,0,Matches
183,Martin Hinteregger,at AUT,DF,Eint Frankfurt,29-194,1992,20.7,49,26,25,22,2,18,35,51.4,17,243,87,35.8,122,113,8,50,14,1,36,53,102,122,1,Matches
184,Marwin Hitz,ch SUI,GK,Dortmund,34-183,1987,1.5,0,0,0,0,0,0,0,,0,0,0,,0,0,0,0,0,0,0,0,0,0,0,Matches
185,Nicolas Höfler,de GER,MF,Freiburg,32-011,1990,22.0,62,43,30,25,7,21,51,41.2,30,440,150,34.1,155,217,68,49,22,0,27,39,101,40,0,Matches
186,Jonas Hofmann,de GER,MFFW,M'Gladbach,29-249,1992,18.1,33,22,9,15,9,11,27,40.7,16,374,109,29.1,81,182,111,23,2,0,21,21,54,7,0,Matches
187,Lucas Höler,de GER,FWMF,Freiburg,27-253,1994,23.7,30,23,10,9,11,5,16,31.3,11,428,124,29.0,68,202,158,29,4,0,25,15,45,27,0,Matches
188,Gerrit Holtmann,ph PHI,FWMF,Bochum,26-360,1995,16.3,9,4,4,3,2,0,19,0.0,19,261,71,27.2,46,83,132,22,1,0,21,18,27,4,0,Matches
189,Justin Hoogma,nl NED,DF,Greuther Fürth,23-282,1998,3.0,4,3,3,1,0,3,7,42.9,4,29,7,24.1,13,16,0,6,5,0,1,5,9,11,0,Matches
190,Jannes Horn,de GER,DF,Köln,25-042,1997,2.4,2,1,1,1,0,0,3,0.0,3,31,13,41.9,13,16,2,2,1,0,1,4,6,6,0,Matches
191,Timo Horn,de GER,GK,Köln,28-312,1993,13.0,0,0,0,0,0,0,1,0.0,1,3,0,0.0,3,0,0,0,0,0,0,0,0,1,0,Matches
192,Lukáš Hrádecký,fi FIN,GK,Leverkusen,32-116,1989,25.0,0,0,0,0,0,0,0,,0,0,0,,0,0,0,0,0,0,0,0,0,0,0,Matches
193,Branimir Hrgota,se SWE,FW,Greuther Fürth,29-067,1993,24.0,36,22,8,21,7,17,43,39.5,26,544,156,28.7,84,275,185,26,2,0,24,13,49,11,0,Matches
194,Ajdin Hrustic,au AUS,MF,Eint Frankfurt,25-258,1996,6.8,13,11,2,7,4,3,14,21.4,11,135,45,33.3,37,76,22,14,1,0,13,11,24,6,0,Matches
195,Timo Hübers,de GER,DF,Köln,25-243,1996,12.4,27,17,19,8,0,16,33,48.5,17,149,66,44.3,96,44,9,24,14,1,10,52,79,73,0,Matches
196,Benjamin Hübner,de GER,DF,Hoffenheim,32-259,1989,4.2,11,4,2,6,3,5,10,50.0,5,56,24,42.9,17,26,13,8,3,0,5,5,16,14,0,Matches
197,Mats Hummels,de GER,DF,Dortmund,33-094,1988,17.6,37,24,22,14,1,15,30,50.0,15,164,62,37.8,95,64,5,27,14,0,13,52,89,73,1,Matches
198,Iago,br BRA,DF,Augsburg,24-362,1997,17.9,40,26,22,12,6,10,25,40.0,15,283,95,33.6,127,115,41,44,6,0,38,31,71,48,0,Matches
199,Stefan Ilsanker,at AUT,DFMF,Eint Frankfurt,32-306,1989,1.9,8,3,6,1,1,1,6,16.7,5,38,9,23.7,25,12,1,4,1,0,3,7,15,11,1,Matches
200,Burak İnce,tr TUR,FW,Arminia,18-059,2004,0.0,0,0,0,0,0,0,0,,0,0,0,,0,0,0,0,0,0,0,0,0,0,0,Matches
201,Marcus Ingvartsen,dk DEN,MF,Union Berlin,26-075,1996,1.4,1,0,1,0,0,0,0,,0,24,5,20.8,9,9,6,1,0,0,1,2,3,0,0,Matches
202,Marcus Ingvartsen,dk DEN,FWMF,Mainz 05,26-075,1996,5.1,4,3,0,2,2,1,6,16.7,5,110,37,33.6,13,57,40,8,0,0,8,3,7,4,0,Matches
203,Hiroki Ito,jp JPN,DF,Stuttgart,22-312,1999,19.1,35,17,20,14,1,18,27,66.7,9,189,70,37.0,95,78,16,42,17,0,25,60,95,81,0,Matches
204,Cedric Itten,ch SUI,FW,Greuther Fürth,25-083,1996,7.1,12,6,2,5,5,2,5,40.0,3,149,39,26.2,12,61,76,2,0,0,2,2,14,5,0,Matches
205,Gian-Luca Itter,de GER,DF,Greuther Fürth,23-074,1999,9.2,28,11,18,7,3,10,19,52.6,9,159,44,27.7,86,54,19,26,8,0,18,22,50,27,1,Matches
206,Lee Jae-sung,kr KOR,MFFW,Mainz 05,29-222,1992,15.0,35,19,8,18,9,12,30,40.0,18,315,89,28.3,69,137,109,27,2,0,25,24,59,12,0,Matches
207,Paul Jaeckel,de GER,DF,Union Berlin,23-241,1998,16.7,40,24,24,15,1,17,42,40.5,25,221,75,33.9,113,95,13,25,9,0,16,50,90,79,1,Matches
208,Kristijan Jakić,hr CRO,MF,Eint Frankfurt,24-310,1997,15.0,35,22,11,16,8,16,47,34.0,31,312,119,38.1,79,180,53,33,6,0,27,20,55,20,1,Matches
209,Tony Jantschke,de GER,DF,M'Gladbach,31-347,1990,2.5,8,3,5,3,0,2,5,40.0,3,22,8,36.4,9,10,3,5,2,0,3,2,10,10,0,Matches
210,Dennis Jastrzembski,pl POL,DFFW,Hertha BSC,22-028,2000,2.5,2,2,1,1,0,2,6,33.3,4,46,13,28.3,18,18,10,3,0,0,3,2,4,4,0,Matches
211,Fredrik Jensen,fi FIN,MFFW,Augsburg,24-192,1997,4.6,6,1,2,3,1,5,9,55.6,4,71,15,21.1,12,33,26,9,1,0,8,4,10,7,0,Matches
212,Marco John,de GER,DF,Hoffenheim,19-352,2002,0.5,0,0,0,0,0,0,1,0.0,1,4,1,25.0,1,3,0,2,0,0,2,2,2,0,0,Matches
213,Stevan Jovetić,me MNE,FW,Hertha BSC,32-138,1989,11.0,5,3,1,2,2,3,8,37.5,5,126,26,20.6,24,46,56,5,0,0,5,4,9,8,0,Matches
214,Gideon Jung,de GER,DF,Greuther Fürth,27-189,1994,1.0,0,0,0,0,0,0,3,0.0,3,11,5,45.5,8,3,0,4,1,0,3,1,1,4,0,Matches
215,Anton Kade,de GER,DFMF,Hertha BSC,18-062,2004,0.6,4,2,3,1,0,1,4,25.0,3,34,8,23.5,11,19,4,0,0,0,0,2,6,1,0,Matches
216,Pavel Kadeřábek,cz CZE,DF,Hoffenheim,29-329,1992,9.0,12,8,6,4,2,6,12,50.0,6,89,25,28.1,29,38,22,15,3,0,12,9,21,26,0,Matches
217,Florian Kainz,at AUT,MFFW,Köln,29-147,1992,20.6,29,14,5,20,4,17,39,43.6,22,240,69,28.8,58,117,65,35,2,0,33,37,66,19,0,Matches
218,Sasa Kalajdzic,at AUT,FW,Stuttgart,24-256,1997,7.7,2,1,0,0,2,1,2,50.0,1,118,42,35.6,7,41,70,5,0,0,5,4,6,3,0,Matches
219,Felix Kalu Nmecha,eng ENG,MFFW,Wolfsburg,21-161,2000,2.4,1,1,1,0,0,1,3,33.3,2,48,11,22.9,11,26,11,1,0,0,1,5,6,2,0,Matches
220,Daichi Kamada,jp JPN,MFFW,Eint Frankfurt,25-227,1996,19.2,28,19,9,12,7,5,26,19.2,21,313,85,27.2,62,150,101,22,1,0,21,15,43,7,0,Matches
221,Kevin Kampl,si SVN,MF,RB Leipzig,31-162,1990,15.2,34,22,12,18,4,5,27,18.5,22,267,95,35.6,72,155,40,13,3,0,10,28,62,14,0,Matches
222,Stefanos Kapino,gr GRE,GK,Arminia,28-002,1994,1.0,0,0,0,0,0,0,0,,0,0,0,,0,0,0,0,0,0,0,0,0,0,0,Matches
223,Atakan Karazor,de GER,MF,Stuttgart,25-158,1996,16.2,42,23,14,25,3,14,29,48.3,15,324,98,30.2,108,191,25,39,12,0,27,28,70,42,1,Matches
224,Silas Katompa,cd COD,MFFW,Stuttgart,23-165,1998,3.1,4,2,4,0,0,2,6,33.3,4,63,16,25.4,18,26,19,5,0,0,5,3,7,0,1,Matches
225,Noah Katterbach,de GER,DF,Köln,20-341,2001,0.2,1,0,1,0,0,0,0,,0,2,1,50.0,1,1,0,0,0,0,0,0,1,1,0,Matches
226,Yannik Keitel,de GER,MF,Freiburg,22-033,2000,5.6,15,9,7,6,2,6,14,42.9,8,102,31,30.4,35,49,18,9,1,0,8,8,23,9,1,Matches
227,Marc-Oliver Kempf,de GER,DF,Hertha BSC,27-051,1995,4.7,10,9,10,0,0,4,6,66.7,2,43,15,34.9,26,16,1,6,2,0,4,18,28,14,1,Matches
228,Marc-Oliver Kempf,de GER,DF,Stuttgart,27-051,1995,9.3,23,14,13,8,2,10,20,50.0,10,137,52,38.0,71,59,7,22,15,0,7,18,41,41,1,Matches
229,Rani Khedira,de GER,MF,Union Berlin,28-052,1994,23.7,53,32,28,19,6,13,38,34.2,25,528,157,29.7,154,304,70,42,6,0,36,35,88,35,0,Matches
230,Luca Kilian,de GER,FW,Mainz 05,22-200,1999,0.0,0,0,0,0,0,0,1,0.0,1,4,0,0.0,2,2,0,0,0,0,0,0,0,0,0,Matches
231,Luca Kilian,de GER,DF,Köln,22-200,1999,17.6,31,17,20,10,1,12,29,41.4,17,218,88,40.4,133,76,9,36,14,0,22,43,74,88,0,Matches
232,Joshua Kimmich,de GER,MF,Bayern Munich,27-040,1995,20.6,30,23,12,13,5,13,46,28.3,33,338,118,34.9,100,190,48,37,4,0,33,56,86,25,2,Matches
233,Philipp Klement,de GER,MFFW,Stuttgart,29-192,1992,3.8,7,7,2,4,1,1,2,50.0,1,53,22,41.5,8,33,12,6,1,0,5,1,8,1,0,Matches
234,Mateo Klimowicz,de GER,FWMF,Stuttgart,21-257,2000,6.7,12,6,9,3,0,6,14,42.9,8,123,40,32.5,31,54,38,3,0,0,3,3,15,2,0,Matches
235,Fabian Klos,de GER,FW,Arminia,34-108,1987,15.5,6,1,1,5,0,0,9,0.0,9,244,63,25.8,14,97,133,12,2,0,10,6,12,27,1,Matches
236,Lukas Klostermann,de GER,DF,RB Leipzig,25-291,1996,15.2,29,11,8,20,1,8,14,57.1,6,155,52,33.5,64,68,23,23,3,0,20,34,63,63,0,Matches
237,Lukas Klünter,de GER,DF,Hertha BSC,25-298,1996,2.2,2,2,1,1,0,2,5,40.0,3,22,8,36.4,9,11,2,2,0,0,2,2,4,1,0,Matches
238,Ansgar Knauff,de GER,FWMF,Dortmund,20-069,2002,1.3,5,2,1,3,1,0,2,0.0,2,32,10,31.3,13,9,10,3,0,0,3,0,5,2,0,Matches
239,Ansgar Knauff,de GER,DFFW,Eint Frankfurt,20-069,2002,2.9,12,7,5,3,4,6,9,66.7,3,77,23,29.9,19,36,22,5,0,0,5,1,13,2,0,Matches
240,Robin Knoche,de GER,DF,Union Berlin,29-302,1992,26.0,37,22,27,10,0,14,31,45.2,17,270,101,37.4,161,99,10,53,25,0,28,59,96,141,4,Matches
241,Gregor Kobel,ch SUI,GK,Dortmund,24-104,1997,24.5,0,0,0,0,0,0,2,0.0,2,1,0,0.0,1,0,0,0,0,0,0,0,0,2,1,Matches
242,Dominik Kohr,de GER,MF,Mainz 05,28-048,1994,12.1,26,17,10,15,1,10,31,32.3,21,224,81,36.2,57,128,39,25,4,0,21,25,51,19,0,Matches
243,Kouadio Koné,fr FRA,MF,M'Gladbach,20-307,2001,17.6,49,31,19,26,4,19,37,51.4,18,382,142,37.2,117,221,44,29,4,0,25,52,101,19,0,Matches
244,Odilon Kossonou,ci CIV,DF,Leverkusen,21-075,2001,12.0,19,11,14,5,0,10,18,55.6,8,118,40,33.9,78,39,1,33,14,0,19,22,41,40,0,Matches
245,Filip Kostić,rs SRB,DFFW,Eint Frankfurt,29-139,1992,21.3,30,22,18,5,7,11,39,28.2,28,313,94,30.0,102,118,93,22,0,0,22,19,49,12,0,Matches
246,Nianzou Kouassi,fr FRA,DFMF,Bayern Munich,19-286,2002,3.0,8,4,4,3,1,6,10,60.0,4,49,16,32.7,17,28,4,7,1,0,6,6,14,10,0,Matches
247,Andrej Kramarić,hr CRO,FWMF,Hoffenheim,30-274,1991,23.1,9,7,1,4,4,3,8,37.5,5,197,47,23.9,18,79,100,10,1,0,9,12,21,4,0,Matches
248,Christoph Kramer,de GER,MF,M'Gladbach,31-029,1991,7.4,31,18,16,11,4,13,31,41.9,18,199,69,34.7,70,97,32,14,4,0,10,13,44,17,1,Matches
249,Florian Krüger,de GER,FWMF,Arminia,23-035,1999,9.8,3,2,0,2,1,1,6,16.7,5,137,39,28.5,22,59,56,15,1,0,14,3,6,12,0,Matches
250,Max Kruse,de GER,MFFW,Wolfsburg,34-001,1988,5.7,4,3,2,2,0,2,7,28.6,5,82,22,26.8,13,40,29,3,0,0,3,3,7,3,0,Matches
251,Max Kruse,de GER,FWMF,Union Berlin,34-001,1988,14.1,6,3,1,1,4,2,12,16.7,10,177,47,26.6,26,71,80,9,0,0,9,9,15,5,0,Matches
252,Lukas Kübler,de GER,DF,Freiburg,29-202,1992,20.7,52,25,35,11,6,20,36,55.6,16,250,83,33.2,121,95,34,33,8,1,25,51,103,60,0,Matches
253,Fabian Kunze,de GER,MF,Arminia,23-279,1998,11.8,32,20,13,19,0,14,27,51.9,13,240,63,26.3,77,143,20,18,0,0,18,22,54,32,0,Matches
254,Maxence Lacroix,fr FRA,DF,Wolfsburg,21-348,2000,21.4,51,24,33,15,3,22,33,66.7,11,268,90,33.6,162,93,13,39,10,0,29,85,136,98,2,Matches
255,Konrad Laimer,at AUT,MF,RB Leipzig,24-297,1997,8.2,27,16,8,16,3,11,34,32.4,23,265,78,29.4,65,158,42,18,3,0,15,13,40,10,0,Matches
256,Stefan Lainer,at AUT,DF,M'Gladbach,29-205,1992,9.4,17,8,4,7,6,10,26,38.5,16,166,48,28.9,58,69,39,23,2,0,21,15,32,20,0,Matches
257,Vassilis Lambropoulos,gr GRE,DF,Bochum,31-354,1990,13.0,25,18,20,4,1,10,21,47.6,11,149,56,37.6,94,49,6,29,10,1,19,33,58,77,1,Matches
258,Sam Lammers,nl NED,FW,Eint Frankfurt,24-324,1997,4.6,4,2,1,2,1,1,2,50.0,1,92,20,21.7,7,37,48,4,1,0,3,4,8,4,0,Matches
259,Bryan Lasme,fr FRA,FWMF,Arminia,23-126,1998,9.3,6,4,0,3,3,1,3,33.3,2,189,46,24.3,10,72,107,10,0,0,10,1,7,11,0,Matches
260,Maxim Leitsch,de GER,DF,Bochum,23-306,1998,11.1,17,12,9,7,1,7,13,53.8,6,140,53,37.9,66,68,6,25,14,0,11,34,51,61,0,Matches
261,Tim Lemperle,de GER,FWMF,Köln,20-043,2002,0.9,1,1,0,1,0,0,0,,0,27,8,29.6,4,15,8,0,0,0,0,0,1,0,0,Matches
262,Christopher Lenz,de GER,DF,Eint Frankfurt,27-179,1994,6.6,25,11,17,6,2,7,16,43.8,9,97,33,34.0,46,28,23,12,4,0,8,14,39,30,0,Matches
263,Robert Lewandowski,pl POL,FW,Bayern Munich,33-211,1988,26.1,9,7,1,4,4,3,9,33.3,6,251,84,33.5,9,74,168,19,3,0,16,8,17,7,0,Matches
264,Jamie Leweling,de GER,FW,Greuther Fürth,21-022,2001,17.1,13,7,0,11,2,4,14,28.6,10,324,86,26.5,37,141,146,18,1,0,17,14,27,7,0,Matches
265,Philipp Lienhart,at AUT,DF,Freiburg,25-252,1996,24.9,19,10,13,5,1,9,17,52.9,8,139,44,31.7,86,43,10,34,20,0,14,64,83,147,1,Matches
266,Andreas Linde,se SWE,GK,Greuther Fürth,28-239,1993,6.0,0,0,0,0,0,0,1,0.0,1,0,0,,0,0,0,0,0,0,0,0,0,0,0,Matches
267,Jesper Lindstrøm,dk DEN,MFFW,Eint Frankfurt,22-019,2000,17.9,21,15,7,10,4,7,28,25.0,21,419,112,26.7,61,183,175,35,0,0,35,32,53,7,0,Matches
268,Dejan Ljubicic,at AUT,MFFW,Köln,24-163,1997,16.8,18,14,6,6,6,11,26,42.3,15,365,117,32.1,65,184,116,17,1,0,16,19,37,14,0,Matches
269,Jürgen Locadia,nl NED,FWMF,Bochum,28-133,1993,3.8,4,4,0,1,3,0,0,,0,86,31,36.0,2,32,52,0,0,0,0,3,7,2,0,Matches
270,Anthony Losilla,fr FRA,MF,Bochum,36-010,1986,24.6,64,46,26,33,5,23,54,42.6,31,475,149,31.4,167,254,54,36,9,0,27,58,122,88,0,Matches
271,Marcel Lotka,pl POL,GK,Hertha BSC,20-299,2001,3.0,0,0,0,0,0,0,0,,0,0,0,,0,0,0,0,0,0,0,0,0,0,1,Matches
272,Eduard Löwen,de GER,MF,Bochum,25-051,1997,13.1,29,23,10,13,6,11,37,29.7,26,327,105,32.1,79,168,80,17,2,0,15,17,46,22,0,Matches
273,Anderson Lucoqui,ao ANG,DF,Mainz 05,24-257,1997,6.8,19,13,8,9,2,6,13,46.2,7,106,29,27.4,42,40,24,16,2,0,14,7,26,17,0,Matches
274,Dodi Lukebakio,be BEL,FW,Hertha BSC,24-177,1997,2.0,4,4,2,2,0,0,0,,0,33,7,21.2,12,9,12,3,0,0,3,1,5,1,0,Matches
275,Dodi Lukebakio,be BEL,FWMF,Wolfsburg,24-177,1997,9.5,10,3,6,2,2,4,14,28.6,10,116,33,28.4,27,44,45,8,0,0,8,10,20,11,0,Matches
276,Andreas Luthe,de GER,GK,Union Berlin,35-010,1987,25.0,0,0,0,0,0,0,1,0.0,1,1,0,0.0,1,0,0,0,0,0,0,0,0,0,0,Matches
277,Matej Maglica,hr CRO,DF,Stuttgart,23-176,1998,0.1,0,0,0,0,0,0,0,,0,0,0,,0,0,0,0,0,0,0,0,0,0,0,Matches
278,Arne Maier,de GER,MF,Augsburg,23-071,1999,15.6,19,11,8,6,5,5,21,23.8,16,261,74,28.4,93,121,47,20,1,0,19,13,32,13,0,Matches
279,Donyell Malen,nl NED,FW,Dortmund,23-060,1999,18.3,16,12,7,4,5,3,6,50.0,3,227,80,35.2,24,93,110,16,2,0,14,8,24,11,0,Matches
280,Lennard Maloney,us USA,DF,Dortmund,22-163,1999,0.1,1,1,1,0,0,0,0,,0,2,0,0.0,2,0,0,1,0,0,1,0,1,1,0,Matches
281,Orel Mangala,be BEL,MF,Stuttgart,24-002,1998,16.5,17,12,6,8,3,6,19,31.6,13,184,67,36.4,59,85,40,16,4,0,12,23,40,15,0,Matches
282,Myziane Maolida,fr FRA,FWMF,Hertha BSC,23-034,1999,7.8,4,4,3,0,1,2,8,25.0,6,135,32,23.7,35,60,40,6,0,0,6,1,5,6,0,Matches
283,Omar Marmoush,eg EGY,FW,Wolfsburg,23-041,1999,0.3,2,1,0,2,0,0,0,,0,7,2,28.6,0,5,2,0,0,0,0,0,2,0,0,Matches
284,Omar Marmoush,eg EGY,FWMF,Stuttgart,23-041,1999,13.6,20,13,6,8,6,5,14,35.7,9,268,62,23.1,35,125,108,13,0,0,13,10,30,4,0,Matches
285,Aarón Martín,es ESP,DF,Mainz 05,24-332,1997,19.0,42,23,24,13,5,16,34,47.1,18,283,97,34.3,104,127,52,25,4,0,21,24,66,36,0,Matches
286,Josep Martinez,es ESP,GK,RB Leipzig,23-297,1998,1.0,0,0,0,0,0,0,0,,0,0,0,,0,0,0,0,0,0,0,0,0,0,0,Matches
287,Erhan Mašović,rs SRB,DF,Bochum,23-118,1998,13.2,33,19,22,10,1,17,31,54.8,14,182,54,29.7,104,71,7,38,21,1,17,38,71,70,0,Matches
288,Roberto Massimo,de GER,DFFW,Stuttgart,21-159,2000,9.4,11,10,6,4,1,5,15,33.3,10,172,45,26.2,53,69,50,11,0,0,11,12,23,6,0,Matches
289,Konstantinos Mavropanos,gr GRE,DF,Stuttgart,24-099,1997,23.1,56,31,32,21,3,24,43,55.8,19,196,89,45.4,114,69,13,59,21,1,38,72,128,126,1,Matches
290,Eric Maxim Choupo-Moting,cm CMR,FWMF,Bayern Munich,32-362,1989,3.0,10,7,3,4,3,2,6,33.3,4,54,18,33.3,9,25,20,2,0,0,2,2,12,1,0,Matches
291,Kevin Mbabu,ch SUI,DF,Wolfsburg,26-335,1995,12.9,32,14,22,5,5,10,24,41.7,14,210,65,31.0,90,67,53,36,7,0,29,29,61,35,0,Matches
292,Nathan de Medina,be BEL,DF,Arminia,24-163,1997,5.9,13,8,8,5,0,3,7,42.9,4,105,35,33.3,67,35,3,13,3,0,10,12,25,16,0,Matches
293,Admir Mehmedi,ch SUI,MF,Wolfsburg,31-004,1991,0.0,0,0,0,0,0,0,0,,0,1,0,0.0,0,1,0,0,0,0,0,1,1,0,0,Matches
294,Jorge Meré,es ESP,DF,Köln,24-337,1997,5.4,7,3,3,3,1,3,9,33.3,6,47,15,31.9,27,18,2,9,4,0,5,13,20,34,1,Matches
295,Thomas Meunier,be BEL,DF,Dortmund,30-189,1991,15.6,34,23,11,14,9,16,30,53.3,14,151,58,38.4,66,61,24,16,2,0,14,20,54,26,1,Matches
296,Marco Meyerhöfer,de GER,DF,Greuther Fürth,26-122,1995,24.3,49,22,24,18,7,21,42,50.0,21,270,89,33.0,115,106,49,60,22,0,38,66,115,76,1,Matches
297,Sven Michel,de GER,FW,Union Berlin,31-248,1990,2.8,6,4,1,5,0,2,6,33.3,4,60,17,28.3,9,29,22,5,0,0,5,0,6,0,0,Matches
298,Enzo Millot,fr FRA,MF,Stuttgart,19-246,2002,0.4,1,0,0,0,1,0,0,,0,17,4,23.5,3,9,5,0,0,0,0,1,2,0,0,Matches
299,Maximilian Mittelstädt,de GER,DFFW,Hertha BSC,25-002,1997,13.9,46,24,23,15,8,16,37,43.2,21,257,80,31.1,121,93,43,35,5,0,30,47,93,24,0,Matches
300,Anthony Modeste,fr FRA,FW,Köln,33-340,1988,22.0,9,4,2,4,3,4,19,21.1,15,271,75,27.7,21,107,143,11,2,0,9,5,14,29,0,Matches
301,Kevin Möhwald,de GER,MF,Union Berlin,28-260,1993,3.9,6,3,3,2,1,3,8,37.5,5,79,24,30.4,18,42,19,3,0,0,3,5,11,3,0,Matches
302,Clinton Mola,eng ENG,DF,Stuttgart,21-005,2001,1.3,3,0,2,1,0,1,4,25.0,3,13,2,15.4,7,6,0,7,5,0,2,2,5,7,0,Matches
303,Jan Morávek,cz CZE,MF,Augsburg,32-139,1989,4.6,10,4,2,5,3,3,19,15.8,16,136,40,29.4,45,64,27,14,2,0,12,9,19,10,0,Matches
304,Ilaix Moriba,gn GUI,MF,RB Leipzig,19-060,2003,0.4,1,0,0,0,1,0,3,0.0,3,6,1,16.7,1,2,3,1,0,0,1,2,3,0,0,Matches
305,Youssoufa Moukoko,de GER,FW,Dortmund,17-120,2004,2.0,1,1,0,1,0,0,0,,0,31,10,32.3,6,13,12,5,0,0,5,0,1,1,0,Matches
306,Nordi Mukiele,fr FRA,DF,RB Leipzig,24-139,1997,14.9,38,27,25,12,1,16,28,57.1,12,233,90,38.6,87,97,49,28,4,0,24,39,77,41,2,Matches
307,Florian Müller,de GER,GK,Stuttgart,24-127,1997,23.0,0,0,0,0,0,0,0,,0,2,1,50.0,2,0,0,0,0,0,0,0,0,0,1,Matches
308,Thomas Müller,de GER,MF,Bayern Munich,32-188,1989,23.3,36,22,9,15,12,12,41,29.3,29,403,130,32.3,55,185,163,35,4,0,31,16,52,16,0,Matches
309,Torben Müsel,de GER,MF,M'Gladbach,22-238,1999,0.1,0,0,0,0,0,0,0,,0,0,0,,0,0,0,0,0,0,0,0,0,0,0,Matches
310,Jamal Musiala,de GER,MFFW,Bayern Munich,19-022,2003,13.3,31,19,11,11,9,12,33,36.4,21,293,92,31.4,57,110,126,23,0,0,23,31,62,3,0,Matches
311,Obite N'Dicka,fr FRA,DF,Eint Frankfurt,22-212,1999,24.0,48,29,23,23,2,26,45,57.8,19,303,112,37.0,143,136,24,55,20,2,35,43,91,123,0,Matches
312,Nikolas Nartey,dk DEN,MFDF,Stuttgart,22-026,2000,4.5,9,4,1,7,1,2,6,33.3,4,75,19,25.3,22,39,14,8,2,0,6,7,16,6,0,Matches
313,Paul Nebel,de GER,MFFW,Mainz 05,19-161,2002,2.4,3,3,1,1,1,1,2,50.0,1,48,14,29.2,10,19,19,2,0,0,2,2,5,1,0,Matches
314,David Nemeth,at AUT,DF,Mainz 05,21-002,2001,3.0,4,2,4,0,0,1,3,33.3,2,24,10,41.7,14,9,1,3,0,0,3,5,9,9,0,Matches
315,Luca Netz,de GER,DF,M'Gladbach,18-309,2003,10.0,19,14,9,8,2,7,31,22.6,24,202,66,32.7,69,84,49,32,2,0,30,15,34,21,0,Matches
316,Manuel Neuer,de GER,GK,Bayern Munich,35-358,1986,22.0,1,0,1,0,0,0,1,0.0,1,3,1,33.3,2,0,1,1,0,0,1,0,1,0,1,Matches
317,Florian Neuhaus,de GER,MF,M'Gladbach,25-004,1997,16.6,43,28,22,16,5,16,44,36.4,28,278,95,34.2,70,145,63,40,4,0,36,29,72,14,2,Matches
318,Moussa Niakhate,fr FRA,DF,Mainz 05,26-012,1996,20.5,42,27,26,15,1,16,28,57.1,12,245,104,42.4,132,96,17,32,8,1,24,55,97,83,0,Matches
319,Florian Niederlechner,de GER,FW,Augsburg,31-147,1990,8.6,7,5,0,5,2,4,9,44.4,5,117,35,29.9,2,47,68,10,1,0,9,1,8,4,0,Matches
320,Håvard Nielsen,no NOR,MFFW,Greuther Fürth,28-248,1993,14.3,27,18,8,15,4,8,21,38.1,13,253,81,32.0,47,135,71,19,1,0,18,8,35,16,0,Matches
321,Joakim Nilsson,se SWE,DF,Arminia,28-042,1994,23.4,34,16,22,12,0,16,23,69.6,7,261,80,30.7,156,99,6,49,19,1,30,47,81,145,1,Matches
322,Christopher Nkunku,fr FRA,FWMF,RB Leipzig,24-126,1997,23.4,20,10,7,10,3,6,21,28.6,15,398,122,30.7,50,168,180,26,5,0,21,18,38,13,0,Matches
323,Lukas Nmecha,de GER,FWMF,Wolfsburg,23-096,1998,11.2,12,7,6,4,2,1,8,12.5,7,210,54,25.7,22,104,84,10,0,0,10,5,17,10,0,Matches
324,Håvard Nordtveit,no NOR,DFMF,Hoffenheim,31-272,1990,1.4,2,2,1,1,0,2,2,100.0,0,12,4,33.3,5,5,2,1,0,0,1,3,5,8,0,Matches
325,Connor Noß,ie IRL,MF,M'Gladbach,21-078,2001,0.0,0,0,0,0,0,0,0,,0,0,0,,0,0,0,0,0,0,0,0,0,0,0,Matches
326,Hugo Novoa,es ESP,MFFW,RB Leipzig,19-078,2003,1.4,5,2,2,0,3,2,5,40.0,3,43,10,23.3,8,16,19,1,0,0,1,2,7,0,0,Matches
327,Soma Novothny,hu HUN,FWMF,Bochum,27-277,1994,0.9,1,0,1,0,0,0,0,,0,23,7,30.4,5,8,10,0,0,0,0,2,3,1,0,Matches
328,Kasim Nuhu,gh GHA,DF,Hoffenheim,26-271,1995,0.0,0,0,0,0,0,0,1,0.0,1,0,0,,0,0,0,0,0,0,0,0,0,0,0,Matches
329,Hans Nunoo Sarpei,gh GHA,DFMF,Greuther Fürth,23-210,1998,7.1,18,11,10,8,0,11,15,73.3,4,78,33,42.3,35,41,2,11,5,0,6,15,33,32,0,Matches
330,Bastian Oczipka,de GER,DF,Union Berlin,33-067,1989,7.9,17,12,13,2,2,8,12,66.7,4,101,33,32.7,53,32,16,15,1,0,14,16,33,14,1,Matches
331,Masaya Okugawa,jp JPN,MFFW,Arminia,25-340,1996,22.7,42,26,24,14,4,12,31,38.7,19,435,127,29.2,111,194,130,23,3,0,20,35,77,13,0,Matches
332,Dani Olmo,es ESP,MF,RB Leipzig,23-317,1998,4.2,5,3,0,3,2,1,6,16.7,5,89,25,28.1,17,36,36,5,1,0,4,6,11,1,0,Matches
333,Karim Onisiwo,at AUT,FW,Mainz 05,30-003,1992,20.4,20,10,2,9,9,3,13,23.1,10,423,112,26.5,27,147,249,27,1,0,26,8,28,4,0,Matches
334,Willi Orban,hu HUN,DF,RB Leipzig,29-137,1992,21.4,25,12,10,14,1,7,20,35.0,13,180,72,40.0,89,81,10,40,16,0,24,45,70,117,2,Matches
335,Stefan Ortega,de GER,GK,Arminia,29-134,1992,26.0,0,0,0,0,0,0,0,,0,3,1,33.3,3,0,0,1,0,0,1,0,0,2,1,Matches
336,Patrick Osterhage,de GER,MF,Bochum,22-047,2000,4.3,9,9,5,4,0,2,4,50.0,2,112,40,35.7,26,61,25,8,1,0,7,9,18,3,0,Matches
337,Tomáš Ostrák,cz CZE,MFFW,Köln,22-043,2000,0.3,1,1,0,0,1,0,2,0.0,2,11,5,45.5,2,3,6,0,0,0,0,0,1,0,0,Matches
338,Paulo Otávio,br BRA,DF,Wolfsburg,27-117,1994,4.0,9,4,5,4,0,6,14,42.9,8,101,27,26.7,48,37,16,18,7,0,11,4,13,3,0,Matches
339,Reece Oxford,eng ENG,DF,Augsburg,23-094,1998,22.0,27,17,17,7,3,6,19,31.6,13,197,69,35.0,106,84,7,47,25,0,22,84,111,126,0,Matches
340,Salih Özcan,de GER,MF,Köln,24-068,1998,19.3,48,37,18,24,6,23,45,51.1,22,379,152,40.1,117,204,58,33,4,0,29,58,106,31,0,Matches
341,Levin Öztunalı,de GER,MF,Union Berlin,26-005,1996,6.2,14,9,6,5,3,5,13,38.5,8,173,43,24.9,46,87,40,8,0,0,8,6,20,15,0,Matches
342,Gonçalo Paciência,pt POR,FW,Eint Frankfurt,27-231,1994,2.1,1,1,1,0,0,0,0,,0,32,10,31.3,5,12,15,1,0,0,1,2,3,5,0,Matches
343,Exequiel Palacios,ar ARG,MF,Leverkusen,23-166,1998,9.4,29,21,15,11,3,12,25,48.0,13,197,67,34.0,81,92,24,12,1,0,11,41,70,6,1,Matches
344,Miloš Pantović,rs SRB,MFFW,Bochum,25-256,1996,13.3,19,13,10,6,3,6,19,31.6,13,252,75,29.8,82,121,49,25,4,0,21,20,39,13,0,Matches
345,Antonios Papadopoulos,de GER,DF,Dortmund,22-191,1999,0.1,0,0,0,0,0,0,0,,0,1,0,0.0,0,1,0,0,0,0,0,0,0,0,0,Matches
346,Matondo-Merveille Papela,de GER,MF,Mainz 05,21-061,2001,0.4,3,0,0,3,0,0,0,,0,21,8,38.1,5,15,1,1,0,0,1,2,5,0,0,Matches
347,Felix Passlack,de GER,DF,Dortmund,23-295,1998,4.1,11,7,9,2,0,7,9,77.8,2,59,20,33.9,32,19,8,14,1,0,13,1,12,8,0,Matches
348,Paulinho,br BRA,FW,Leverkusen,21-248,2000,7.8,18,13,6,10,2,4,17,23.5,13,116,40,34.5,31,57,28,12,1,0,11,10,28,3,0,Matches
349,Benjamin Pavard,fr FRA,DF,Bayern Munich,25-357,1996,17.5,33,22,17,12,4,11,22,50.0,11,191,62,32.5,75,81,35,29,11,0,18,38,71,42,0,Matches
350,Mads Pedersen,dk DEN,DFMF,Augsburg,25-200,1996,11.7,25,14,10,12,3,12,31,38.7,19,225,49,21.8,99,88,38,22,4,1,18,27,52,18,0,Matches
351,Peter Pekarík,sk SVK,DF,Hertha BSC,35-141,1986,17.8,38,16,26,10,2,21,32,65.6,11,172,46,26.7,101,56,15,38,8,0,30,26,64,40,0,Matches
352,Philipp Pentke,de GER,GK,Hoffenheim,36-323,1985,1.0,0,0,0,0,0,0,0,,0,0,0,,0,0,0,0,0,0,0,0,0,0,0,Matches
353,Ricardo Pepi,us USA,FW,Augsburg,19-070,2003,3.0,4,3,2,1,1,0,2,0.0,2,86,20,23.3,10,34,42,7,1,0,6,4,8,3,0,Matches
354,Pavao Pervan,at AUT,GK,Wolfsburg,34-127,1987,3.0,0,0,0,0,0,0,1,0.0,1,1,0,0.0,1,0,0,0,0,0,0,0,0,0,0,Matches
355,Nils Petersen,de GER,FW,Freiburg,33-104,1988,3.8,7,3,2,3,2,2,10,20.0,8,91,27,29.7,15,40,36,8,0,0,8,3,10,11,0,Matches
356,Jens Petter Hauge,no NOR,FWMF,Eint Frankfurt,22-159,1999,7.3,8,4,1,6,1,3,13,23.1,10,143,49,34.3,27,73,43,9,1,0,8,1,9,1,0,Matches
357,Maximilian Philipp,de GER,MFFW,Wolfsburg,28-019,1994,10.4,15,11,6,5,4,6,18,33.3,12,188,47,25.0,29,107,52,16,2,0,14,10,25,6,0,Matches
358,Krzysztof Piątek,pl POL,FW,Hertha BSC,26-262,1995,3.9,2,1,0,0,2,0,1,0.0,1,85,23,27.1,5,42,38,2,0,0,2,0,2,6,0,Matches
359,Amos Pieper,de GER,DF,Arminia,24-062,1998,21.6,44,22,28,15,1,17,36,47.2,19,207,83,40.1,119,79,9,40,20,0,20,52,96,154,2,Matches
360,Marvin Plattenhardt,de GER,DF,Hertha BSC,30-053,1992,14.9,28,16,20,5,3,13,25,52.0,12,166,51,30.7,94,56,16,39,4,0,35,15,43,32,0,Matches
361,Alassane Pléa,fr FRA,FWMF,M'Gladbach,29-010,1993,16.4,16,12,4,9,3,5,16,31.3,11,267,82,30.7,25,128,114,10,2,0,8,9,25,7,0,Matches
362,Joel Pohjanpalo,fi FIN,FW,Leverkusen,27-188,1994,0.1,0,0,0,0,0,0,0,,0,1,0,0.0,0,0,1,0,0,0,0,0,0,0,0,Matches
363,Sebastian Polter,de GER,FW,Bochum,30-353,1991,19.5,7,6,0,5,2,3,10,30.0,7,324,94,29.0,6,131,187,13,4,0,9,6,13,15,0,Matches
364,Marin Pongračić,hr CRO,DF,Dortmund,24-190,1997,8.8,21,14,15,6,0,6,11,54.5,5,101,44,43.6,60,40,1,12,5,0,7,32,53,40,1,Matches
365,Stefan Posch,at AUT,DF,Hoffenheim,24-310,1997,19.9,57,34,26,25,6,28,46,60.9,18,249,99,39.8,112,118,19,50,18,1,32,38,95,71,0,Matches
366,Yussuf Poulsen,dk DEN,FWMF,RB Leipzig,27-278,1994,9.6,15,12,5,5,5,4,11,36.4,7,241,81,33.6,23,120,98,13,0,0,13,4,19,7,0,Matches
367,Manuel Prietl,at AUT,MF,Arminia,30-229,1991,16.9,42,25,15,23,4,11,40,27.5,29,337,109,32.3,93,205,39,21,4,0,17,41,83,33,0,Matches
368,Grischa Prömel,de GER,MF,Union Berlin,27-070,1995,19.9,29,20,13,14,2,17,44,38.6,27,330,101,30.6,88,172,70,28,3,0,25,33,62,17,0,Matches
369,Afimico Pululu,fr FRA,FW,Greuther Fürth,22-362,1999,0.6,2,2,1,0,1,0,0,,0,25,11,44.0,4,9,12,0,0,0,0,0,2,0,0,Matches
370,Sidney Raebiger,de GER,MF,RB Leipzig,16-337,2005,0.0,0,0,0,0,0,0,0,,0,1,0,0.0,0,1,0,0,0,0,0,0,0,0,0,Matches
371,Diant Ramaj,de GER,GK,Eint Frankfurt,20-182,2001,1.0,0,0,0,0,0,0,0,,0,0,0,,0,0,0,0,0,0,0,0,0,0,0,Matches
372,Guilherme Ramos,pt POR,DF,Arminia,24-221,1997,5.1,14,7,11,3,0,4,6,66.7,2,52,14,26.9,35,16,1,12,5,0,7,14,28,36,1,Matches
373,Tobias Raschl,de GER,MF,Greuther Fürth,22-027,2000,1.2,2,1,0,2,0,0,0,,0,20,6,30.0,6,11,3,4,0,0,4,2,4,0,0,Matches
374,David Raum,de GER,DF,Hoffenheim,23-332,1998,24.7,50,28,27,13,10,27,53,50.9,26,332,107,32.2,125,133,74,45,3,0,42,37,87,43,1,Matches
375,Reinier,br BRA,MFFW,Dortmund,20-060,2002,0.8,5,3,1,2,2,1,1,100.0,0,29,11,37.9,4,11,14,2,0,0,2,2,7,0,0,Matches
376,Panagiotis Retsos,gr GRE,DFFW,Leverkusen,23-223,1998,0.4,0,0,0,0,0,0,0,,0,6,3,50.0,4,2,0,0,0,0,0,1,1,1,0,Matches
377,Marco Reus,de GER,MFFW,Dortmund,32-293,1989,21.0,24,17,9,11,4,7,29,24.1,22,416,146,35.1,58,202,156,32,6,0,26,20,44,21,0,Matches
378,Elvis Rexhbeçaj,de GER,MF,Bochum,24-139,1997,22.5,40,17,14,21,5,12,37,32.4,25,367,100,27.2,85,200,82,46,8,0,38,29,69,15,0,Matches
379,Gio Reyna,us USA,MF,Dortmund,19-127,2002,3.6,5,1,1,4,0,2,6,33.3,4,66,20,30.3,13,30,23,5,0,0,5,2,7,2,0,Matches
380,Chris Richards,us USA,DF,Hoffenheim,21-357,2000,12.5,23,16,11,11,1,6,11,54.5,5,146,66,45.2,73,61,12,32,10,0,22,35,58,58,1,Matches
381,Chris Richards,us USA,DF,Bayern Munich,21-357,2000,0.0,0,0,0,0,0,0,0,,0,0,0,,0,0,0,1,0,0,1,0,0,0,0,Matches
382,Omar Richards,eng ENG,DF,Bayern Munich,24-033,1998,4.1,17,11,10,5,2,7,11,63.6,4,80,32,40.0,32,29,19,6,0,0,6,5,22,6,0,Matches
383,Marco Richter,de GER,FWMF,Hertha BSC,24-116,1997,16.5,27,13,10,10,7,11,28,39.3,17,268,68,25.4,74,118,76,31,4,0,27,28,55,14,0,Matches
384,Manuel Riemann,de GER,GK,Bochum,33-192,1988,24.0,0,0,0,0,0,0,3,0.0,3,7,1,14.3,7,0,0,0,0,0,0,1,1,0,1,Matches
385,Marc Roca,es ESP,MF,Bayern Munich,25-114,1996,4.0,9,7,2,4,3,2,6,33.3,4,99,34,34.3,22,55,22,6,0,0,6,8,17,2,0,Matches
386,Cimo Röcker,de GER,DF,Hertha BSC,28-058,1994,0.2,0,0,0,0,0,0,0,,0,2,1,50.0,0,2,0,0,0,0,0,1,1,0,0,Matches
387,Sebastian Rode,de GER,MF,Eint Frankfurt,31-160,1990,5.8,14,10,8,4,2,3,11,27.3,8,123,37,30.1,40,67,16,13,2,0,11,13,27,5,1,Matches
388,Romario Rösch,de GER,MF,Mainz 05,22-262,1999,0.0,0,0,0,0,0,0,0,,0,3,1,33.3,0,0,3,0,0,0,0,0,0,0,0,Matches
389,Jérôme Roussillon,fr FRA,DF,Wolfsburg,29-073,1993,16.2,23,13,13,9,1,7,15,46.7,8,202,65,32.2,91,81,30,36,3,0,33,19,42,27,1,Matches
390,Sebastian Rudy,de GER,MF,Hoffenheim,32-020,1990,7.4,23,12,5,17,1,6,17,35.3,11,141,56,39.7,39,79,23,7,3,0,4,11,34,17,0,Matches
391,Georginio Rutter,fr FRA,FWMF,Hoffenheim,19-334,2002,15.3,21,16,7,9,5,6,13,46.2,7,328,104,31.7,31,133,164,22,1,0,21,5,26,7,0,Matches
392,Julian Ryerson,no NOR,DF,Union Berlin,24-123,1997,11.8,20,8,5,13,2,11,18,61.1,7,180,49,27.2,70,78,32,18,4,0,14,16,36,21,0,Matches
393,Frederik Rønnow,dk DEN,GK,Union Berlin,29-228,1992,2.0,0,0,0,0,0,0,0,,0,0,0,,0,0,0,0,0,0,0,0,0,0,0,Matches
394,Marcel Sabitzer,at AUT,MFFW,RB Leipzig,28-003,1994,0.5,1,1,1,0,0,1,1,100.0,0,5,2,40.0,1,4,0,1,0,0,1,1,2,0,0,Matches
395,Marcel Sabitzer,at AUT,MFDF,Bayern Munich,28-003,1994,8.3,17,7,7,8,2,10,21,47.6,11,139,45,32.4,37,70,32,11,2,0,9,11,28,6,0,Matches
396,Roland Sallai,hu HUN,MFFW,Freiburg,24-302,1997,11.7,20,11,9,5,6,7,20,35.0,13,164,50,30.5,41,68,55,14,0,0,14,14,34,14,0,Matches
397,Diadie Samassékou,ml MLI,MF,Hoffenheim,26-068,1996,12.4,27,16,10,13,4,12,25,48.0,13,214,63,29.4,52,130,32,22,6,0,16,24,51,22,0,Matches
398,Leroy Sané,de GER,FWMF,Bayern Munich,26-068,1996,19.0,29,17,3,19,7,11,27,40.7,16,323,121,37.5,41,143,139,15,0,0,15,25,54,4,1,Matches
399,Mohamed Sankoh,nl NED,FW,Stuttgart,18-155,2003,0.0,0,0,0,0,0,0,0,,0,0,0,,0,0,0,0,0,0,0,0,0,0,0,Matches
400,Baptiste Santamaria,fr FRA,MF,Freiburg,27-011,1995,0.2,0,0,0,0,0,0,1,0.0,1,3,3,100.0,1,1,1,1,0,0,1,0,0,1,0,Matches
401,Bouna Sarr,sn SEN,DF,Bayern Munich,30-048,1992,0.7,4,2,2,1,1,3,4,75.0,1,11,6,54.5,5,5,1,4,1,0,3,3,7,0,0,Matches
402,Joseph Scally,us USA,DF,M'Gladbach,19-079,2002,19.1,38,18,18,15,5,14,34,41.2,20,337,94,27.9,136,138,63,38,4,0,34,36,74,30,0,Matches
403,Kevin Schade,de GER,FWMF,Freiburg,20-113,2001,9.2,16,11,9,7,0,5,17,29.4,12,180,55,30.6,47,64,69,15,2,0,13,9,25,12,0,Matches
404,András Schäfer,hu HUN,MF,Union Berlin,22-341,1999,0.7,2,2,0,1,1,0,4,0.0,4,24,8,33.3,5,14,5,1,0,0,1,3,5,1,0,Matches
405,Louis Schaub,at AUT,MF,Köln,27-081,1994,5.4,16,9,11,3,2,5,15,33.3,10,146,61,41.8,52,48,46,16,3,0,13,5,21,6,0,Matches
406,Patrik Schick,cz CZE,FW,Leverkusen,26-055,1996,17.2,3,1,0,2,1,0,5,0.0,5,172,44,25.6,9,74,89,9,2,0,7,5,8,21,0,Matches
407,Kingsley Schindler,de GER,DFMF,Köln,28-251,1993,3.5,2,1,0,1,1,1,10,10.0,9,58,16,27.6,20,23,15,3,1,0,2,7,9,8,0,Matches
408,Xaver Schlager,at AUT,MF,Wolfsburg,24-173,1997,4.5,14,11,5,7,2,7,19,36.8,12,110,39,35.5,38,60,12,7,0,0,7,5,19,5,0,Matches
409,Keven Schlotterbeck,de GER,DF,Freiburg,24-326,1997,3.1,12,3,7,5,0,4,5,80.0,1,41,15,36.6,22,17,2,6,4,0,2,12,24,23,1,Matches
410,Nico Schlotterbeck,de GER,DF,Freiburg,22-109,1999,23.9,62,42,32,24,6,23,38,60.5,15,236,92,39.0,125,95,16,52,29,1,23,63,125,134,1,Matches
411,Jonathan Schmid,fr FRA,DF,Freiburg,31-267,1990,4.6,7,5,2,2,3,4,7,57.1,3,41,20,48.8,12,18,11,7,1,0,6,7,14,6,0,Matches
412,Benno Schmitz,de GER,DF,Köln,27-123,1994,23.7,62,38,27,24,11,39,82,47.6,43,375,131,34.9,156,137,82,43,8,1,35,49,111,44,0,Matches
413,Alessandro Schöpf,at AUT,MF,Arminia,28-041,1994,22.3,34,19,13,17,4,15,26,57.7,11,438,128,29.2,109,227,102,32,5,0,27,40,74,19,0,Matches
414,Nico Schulz,de GER,DF,Dortmund,28-353,1993,9.0,24,18,8,10,6,7,15,46.7,8,107,45,42.1,32,41,34,13,1,0,12,19,43,9,0,Matches
415,Marvin Schwäbe,de GER,GK,Köln,26-329,1995,13.0,0,0,0,0,0,0,1,0.0,1,0,0,,0,0,0,1,0,0,1,0,0,0,1,Matches
416,Alexander Schwolow,de GER,GK,Hertha BSC,29-291,1992,24.0,0,0,0,0,0,0,0,,0,4,2,50.0,4,0,0,0,0,0,0,1,1,2,1,Matches
417,Paul Seguin,de GER,MF,Greuther Fürth,26-356,1995,22.8,51,32,14,28,9,25,53,47.2,28,391,129,33.0,119,201,71,38,4,0,34,38,89,27,0,Matches
418,Davie Selke,de GER,FW,Hertha BSC,27-059,1995,7.3,6,5,1,4,1,1,7,14.3,6,161,46,28.6,14,95,52,7,1,0,6,1,7,5,0,Matches
419,Suat Serdar,de GER,MFFW,Hertha BSC,24-343,1997,20.1,59,35,25,29,5,13,41,31.7,28,403,114,28.3,113,216,74,37,3,0,34,35,94,10,0,Matches
420,Janni Serra,de GER,FW,Arminia,24-007,1998,7.7,3,1,1,1,1,1,6,16.7,5,161,56,34.8,10,71,80,9,2,0,7,6,9,19,0,Matches
421,Zidan Sertdemir,dk DEN,MFFW,Leverkusen,17-044,2005,0.2,2,0,2,0,0,1,1,100.0,0,6,0,0.0,3,1,2,0,0,0,0,0,2,0,0,Matches
422,Nils Seufert,de GER,MF,Greuther Fürth,25-045,1997,1.1,2,2,1,1,0,1,1,100.0,0,21,4,19.0,9,9,3,3,1,0,2,1,3,2,0,Matches
423,Kiliann Sildillia,fr FRA,DF,Freiburg,19-308,2002,1.5,5,3,2,3,0,2,4,50.0,2,31,10,32.3,18,11,2,4,0,0,4,3,8,10,0,Matches
424,André Silva,pt POR,FW,RB Leipzig,26-134,1995,18.1,13,13,1,5,7,2,11,18.2,9,233,79,33.9,8,99,126,18,2,0,16,6,19,7,0,Matches
425,Mohamed Simakan,fr FRA,DF,RB Leipzig,21-321,2000,17.3,32,17,22,8,2,13,26,50.0,13,208,81,38.9,116,77,15,25,11,0,14,38,70,65,1,Matches
426,Daley Sinkgraven,nl NED,DF,Leverkusen,26-259,1995,2.6,5,2,3,2,0,2,5,40.0,3,25,10,40.0,15,7,3,5,1,0,4,2,7,3,0,Matches
427,Ellyes Skhiri,tn TUN,MF,Köln,26-314,1995,13.2,38,25,22,15,1,15,34,44.1,19,262,94,35.9,91,131,40,35,5,0,30,33,71,26,1,Matches
428,Robert Skov,dk DEN,DFFW,Hoffenheim,25-304,1996,2.7,2,2,1,1,0,1,4,25.0,3,32,9,28.1,7,15,10,3,0,0,3,4,6,2,0,Matches
429,Danilo Soares,br BRA,DF,Bochum,30-142,1991,23.2,102,60,56,34,12,45,72,62.5,27,381,130,34.1,171,145,65,60,7,2,53,90,192,72,0,Matches
430,Yann Sommer,ch SUI,GK,M'Gladbach,33-093,1988,26.0,0,0,0,0,0,0,2,0.0,2,3,0,0.0,3,0,0,0,0,0,0,0,0,0,2,Matches
431,Borna Sosa,hr CRO,DF,Stuttgart,24-058,1998,21.8,26,12,17,6,3,10,23,43.5,13,192,66,34.4,88,61,43,38,5,1,33,23,49,39,0,Matches
432,Djibril Sow,ch SUI,MF,Eint Frankfurt,25-042,1997,23.9,65,31,33,27,5,13,44,29.5,31,495,153,30.9,154,279,62,46,9,0,37,64,129,22,0,Matches
433,Jerry St. Juste,nl NED,DF,Mainz 05,25-152,1996,6.7,16,12,7,9,0,8,11,72.7,3,78,36,46.2,41,34,3,14,5,0,9,21,37,26,0,Matches
434,Anton Stach,de GER,MF,Mainz 05,23-125,1998,14.1,28,19,17,9,2,11,28,39.3,17,281,82,29.2,107,132,42,27,3,0,24,54,82,28,1,Matches
435,Kostas Stafylidis,gr GRE,DF,Bochum,28-108,1993,11.9,41,21,21,11,9,15,27,55.6,12,129,43,33.3,59,47,23,24,6,1,18,37,78,45,0,Matches
436,Josip Stanišić,hr CRO,DF,Bayern Munich,21-352,2000,5.5,16,10,6,8,2,7,16,43.8,9,90,27,30.0,30,38,22,11,0,0,11,15,31,9,0,Matches
437,Niklas Stark,de GER,DF,Hertha BSC,26-340,1995,21.2,39,24,26,11,2,11,21,52.4,10,205,83,40.5,132,64,9,40,15,0,25,41,80,127,1,Matches
438,Renato Steffen,ch SUI,FWMF,Wolfsburg,30-137,1991,9.7,19,5,11,7,1,7,18,38.9,11,175,50,28.6,53,76,46,14,0,0,14,15,34,10,0,Matches
439,Pascal Stenzel,de GER,DF,Stuttgart,26-000,1996,6.7,19,15,12,4,3,9,24,37.5,15,97,42,43.3,54,31,12,15,2,0,13,16,35,12,0,Matches
440,Angelo Stiller,de GER,MF,Hoffenheim,20-350,2001,13.1,20,13,9,5,6,4,10,40.0,6,223,74,33.2,61,112,50,17,3,0,14,17,37,11,0,Matches
441,Lars Stindl,de GER,MFFW,M'Gladbach,33-206,1988,14.3,18,11,5,11,2,5,21,23.8,16,308,80,26.0,41,144,123,24,3,0,21,11,29,9,0,Matches
442,Kevin Stöger,at AUT,MFFW,Mainz 05,28-205,1993,3.9,11,6,5,4,2,3,9,33.3,6,79,25,31.6,22,26,31,7,0,0,7,12,23,1,0,Matches
443,Tobias Strobl,de GER,MFDF,Augsburg,31-312,1990,3.6,5,2,2,3,0,1,8,12.5,7,75,28,37.3,25,45,5,11,2,0,9,8,13,5,0,Matches
444,Niklas Süle,de GER,DF,Bayern Munich,26-198,1995,19.2,35,22,22,13,0,17,22,77.3,5,142,56,39.4,74,60,8,20,11,0,9,32,67,60,1,Matches
445,Ádám Szalai,hu HUN,FW,Mainz 05,34-101,1987,2.9,4,3,0,3,1,1,2,50.0,1,58,20,34.5,2,25,31,4,0,0,4,0,4,0,0,Matches
446,Dominik Szoboszlai,hu HUN,MFFW,RB Leipzig,21-146,2000,14.3,21,14,7,10,4,10,24,41.7,14,310,104,33.5,46,159,105,34,3,0,31,16,37,15,0,Matches
447,Jonathan Tah,de GER,DF,Leverkusen,26-037,1996,24.8,26,13,20,6,0,13,20,65.0,7,185,72,38.9,119,59,7,36,19,0,17,54,80,136,2,Matches
448,Edmond Tapsoba,bf BFA,DF,Leverkusen,23-046,1999,12.2,20,12,15,4,1,10,19,52.6,9,121,46,38.0,80,37,4,23,10,0,13,35,55,39,1,Matches
449,Niklas Tauer,de GER,DFMF,Mainz 05,21-031,2001,3.9,14,6,7,7,0,7,10,70.0,3,73,17,23.3,38,30,5,6,2,0,4,8,22,13,0,Matches
450,Robert Tesche,de GER,MF,Bochum,34-297,1987,3.2,6,3,3,2,1,4,7,57.1,3,42,15,35.7,16,20,6,6,3,1,3,7,13,7,1,Matches
451,Cedric Teuchert,de GER,MFFW,Union Berlin,25-065,1997,1.2,4,1,3,1,0,1,5,20.0,4,32,12,37.5,11,17,4,2,0,0,2,1,5,0,0,Matches
452,Jan Thielmann,de GER,MFFW,Köln,19-298,2002,10.5,28,13,10,13,5,9,18,50.0,9,249,78,31.3,45,105,99,27,2,0,25,21,49,12,0,Matches
453,Erik Thommy,de GER,FWDF,Stuttgart,27-212,1994,1.0,0,0,0,0,0,0,0,,0,14,5,35.7,6,0,8,4,0,0,4,2,2,0,0,Matches
454,Marcus Thuram,fr FRA,FWMF,M'Gladbach,24-226,1997,8.7,17,11,0,12,5,3,6,50.0,3,148,51,34.5,21,77,50,8,0,0,8,6,23,6,0,Matches
455,Alexis Tibidi,fr FRA,FWMF,Stuttgart,18-137,2003,3.5,8,3,3,3,2,3,5,60.0,2,49,15,30.6,6,30,13,7,0,0,7,3,11,2,0,Matches
456,Steffen Tigges,de GER,FWMF,Dortmund,23-232,1998,1.2,5,2,3,1,1,1,2,50.0,1,43,15,34.9,3,25,15,6,1,0,5,1,6,3,0,Matches
457,Malik Tillman,de GER,FWMF,Bayern Munich,19-296,2002,1.2,2,1,0,2,0,0,2,0.0,2,39,15,38.5,12,14,13,8,1,0,7,4,6,0,0,Matches
458,Timothy Tillman,de GER,MF,Greuther Fürth,23-075,1999,15.7,35,18,20,10,5,12,31,38.7,19,307,97,31.6,109,136,62,33,3,0,30,23,58,19,0,Matches
459,Corentin Tolisso,fr FRA,MF,Bayern Munich,27-229,1994,7.3,14,9,2,11,1,6,15,40.0,9,159,60,37.7,38,90,31,8,1,0,7,7,21,12,0,Matches
460,Tiago Tomás,pt POR,FWMF,Stuttgart,19-277,2002,5.7,2,1,0,2,0,0,2,0.0,2,91,23,25.3,10,38,43,4,0,0,4,0,2,2,0,Matches
461,Jordan Torunarigha,de GER,DF,Hertha BSC,24-225,1997,5.4,4,2,1,3,0,2,4,50.0,2,35,14,40.0,19,14,2,5,2,0,3,19,23,31,0,Matches
462,Almamy Touré,ml MLI,DF,Eint Frankfurt,25-326,1996,4.5,11,6,6,4,1,4,10,40.0,6,80,26,32.5,36,29,15,12,1,0,11,7,18,11,0,Matches
463,Lucas Tousart,fr FRA,MF,Hertha BSC,24-325,1997,14.8,35,20,15,18,2,6,24,25.0,18,336,108,32.1,133,164,39,24,5,0,19,30,65,48,0,Matches
464,Kevin Trapp,de GER,GK,Eint Frankfurt,31-255,1990,25.0,0,0,0,0,0,0,1,0.0,1,1,0,0.0,1,0,0,0,0,0,0,0,0,0,1,Matches
465,Christopher Trimmel,at AUT,DF,Union Berlin,35-024,1987,16.2,42,21,24,15,3,22,39,56.4,17,205,59,28.8,98,85,22,29,3,1,26,37,79,60,0,Matches
466,Tuta,br BRA,DF,Eint Frankfurt,22-259,1999,17.6,36,18,23,12,1,16,37,43.2,21,274,92,33.6,141,112,21,47,12,2,35,48,84,68,0,Matches
467,Anthony Ujah,ng NGA,FWMF,Union Berlin,31-157,1990,0.4,0,0,0,0,0,0,0,,0,13,3,23.1,0,7,6,0,0,0,0,0,0,0,0,Matches
468,Sven Ulreich,de GER,GK,Bayern Munich,33-229,1988,5.0,0,0,0,0,0,0,0,,0,0,0,,0,0,0,0,0,0,0,0,0,0,0,Matches
469,Dayot Upamecano,fr FRA,DF,Bayern Munich,23-144,1998,18.6,46,23,28,18,0,16,26,61.5,10,255,106,41.6,133,108,14,26,7,0,19,52,98,52,3,Matches
470,Benjamin Uphoff,de GER,GK,Freiburg,28-224,1993,2.0,0,0,0,0,0,0,0,,0,0,0,,0,0,0,0,0,0,0,0,0,0,2,Matches
471,Mark Uth,de GER,FWMF,Köln,30-208,1991,15.2,29,16,9,9,11,12,30,40.0,18,372,114,30.6,48,151,173,21,1,0,20,15,44,9,0,Matches
472,Ruben Vargas,ch SUI,MFFW,Augsburg,23-227,1998,19.0,28,14,8,15,5,7,19,36.8,12,267,87,32.6,61,127,79,12,1,0,11,27,55,14,0,Matches
473,Sebastian Vasiliadis,gr GRE,MF,Arminia,24-167,1997,10.9,44,25,23,17,4,11,34,32.4,23,254,77,30.3,86,132,36,22,2,0,20,34,78,29,1,Matches
474,Mickey van de Ven,nl NED,DF,Wolfsburg,20-335,2001,0.4,3,1,1,1,1,0,0,,0,5,1,20.0,2,2,1,1,1,0,0,3,6,0,0,Matches
475,Vincent Vermeij,nl NED,MF,Freiburg,27-223,1994,0.0,0,0,0,0,0,0,0,,0,3,2,66.7,0,0,3,1,0,0,1,0,0,0,0,Matches
476,Nick Viergever,nl NED,DF,Greuther Fürth,32-229,1989,16.7,30,19,22,7,1,10,20,50.0,10,156,63,40.4,94,54,8,33,18,0,15,37,67,103,0,Matches
477,Andreas Voglsammer,de GER,FW,Union Berlin,30-070,1992,8.0,15,7,6,5,4,4,13,30.8,9,158,37,23.4,26,66,66,12,3,0,9,0,15,7,0,Matches
478,Kevin Vogt,de GER,DF,Hoffenheim,30-178,1991,22.5,20,11,14,6,0,8,20,40.0,12,198,88,44.4,91,100,7,23,6,0,17,25,45,82,1,Matches
479,Aster Vranckx,be BEL,MF,Wolfsburg,19-167,2002,11.1,32,23,16,12,4,9,25,36.0,16,283,104,36.7,96,144,43,24,7,0,17,17,49,18,0,Matches
480,Luca Waldschmidt,de GER,MFFW,Wolfsburg,25-305,1996,7.8,9,3,4,5,0,3,10,30.0,7,94,27,28.7,28,44,22,7,0,0,7,8,17,3,0,Matches
481,Paul Wanner,de GER,FWMF,Bayern Munich,16-087,2005,0.4,2,2,0,2,0,1,1,100.0,0,15,6,40.0,2,6,7,1,0,0,1,0,2,0,0,Matches
482,Wout Weghorst,nl NED,FW,Wolfsburg,29-225,1992,17.3,13,7,4,6,3,3,12,25.0,9,403,117,29.0,32,171,200,16,3,0,13,3,16,10,0,Matches
483,Noah Weißhaupt,de GER,MFFW,Freiburg,20-181,2001,0.7,2,0,1,0,1,1,3,33.3,2,13,5,38.5,3,6,4,2,0,0,2,4,6,0,0,Matches
484,Silvan Widmer,ch SUI,DF,Mainz 05,29-015,1993,25.5,57,35,29,17,11,27,48,56.3,21,383,127,33.2,169,137,77,61,14,0,47,35,92,49,2,Matches
485,Jetro Willems,nl NED,DF,Greuther Fürth,27-355,1994,14.1,28,17,15,8,5,13,21,61.9,8,155,45,29.0,71,61,23,28,1,0,27,27,55,39,0,Matches
486,Patrick Wimmer,at AUT,FWMF,Arminia,20-294,2001,16.9,42,27,10,21,11,8,35,22.9,27,408,115,28.2,74,201,133,28,2,0,26,38,80,16,0,Matches
487,Jonas Wind,dk DEN,FW,Wolfsburg,23-041,1999,5.7,5,0,0,3,2,0,0,,0,98,30,30.6,6,37,55,3,1,0,2,4,9,8,0,Matches
488,Frederik Winther,dk DEN,DF,Augsburg,21-075,2001,3.6,8,4,4,4,0,5,6,83.3,1,42,14,33.3,28,14,0,7,1,0,6,9,17,17,0,Matches
489,Florian Wirtz,de GER,MFFW,Leverkusen,18-321,2003,20.6,28,18,11,12,5,8,27,29.6,19,423,140,33.1,85,215,123,14,1,0,13,29,57,2,0,Matches
490,Axel Witsel,be BEL,MFDF,Dortmund,33-067,1989,15.6,33,21,11,19,3,12,26,46.2,14,186,64,34.4,68,103,15,20,5,0,15,21,54,41,0,Matches
491,Hannes Wolf,at AUT,FWMF,M'Gladbach,22-338,1999,3.4,20,10,5,9,6,8,17,47.1,9,92,32,34.8,15,50,27,13,0,0,13,5,25,2,0,Matches
492,Marius Wolf,de GER,DFFW,Dortmund,26-297,1995,8.3,14,6,7,6,1,3,10,30.0,7,148,40,27.0,47,73,28,12,1,0,11,16,30,3,0,Matches
493,Jeong Woo-yeong,kr KOR,FWMF,Freiburg,22-181,1999,16.7,9,4,3,6,0,2,9,22.2,7,335,88,26.3,48,184,103,8,0,0,8,14,23,14,0,Matches
494,Joscha Wosz,de GER,DF,RB Leipzig,19-243,2002,0.1,0,0,0,0,0,0,0,,0,1,0,0.0,0,1,0,0,0,0,0,0,0,0,0,Matches
495,Dan-Axel Zagadou,fr FRA,DF,Dortmund,22-290,1999,5.2,13,5,10,2,1,4,6,66.7,2,65,23,35.4,33,26,6,10,4,1,6,12,25,20,0,Matches
496,Denis Zakaria,ch SUI,MFDF,M'Gladbach,25-120,1996,15.5,29,19,13,14,2,11,25,44.0,14,215,75,34.9,87,102,26,36,5,0,31,37,66,23,0,Matches
497,Deyovaisio Zeefuik,nl NED,DFMF,Hertha BSC,24-009,1998,6.3,12,7,7,4,1,3,8,37.5,5,93,28,30.1,49,28,16,17,4,0,13,12,24,17,3,Matches
498,Robin Zentner,de GER,GK,Mainz 05,27-143,1994,26.0,0,0,0,0,0,0,1,0.0,1,2,0,0.0,2,0,0,0,0,0,0,0,0,3,0,Matches
499,Andi Zeqiri,ch SUI,FWMF,Augsburg,22-271,1999,10.5,8,4,2,4,2,1,9,11.1,8,216,54,25.0,33,118,65,15,1,0,14,10,18,10,0,Matches
500,Simon Zoller,de GER,FW,Bochum,30-267,1991,4.0,3,2,0,0,3,0,3,0.0,3,69,16,23.2,16,27,26,2,0,0,2,1,4,1,0,Matches
