Rk,Player,Nation,Pos,Squad,Age,Born,Playing Time MP,Playing Time Starts,Playing Time Min,Playing Time 90s,Performance Gls,Performance Ast,Performance G-PK,Performance PK,Performance PKatt,Performance CrdY,Performance CrdR,Per 90 Minutes Gls,Per 90 Minutes Ast,Per 90 Minutes G+A,Per 90 Minutes G-PK,Per 90 Minutes G+A-PK,Expected xG,Expected npxG,Expected xA,Expected npxG+xA,Per 90 Minutes xG,Per 90 Minutes xA,Per 90 Minutes xG+xA,Per 90 Minutes npxG,Per 90 Minutes npxG+xA,Matches
1,Luis Abram,pe PER,DF,Granada,26-021,1996,8,6,560,6.2,0,0,0,0,0,2,0,0.00,0.00,0.00,0.00,0.00,0.5,0.5,0.0,0.5,0.08,0.00,0.08,0.08,0.08,Matches
2,Marcos Acuña,ar ARG,DF,Sevilla,30-143,1991,24,19,1665,18.5,1,3,1,0,0,6,0,0.05,0.16,0.22,0.05,0.22,1.3,1.3,2.7,4.0,0.07,0.14,0.21,0.07,0.21,Matches
3,Martin Agirregabiria,es ESP,DF,Alavés,25-314,1996,18,16,1457,16.2,0,1,0,0,0,3,0,0.00,0.06,0.06,0.00,0.06,0.1,0.1,0.9,1.0,0.01,0.06,0.06,0.01,0.06,Matches
4,Julen Agirrezabala,es ESP,GK,Athletic Club,21-084,2000,4,4,360,4.0,0,0,0,0,0,0,0,0.00,0.00,0.00,0.00,0.00,0.0,0.0,0.0,0.0,0.00,0.00,0.00,0.00,0.00,Matches
5,Sergio Agüero,ar ARG,FW,Barcelona,33-291,1988,4,2,151,1.7,1,0,1,0,0,0,0,0.60,0.00,0.60,0.60,0.60,1.1,1.1,0.3,1.3,0.64,0.16,0.80,0.64,0.80,Matches
6,Álvaro Aguirre,es ESP,FW,Rayo Vallecano,22-045,2000,1,0,9,0.1,0,0,0,0,0,0,0,0.00,0.00,0.00,0.00,0.00,0.0,0.0,0.0,0.0,0.00,0.00,0.00,0.00,0.00,Matches
7,Joseph Aidoo,gh GHA,DF,Celta Vigo,26-172,1995,22,20,1738,19.3,0,0,0,0,0,1,0,0.00,0.00,0.00,0.00,0.00,0.1,0.1,0.1,0.2,0.01,0.00,0.01,0.01,0.01,Matches
8,Carlos Akapo,gq EQG,DF,Cádiz,29-008,1993,16,13,1178,13.1,0,0,0,0,0,4,0,0.00,0.00,0.00,0.00,0.00,0.2,0.2,0.3,0.5,0.02,0.02,0.04,0.02,0.04,Matches
9,Ilias Akhomach,es ESP,FW,Barcelona,17-338,2004,2,2,124,1.4,0,0,0,0,0,0,0,0.00,0.00,0.00,0.00,0.00,0.1,0.1,0.4,0.5,0.08,0.27,0.34,0.08,0.34,Matches
10,Paul Akouokou,ci CIV,MF,Betis,24-090,1997,6,4,337,3.7,0,0,0,0,0,2,0,0.00,0.00,0.00,0.00,0.00,0.0,0.0,0.0,0.1,0.01,0.00,0.01,0.01,0.01,Matches
11,David Alaba,at AUT,DF,Real Madrid,29-269,1992,25,25,2242,24.9,1,3,1,0,0,2,0,0.04,0.12,0.16,0.04,0.16,0.8,0.8,2.2,3.0,0.03,0.09,0.12,0.03,0.12,Matches
12,Tomás Alarcón,cl CHI,MF,Cádiz,23-060,1999,19,15,1326,14.7,0,1,0,0,0,5,0,0.00,0.07,0.07,0.00,0.07,1.0,1.0,1.1,2.1,0.07,0.08,0.15,0.07,0.15,Matches
13,Jordi Alba,es ESP,DF,Barcelona,32-364,1989,20,20,1749,19.4,1,7,1,0,0,5,0,0.05,0.36,0.41,0.05,0.41,0.9,0.9,3.4,4.3,0.05,0.17,0.22,0.05,0.22,Matches
14,Raúl Albiol,es ESP,DF,Villarreal,36-197,1985,22,22,1935,21.5,0,0,0,0,0,6,0,0.00,0.00,0.00,0.00,0.00,0.6,0.6,0.0,0.6,0.03,0.00,0.03,0.03,0.03,Matches
15,Paco Alcácer,es ESP,FW,Villarreal,28-202,1993,10,6,470,5.2,0,2,0,0,0,1,0,0.00,0.38,0.38,0.00,0.38,1.6,1.6,1.6,3.1,0.30,0.30,0.60,0.30,0.60,Matches
16,Rubén Alcaraz,es ESP,MF,Cádiz,30-323,1991,7,6,570,6.3,2,0,2,0,0,3,0,0.32,0.00,0.32,0.32,0.32,0.6,0.6,0.4,0.9,0.09,0.06,0.15,0.09,0.15,Matches
17,Omar Alderete,py PAR,DF,Valencia,25-084,1996,23,22,1886,21.0,2,0,2,0,0,11,0,0.10,0.00,0.10,0.10,0.10,0.8,0.8,0.2,1.0,0.04,0.01,0.05,0.04,0.05,Matches
18,Iván Alejo,es ESP,MF,Cádiz,27-038,1995,12,5,569,6.3,1,2,1,0,0,5,0,0.16,0.32,0.47,0.16,0.47,0.3,0.3,1.1,1.4,0.04,0.18,0.22,0.04,0.22,Matches
19,Carles Aleñá,es ESP,MF,Getafe,24-074,1998,25,25,1971,21.9,1,2,1,0,0,6,1,0.05,0.09,0.14,0.05,0.14,1.4,1.4,1.5,2.9,0.06,0.07,0.13,0.06,0.13,Matches
20,Mircea Alexandru Tirlea,ro ROU,DF,Alavés,21-357,2000,1,0,15,0.2,0,0,0,0,0,0,0,0.00,0.00,0.00,0.00,0.00,0.0,0.0,0.0,0.0,0.00,0.00,0.00,0.00,0.00,Matches
21,Hugo Álvarez,es ESP,FW,Celta Vigo,36-272,1985,1,0,11,0.1,0,0,0,0,0,0,0,0.00,0.00,0.00,0.00,0.00,0.2,0.2,0.0,0.2,1.91,0.00,1.91,1.91,1.91,Matches
22,Yeray Álvarez,es ESP,DF,Athletic Club,27-055,1995,16,16,1395,15.5,0,0,0,0,0,5,0,0.00,0.00,0.00,0.00,0.00,0.3,0.3,0.1,0.4,0.02,0.00,0.02,0.02,0.02,Matches
23,Dani Alves,br BRA,DF,Barcelona,38-318,1983,5,5,422,4.7,1,2,1,0,0,1,1,0.21,0.43,0.64,0.21,0.64,0.1,0.1,1.2,1.3,0.02,0.26,0.28,0.02,0.28,Matches
24,Emmanuel Amankwaa Akurugu,gh GHA,DF,Getafe,20-120,2001,3,1,79,0.9,0,1,0,0,0,0,0,0.00,1.14,1.14,0.00,1.14,0.0,0.0,0.0,0.1,0.04,0.05,0.08,0.04,0.08,Matches
25,Amath,sn SEN,FWMF,Mallorca,25-247,1996,18,8,829,9.2,0,1,0,0,0,5,0,0.00,0.11,0.11,0.00,0.11,1.3,1.3,0.2,1.5,0.14,0.02,0.16,0.14,0.16,Matches
26,Florin Andone,ro ROU,FW,Cádiz,28-343,1993,5,1,176,2.0,0,0,0,0,0,1,0,0.00,0.00,0.00,0.00,0.00,0.3,0.3,0.0,0.3,0.13,0.02,0.15,0.13,0.15,Matches
27,José Ángel,es ESP,DF,Osasuna,32-196,1989,18,8,773,8.6,1,1,1,0,0,1,1,0.12,0.12,0.23,0.12,0.23,0.2,0.2,1.1,1.3,0.02,0.13,0.15,0.02,0.15,Matches
28,Josep Antoni Gayá,es ESP,DF,Mallorca,21-256,2000,1,1,58,0.6,0,0,0,0,0,0,0,0.00,0.00,0.00,0.00,0.00,0.0,0.0,0.0,0.0,0.00,0.00,0.00,0.00,0.00,Matches
29,Mauro Arambarri,uy URU,MF,Getafe,26-171,1995,23,23,1943,21.6,0,5,0,0,0,9,0,0.00,0.23,0.23,0.00,0.23,0.9,0.9,1.5,2.4,0.04,0.07,0.11,0.04,0.11,Matches
30,Néstor Araujo,mx MEX,DF,Celta Vigo,30-203,1991,25,20,1844,20.5,0,0,0,0,0,4,0,0.00,0.00,0.00,0.00,0.00,0.2,0.2,0.0,0.2,0.01,0.00,0.01,0.01,0.01,Matches
31,Ronald Araújo,uy URU,DF,Barcelona,23-013,1999,21,16,1521,16.9,3,0,3,0,0,4,0,0.18,0.00,0.18,0.18,0.18,0.9,0.9,0.4,1.3,0.05,0.02,0.08,0.05,0.08,Matches
32,Jesús Areso,es ESP,DF,Osasuna,22-261,1999,2,2,172,1.9,0,0,0,0,0,1,0,0.00,0.00,0.00,0.00,0.00,0.0,0.0,0.0,0.0,0.00,0.03,0.03,0.00,0.03,Matches
33,Matias Arezo,uy URU,FW,Granada,19-119,2002,3,1,97,1.1,0,0,0,0,0,0,0,0.00,0.00,0.00,0.00,0.00,0.4,0.4,0.1,0.5,0.41,0.06,0.47,0.41,0.47,Matches
34,Santiago Arias,co COL,DF,Granada,30-066,1992,8,3,327,3.6,1,0,1,0,0,1,0,0.28,0.00,0.28,0.28,0.28,0.6,0.6,0.2,0.8,0.17,0.05,0.22,0.17,0.22,Matches
35,Santiago Arzamendia,py PAR,MFDF,Cádiz,23-319,1998,12,5,453,5.0,1,0,1,0,0,2,0,0.20,0.00,0.20,0.20,0.20,0.2,0.2,0.0,0.2,0.04,0.00,0.04,0.04,0.04,Matches
36,Sergio Asenjo,es ESP,GK,Villarreal,32-265,1989,3,3,270,3.0,0,0,0,0,0,1,0,0.00,0.00,0.00,0.00,0.00,0.0,0.0,0.0,0.0,0.00,0.00,0.00,0.00,0.00,Matches
37,Marco Asensio,es ESP,FWMF,Real Madrid,26-058,1996,23,14,1265,14.1,8,0,8,0,0,2,0,0.57,0.00,0.57,0.57,0.57,5.6,5.6,1.8,7.4,0.40,0.13,0.53,0.40,0.53,Matches
38,Iago Aspas,es ESP,FW,Celta Vigo,34-231,1987,27,26,2212,24.6,13,4,10,3,5,9,0,0.53,0.16,0.69,0.41,0.57,9.9,6.0,5.1,11.1,0.40,0.21,0.61,0.24,0.45,Matches
39,Pierre-Emerick Aubameyang,ga GAB,FW,Barcelona,32-275,1989,6,4,370,4.1,5,0,5,0,0,0,0,1.22,0.00,1.22,1.22,1.22,2.3,2.3,0.2,2.5,0.56,0.05,0.61,0.56,0.61,Matches
40,Ludwig Augustinsson,se SWE,DF,Sevilla,27-333,1994,14,7,569,6.3,0,1,0,0,0,3,0,0.00,0.16,0.16,0.00,0.16,0.0,0.0,0.2,0.2,0.01,0.03,0.03,0.01,0.03,Matches
41,Serge Aurier,ci CIV,DF,Villarreal,29-086,1992,12,7,682,7.6,0,1,0,0,0,3,0,0.00,0.13,0.13,0.00,0.13,0.6,0.6,1.1,1.7,0.08,0.14,0.22,0.08,0.22,Matches
42,Ezequiel Ávila,ar ARG,FWMF,Osasuna,28-042,1994,27,14,1255,13.9,5,1,5,0,0,7,1,0.36,0.07,0.43,0.36,0.43,2.7,2.7,1.0,3.6,0.19,0.07,0.26,0.19,0.26,Matches
43,Iddrisu Baba,gh GHA,MF,Mallorca,26-057,1996,20,17,1476,16.4,2,0,2,0,0,7,0,0.12,0.00,0.12,0.12,0.12,1.3,1.3,0.2,1.5,0.08,0.01,0.09,0.08,0.09,Matches
44,Carlos Bacca,co COL,FW,Granada,35-193,1986,15,4,492,5.5,0,1,0,0,0,3,0,0.00,0.18,0.18,0.00,0.18,0.7,0.7,0.5,1.2,0.13,0.08,0.21,0.13,0.21,Matches
45,Édgar Badía,es ESP,GK,Elche,30-036,1992,17,17,1530,17.0,0,0,0,0,0,1,0,0.00,0.00,0.00,0.00,0.00,0.0,0.0,0.0,0.0,0.00,0.00,0.00,0.00,0.00,Matches
46,Miguel Baeza,es ESP,DF,Celta Vigo,21-358,2000,1,0,2,0.0,0,0,0,0,0,0,0,0.00,0.00,0.00,0.00,0.00,0.0,0.0,0.0,0.0,0.00,0.00,0.00,0.00,0.00,Matches
47,Alejandro Balde,es ESP,FWDF,Barcelona,18-153,2003,4,1,99,1.1,0,0,0,0,0,0,0,0.00,0.00,0.00,0.00,0.00,0.0,0.0,0.1,0.1,0.00,0.05,0.05,0.00,0.05,Matches
48,Gareth Bale,wls WAL,FW,Real Madrid,32-247,1989,4,4,263,2.9,1,0,1,0,0,2,0,0.34,0.00,0.34,0.34,0.34,1.1,1.1,0.0,1.1,0.37,0.01,0.38,0.37,0.38,Matches
49,Mikel Balenziaga,es ESP,DF,Athletic Club,34-019,1988,23,21,1844,20.5,0,0,0,0,0,2,0,0.00,0.00,0.00,0.00,0.00,0.2,0.2,0.4,0.6,0.01,0.02,0.03,0.01,0.03,Matches
50,Iván Balliu,al ALB,DF,Rayo Vallecano,30-078,1992,27,27,2430,27.0,1,2,1,0,0,8,0,0.04,0.07,0.11,0.04,0.11,0.5,0.5,2.7,3.1,0.02,0.10,0.12,0.02,0.12,Matches
51,Barbero,es ESP,FWMF,Osasuna,23-215,1998,4,0,14,0.2,0,0,0,0,0,0,0,0.00,0.00,0.00,0.00,0.00,0.0,0.0,0.0,0.0,0.00,0.11,0.11,0.00,0.11,Matches
52,Enis Bardhi,mk MKD,MFFW,Levante,26-261,1995,23,15,1366,15.2,3,2,1,2,2,3,0,0.20,0.13,0.33,0.07,0.20,3.2,1.7,2.9,4.6,0.21,0.19,0.40,0.11,0.30,Matches
53,Keidi Bare,al ALB,MF,Espanyol,24-204,1997,20,13,1202,13.4,1,1,1,0,0,7,0,0.07,0.07,0.15,0.07,0.15,0.5,0.5,0.9,1.5,0.04,0.07,0.11,0.04,0.11,Matches
54,Kike Barja,es ESP,MFFW,Osasuna,24-353,1997,14,8,678,7.5,1,0,1,0,0,1,0,0.13,0.00,0.13,0.13,0.13,1.0,1.0,0.6,1.6,0.13,0.09,0.22,0.13,0.22,Matches
55,Antonio Barragán,es ESP,DF,Elche,34-281,1987,14,11,898,10.0,0,0,0,0,0,5,0,0.00,0.00,0.00,0.00,0.00,0.0,0.0,0.1,0.1,0.00,0.01,0.01,0.00,0.01,Matches
56,Ander Barrenetxea,es ESP,FWMF,Real Sociedad,20-083,2001,11,6,547,6.1,1,1,1,0,0,0,0,0.16,0.16,0.33,0.16,0.33,0.4,0.4,1.0,1.4,0.06,0.17,0.23,0.06,0.23,Matches
57,Marc Bartra,es ESP,DF,Betis,31-064,1991,15,15,1273,14.1,0,0,0,0,0,1,0,0.00,0.00,0.00,0.00,0.00,0.8,0.8,0.1,0.9,0.06,0.01,0.07,0.06,0.07,Matches
58,Álvaro Bastida,es ESP,MF,Cádiz,17-312,2004,6,2,197,2.2,0,0,0,0,0,1,0,0.00,0.00,0.00,0.00,0.00,0.0,0.0,0.0,0.0,0.00,0.00,0.00,0.00,0.00,Matches
59,Rodrigo Battaglia,ar ARG,MF,Mallorca,30-251,1991,19,7,713,7.9,0,0,0,0,0,4,0,0.00,0.00,0.00,0.00,0.00,0.1,0.1,0.1,0.2,0.01,0.01,0.02,0.01,0.02,Matches
60,Jon Bautista,es ESP,FWMF,Real Sociedad,26-260,1995,1,0,45,0.5,0,0,0,0,0,0,0,0.00,0.00,0.00,0.00,0.00,0.0,0.0,0.0,0.0,0.06,0.00,0.06,0.06,0.06,Matches
61,Bebé,pt POR,FWMF,Rayo Vallecano,31-251,1990,23,4,623,6.9,1,2,1,0,0,2,0,0.14,0.29,0.43,0.14,0.43,0.8,0.8,1.7,2.6,0.14,0.28,0.41,0.14,0.41,Matches
62,Héctor Bellerín,es ESP,DF,Betis,27-001,1995,18,18,1596,17.7,0,2,0,0,0,2,1,0.00,0.11,0.11,0.00,0.11,0.2,0.2,2.1,2.3,0.01,0.12,0.13,0.01,0.13,Matches
63,Fran Beltrán,es ESP,MF,Celta Vigo,23-045,1999,28,22,1895,21.1,0,0,0,0,0,3,0,0.00,0.00,0.00,0.00,0.00,0.3,0.3,0.5,0.8,0.01,0.03,0.04,0.01,0.04,Matches
64,Darío Benedetto,ar ARG,FW,Elche,31-307,1990,14,6,590,6.6,2,1,2,0,0,1,0,0.31,0.15,0.46,0.31,0.46,2.7,2.7,0.9,3.6,0.41,0.14,0.56,0.41,0.56,Matches
65,Iker Benito,es ESP,MFFW,Osasuna,19-222,2002,4,1,118,1.3,0,0,0,0,0,1,0,0.00,0.00,0.00,0.00,0.00,0.1,0.1,0.1,0.2,0.07,0.10,0.17,0.07,0.17,Matches
66,Pedro Benito,es ESP,FW,Cádiz,21-358,2000,1,0,31,0.3,0,0,0,0,0,0,0,0.00,0.00,0.00,0.00,0.00,0.0,0.0,0.0,0.0,0.00,0.00,0.00,0.00,0.00,Matches
67,Karim Benzema,fr FRA,FW,Real Madrid,34-091,1987,25,25,2056,22.8,22,11,17,5,6,0,0,0.96,0.48,1.44,0.74,1.23,17.2,12.6,7.1,19.7,0.75,0.31,1.06,0.55,0.86,Matches
68,Yuri Berchiche,es ESP,DF,Athletic Club,32-038,1990,6,4,378,4.2,1,1,1,0,0,2,0,0.24,0.24,0.48,0.24,0.48,0.2,0.2,0.4,0.6,0.06,0.08,0.14,0.06,0.14,Matches
69,Álex Berenguer,es ESP,MF,Athletic Club,26-259,1995,26,19,1653,18.4,1,6,1,0,1,7,0,0.05,0.33,0.38,0.05,0.38,4.0,3.3,4.7,7.9,0.22,0.25,0.47,0.18,0.43,Matches
70,Pedro Bigas,es ESP,DF,Elche,31-186,1990,13,13,1086,12.1,0,0,0,0,0,2,0,0.00,0.00,0.00,0.00,0.00,0.2,0.2,0.2,0.4,0.02,0.02,0.04,0.02,0.04,Matches
71,Blanco,es ESP,MF,Real Madrid,21-240,2000,1,0,31,0.3,0,0,0,0,0,0,0,0.00,0.00,0.00,0.00,0.00,0.0,0.0,0.0,0.0,0.00,0.00,0.00,0.00,0.00,Matches
72,Yassine Bounou,ma MAR,GK,Sevilla,30-349,1991,23,23,2070,23.0,0,2,0,0,0,2,0,0.00,0.09,0.09,0.00,0.09,0.0,0.0,0.6,0.6,0.00,0.02,0.02,0.00,0.02,Matches
73,Lucas Boyé,ar ARG,FW,Elche,26-020,1996,22,20,1639,18.2,7,3,7,0,0,3,0,0.38,0.16,0.55,0.38,0.55,4.9,4.9,1.8,6.7,0.27,0.10,0.37,0.27,0.37,Matches
74,Martin Braithwaite,dk DEN,FW,Barcelona,30-288,1991,4,3,235,2.6,2,1,2,0,0,0,0,0.77,0.38,1.15,0.77,1.15,1.0,1.0,1.3,2.3,0.40,0.48,0.88,0.40,0.88,Matches
75,Darko Brašanac,rs SRB,MF,Osasuna,30-036,1992,27,21,1891,21.0,1,2,1,0,0,5,0,0.05,0.10,0.14,0.05,0.14,1.3,1.3,1.3,2.6,0.06,0.06,0.12,0.06,0.12,Matches
76,Claudio Bravo,cl CHI,GK,Betis,38-341,1983,11,11,990,11.0,0,0,0,0,0,1,0,0.00,0.00,0.00,0.00,0.00,0.0,0.0,0.2,0.2,0.00,0.01,0.01,0.00,0.01,Matches
77,Yan Brice Eteki,cm CMR,MF,Granada,24-206,1997,7,1,138,1.5,0,0,0,0,0,1,0,0.00,0.00,0.00,0.00,0.00,0.0,0.0,0.0,0.0,0.02,0.00,0.02,0.02,0.02,Matches
78,Bryan,es ESP,MFFW,Valencia,21-037,2001,7,5,478,5.3,0,1,0,0,0,3,0,0.00,0.19,0.19,0.00,0.19,0.5,0.5,1.0,1.5,0.09,0.19,0.27,0.09,0.27,Matches
79,Ante Budimir,hr CRO,FW,Osasuna,30-241,1991,19,12,1014,11.3,3,1,2,1,1,1,0,0.27,0.09,0.36,0.18,0.27,4.3,3.7,0.6,4.4,0.39,0.06,0.44,0.33,0.39,Matches
80,Sergio Busquets,es ESP,MF,Barcelona,33-247,1988,26,26,2298,25.5,1,0,1,0,0,6,0,0.04,0.00,0.04,0.04,0.04,0.3,0.3,1.5,1.8,0.01,0.06,0.07,0.01,0.07,Matches
81,Adrián Butzke,es ESP,FW,Granada,22-355,1999,1,0,1,0.0,0,0,0,0,0,0,0,0.00,0.00,0.00,0.00,0.00,0.0,0.0,0.0,0.0,0.00,0.00,0.00,0.00,0.00,Matches
82,Erick Cabaco,uy URU,DF,Getafe,26-335,1995,8,4,349,3.9,0,1,0,0,0,4,1,0.00,0.26,0.26,0.00,0.26,0.0,0.0,0.4,0.4,0.00,0.09,0.09,0.00,0.09,Matches
83,Leandro Cabrera,uy URU,DF,Espanyol,30-276,1991,27,27,2430,27.0,2,0,2,0,0,6,0,0.07,0.00,0.07,0.07,0.07,1.0,1.0,0.1,1.2,0.04,0.01,0.04,0.04,0.04,Matches
84,Martín Cáceres,uy URU,DF,Levante,34-347,1987,8,7,580,6.4,0,0,0,0,0,2,0,0.00,0.00,0.00,0.00,0.00,0.0,0.0,0.1,0.1,0.00,0.02,0.02,0.00,0.02,Matches
85,Cala,es ESP,DF,Cádiz,32-114,1989,13,10,930,10.3,0,0,0,0,0,7,1,0.00,0.00,0.00,0.00,0.00,0.6,0.6,0.0,0.6,0.05,0.00,0.06,0.05,0.06,Matches
86,Calderón,es ESP,DF,Betis,22-072,2000,1,0,65,0.7,0,0,0,0,0,0,0,0.00,0.00,0.00,0.00,0.00,0.0,0.0,0.1,0.1,0.00,0.19,0.19,0.00,0.19,Matches
87,Fernando Calero,es ESP,DF,Espanyol,26-187,1995,7,5,391,4.3,0,0,0,0,0,1,0,0.00,0.00,0.00,0.00,0.00,0.0,0.0,0.0,0.0,0.00,0.00,0.00,0.00,0.00,Matches
88,Víctor Camarasa,es ESP,MFFW,Betis,27-296,1994,7,0,108,1.2,0,0,0,0,0,0,0,0.00,0.00,0.00,0.00,0.00,0.0,0.0,0.0,0.0,0.01,0.00,0.01,0.01,0.01,Matches
89,Eduardo Camavinga,fr FRA,MF,Real Madrid,19-130,2002,17,6,639,7.1,2,0,2,0,0,4,0,0.28,0.00,0.28,0.28,0.28,0.9,0.9,0.4,1.3,0.11,0.06,0.17,0.11,0.17,Matches
90,José Campaña,es ESP,MF,Levante,28-293,1993,14,12,1060,11.8,2,0,2,0,1,4,1,0.17,0.00,0.17,0.17,0.17,1.2,0.4,0.6,1.0,0.10,0.05,0.15,0.03,0.08,Matches
91,Sergio Canales,es ESP,FWMF,Betis,31-032,1991,25,24,2001,22.2,4,6,4,0,0,5,0,0.18,0.27,0.45,0.18,0.45,3.9,3.9,3.9,7.7,0.17,0.17,0.35,0.17,0.35,Matches
92,Álex Cantero,es ESP,FWMF,Levante,21-285,2000,19,2,372,4.1,0,1,0,0,0,1,0,0.00,0.24,0.24,0.00,0.24,1.9,1.9,0.1,2.0,0.45,0.03,0.48,0.45,0.48,Matches
93,Étienne Capoue,fr FRA,MF,Villarreal,33-252,1988,21,20,1688,18.8,1,1,1,0,0,6,0,0.05,0.05,0.11,0.05,0.11,0.4,0.4,0.5,0.9,0.02,0.03,0.05,0.02,0.05,Matches
94,Isaac Carcelen,es ESP,DFMF,Cádiz,28-331,1993,21,16,1414,15.7,0,0,0,0,0,1,0,0.00,0.00,0.00,0.00,0.00,0.5,0.5,0.3,0.8,0.03,0.02,0.05,0.03,0.05,Matches
95,Cárdenas,es ESP,GK,Levante,24-357,1997,16,16,1440,16.0,0,0,0,0,0,2,0,0.00,0.00,0.00,0.00,0.00,0.0,0.0,0.0,0.0,0.00,0.00,0.00,0.00,0.00,Matches
96,Carlo,es ESP,MF,Villarreal,21-036,2001,1,0,7,0.1,0,0,0,0,0,0,0,0.00,0.00,0.00,0.00,0.00,0.0,0.0,0.0,0.0,0.00,0.00,0.00,0.00,0.00,Matches
97,Diego Carlos,br BRA,DF,Sevilla,29-005,1993,25,25,2204,24.5,2,0,2,0,0,3,1,0.08,0.00,0.08,0.08,0.08,2.1,2.1,0.3,2.4,0.09,0.01,0.10,0.09,0.10,Matches
98,Carmona,es ESP,DF,Sevilla,20-050,2002,1,0,24,0.3,0,0,0,0,0,0,0,0.00,0.00,0.00,0.00,0.00,0.0,0.0,0.0,0.0,0.00,0.00,0.00,0.00,0.00,Matches
99,Yannick Carrasco,be BEL,DFMF,Atlético Madrid,28-197,1993,25,21,1901,21.1,3,5,3,0,0,5,0,0.14,0.24,0.38,0.14,0.38,2.8,2.8,4.2,7.0,0.13,0.20,0.33,0.13,0.33,Matches
100,Guido Carrillo,ar ARG,FW,Elche,30-299,1991,22,7,858,9.5,1,0,1,0,0,0,0,0.10,0.00,0.10,0.10,0.10,2.3,2.3,0.1,2.4,0.24,0.02,0.25,0.24,0.25,Matches
101,Dani Carvajal,es ESP,DF,Real Madrid,30-068,1992,18,14,1224,13.6,1,1,1,0,0,1,0,0.07,0.07,0.15,0.07,0.15,0.5,0.5,1.2,1.7,0.04,0.09,0.12,0.04,0.12,Matches
102,William Carvalho,pt POR,MF,Betis,29-347,1992,25,15,1355,15.1,1,3,1,0,0,3,0,0.07,0.20,0.27,0.07,0.27,2.0,2.0,1.4,3.4,0.13,0.09,0.22,0.13,0.22,Matches
103,Casemiro,br BRA,MF,Real Madrid,30-025,1992,25,24,2060,22.9,0,3,0,0,0,9,0,0.00,0.13,0.13,0.00,0.13,1.8,1.8,2.0,3.8,0.08,0.09,0.17,0.08,0.17,Matches
104,Kiko Casilla,es ESP,GK,Elche,35-169,1986,12,12,1080,12.0,0,0,0,0,0,3,0,0.00,0.00,0.00,0.00,0.00,0.0,0.0,0.1,0.1,0.00,0.01,0.01,0.00,0.01,Matches
105,Catena,es ESP,DF,Rayo Vallecano,27-143,1994,26,26,2340,26.0,1,1,1,0,0,5,0,0.04,0.04,0.08,0.04,0.08,1.2,1.2,0.6,1.8,0.05,0.02,0.07,0.05,0.07,Matches
106,Dani Ceballos,es ESP,MF,Real Madrid,25-225,1996,5,0,46,0.5,0,0,0,0,0,1,0,0.00,0.00,0.00,0.00,0.00,0.0,0.0,0.0,0.0,0.00,0.04,0.04,0.00,0.04,Matches
107,Franco Cervi,ar ARG,MF,Celta Vigo,27-298,1994,26,15,1337,14.9,3,3,3,0,0,4,0,0.20,0.20,0.40,0.20,0.40,1.7,1.7,1.2,2.9,0.12,0.08,0.20,0.12,0.20,Matches
108,Chapela,es ESP,MFFW,Cádiz,22-303,1999,9,4,398,4.4,0,0,0,0,0,0,0,0.00,0.00,0.00,0.00,0.00,0.1,0.1,0.2,0.2,0.02,0.03,0.05,0.02,0.05,Matches
109,Chema,es ESP,MF,Getafe,30-017,1992,1,1,45,0.5,0,0,0,0,0,1,1,0.00,0.00,0.00,0.00,0.00,0.0,0.0,0.0,0.0,0.05,0.03,0.08,0.05,0.08,Matches
110,Denis Cheryshev,ru RUS,MF,Valencia,31-084,1990,11,5,442,4.9,0,1,0,0,0,1,0,0.00,0.20,0.20,0.00,0.20,1.0,1.0,0.3,1.3,0.20,0.07,0.27,0.20,0.27,Matches
111,Samuel Chukwueze,ng NGA,MF,Villarreal,22-302,1999,18,5,731,8.1,2,2,2,0,0,3,0,0.25,0.25,0.49,0.25,0.49,2.6,2.6,2.6,5.2,0.32,0.32,0.64,0.32,0.64,Matches
112,Víctor Chust,es ESP,DF,Cádiz,22-015,2000,18,15,1376,15.3,0,0,0,0,0,1,0,0.00,0.00,0.00,0.00,0.00,0.6,0.6,0.0,0.6,0.04,0.00,0.04,0.04,0.04,Matches
113,Jasper Cillessen,nl NED,GK,Valencia,32-332,1989,15,15,1277,14.2,0,1,0,0,0,1,0,0.00,0.07,0.07,0.00,0.07,0.0,0.0,0.0,0.0,0.00,0.00,0.00,0.00,0.00,Matches
114,Pathé Ciss,sn SEN,MF,Rayo Vallecano,28-004,1994,23,9,795,8.8,1,1,1,0,0,4,0,0.11,0.11,0.23,0.11,0.23,1.0,1.0,0.4,1.3,0.11,0.04,0.15,0.11,0.15,Matches
115,Carlos Clerc,es ESP,DF,Levante,30-027,1992,19,18,1514,16.8,0,0,0,0,0,6,0,0.00,0.00,0.00,0.00,0.00,0.2,0.2,0.8,1.0,0.01,0.04,0.06,0.01,0.06,Matches
116,Coke,es ESP,DFMF,Levante,34-328,1987,4,0,19,0.2,0,0,0,0,0,0,0,0.00,0.00,0.00,0.00,0.00,0.0,0.0,0.0,0.0,0.00,0.05,0.05,0.00,0.05,Matches
117,Álex Collado,es ESP,MFFW,Granada,22-332,1999,9,6,440,4.9,0,1,0,0,0,0,0,0.00,0.20,0.20,0.00,0.20,0.3,0.3,0.2,0.5,0.07,0.05,0.12,0.07,0.12,Matches
118,Eray Cömert,ch SUI,DF,Valencia,24-044,1998,5,3,246,2.7,0,0,0,0,0,1,0,0.00,0.00,0.00,0.00,0.00,0.0,0.0,0.0,0.0,0.02,0.00,0.02,0.02,0.02,Matches
119,Santi Comesaña,es ESP,MF,Rayo Vallecano,25-166,1996,27,25,2135,23.7,1,2,1,0,0,7,0,0.04,0.08,0.13,0.04,0.13,2.9,2.9,1.7,4.6,0.13,0.07,0.20,0.13,0.20,Matches
120,Diego Conde,es ESP,GK,Getafe,23-143,1998,1,0,6,0.1,0,0,0,0,0,0,0,0.00,0.00,0.00,0.00,0.00,0.0,0.0,0.0,0.0,0.00,0.00,0.00,0.00,0.00,Matches
121,Francis Coquelin,fr FRA,MF,Villarreal,30-311,1991,15,6,592,6.6,1,1,1,0,0,2,0,0.15,0.15,0.30,0.15,0.30,0.2,0.2,0.5,0.7,0.03,0.08,0.11,0.03,0.11,Matches
122,Jesús Corona,mx MEX,FWDF,Sevilla,29-073,1993,8,5,509,5.7,0,2,0,0,0,1,0,0.00,0.35,0.35,0.00,0.35,0.5,0.5,0.8,1.3,0.09,0.15,0.24,0.09,0.24,Matches
123,Ángel Correa,ar ARG,FWMF,Atlético Madrid,27-011,1995,29,18,1556,17.3,11,5,11,0,0,3,1,0.64,0.29,0.93,0.64,0.93,5.6,5.6,3.4,9.0,0.33,0.20,0.53,0.33,0.53,Matches
124,Thierry Correia,pt POR,DF,Valencia,23-011,1999,11,10,790,8.8,0,0,0,0,0,3,0,0.00,0.00,0.00,0.00,0.00,0.0,0.0,0.6,0.6,0.00,0.07,0.07,0.00,0.07,Matches
125,Hélder Costa,ao ANG,MFFW,Valencia,28-067,1994,19,11,959,10.7,0,1,0,0,0,3,0,0.00,0.09,0.09,0.00,0.09,0.3,0.3,1.7,2.0,0.03,0.16,0.19,0.03,0.19,Matches
126,Jaume Costa,es ESP,DF,Mallorca,34-002,1988,18,14,1298,14.4,0,3,0,0,0,4,1,0.00,0.21,0.21,0.00,0.21,0.5,0.5,1.8,2.3,0.04,0.13,0.16,0.04,0.16,Matches
127,Thibaut Courtois,be BEL,GK,Real Madrid,29-313,1992,28,28,2520,28.0,0,0,0,0,0,1,0,0.00,0.00,0.00,0.00,0.00,0.0,0.0,0.0,0.0,0.00,0.00,0.00,0.00,0.00,Matches
128,Philippe Coutinho,br BRA,MFFW,Barcelona,29-281,1992,12,5,503,5.6,2,0,1,1,1,1,0,0.36,0.00,0.36,0.18,0.18,2.8,2.0,0.3,2.4,0.50,0.06,0.56,0.36,0.42,Matches
129,Cristo,es ESP,DF,Real Sociedad,21-324,2000,1,0,17,0.2,0,0,0,0,0,0,0,0.00,0.00,0.00,0.00,0.00,0.0,0.0,0.1,0.1,0.03,0.39,0.42,0.03,0.42,Matches
130,Juan Cruz Armada,es ESP,DF,Osasuna,29-235,1992,18,17,1533,17.0,0,0,0,0,0,3,0,0.00,0.00,0.00,0.00,0.00,0.3,0.3,0.0,0.4,0.02,0.00,0.02,0.02,0.02,Matches
131,Marc Cucurella,es ESP,FWDF,Getafe,23-241,1998,1,0,23,0.3,0,0,0,0,0,0,0,0.00,0.00,0.00,0.00,0.00,0.1,0.1,0.1,0.1,0.22,0.23,0.45,0.22,0.45,Matches
132,Jorge Cuenca,es ESP,DF,Getafe,22-123,1999,25,24,2062,22.9,1,0,1,0,0,4,2,0.04,0.00,0.04,0.04,0.04,0.5,0.5,0.1,0.6,0.02,0.00,0.03,0.02,0.03,Matches
133,Matheus Cunha,br BRA,FW,Atlético Madrid,22-297,1999,20,5,652,7.2,5,2,5,0,0,3,0,0.69,0.28,0.97,0.69,0.97,3.6,3.6,1.4,5.1,0.50,0.20,0.70,0.50,0.70,Matches
134,Sergi Darder,es ESP,MF,Espanyol,28-088,1993,26,26,2225,24.7,3,6,3,0,0,2,0,0.12,0.24,0.36,0.12,0.36,2.3,2.3,3.5,5.8,0.09,0.14,0.24,0.09,0.24,Matches
135,Rodrigo De Paul,ar ARG,MF,Atlético Madrid,27-300,1994,27,19,1681,18.7,1,1,1,0,0,6,0,0.05,0.05,0.11,0.05,0.11,0.9,0.9,2.7,3.5,0.05,0.15,0.20,0.05,0.20,Matches
136,Thomas Delaney,dk DEN,MF,Sevilla,30-198,1991,19,11,1094,12.2,2,1,2,0,0,4,1,0.16,0.08,0.25,0.16,0.25,1.0,1.0,0.4,1.4,0.08,0.03,0.12,0.08,0.12,Matches
137,Ousmane Dembélé,fr FRA,FWDF,Barcelona,24-309,1997,11,7,675,7.5,1,7,1,0,0,1,0,0.13,0.93,1.07,0.13,1.07,1.1,1.1,4.4,5.5,0.15,0.59,0.74,0.15,0.74,Matches
138,Yusuf Demir,at AUT,FW,Barcelona,18-291,2003,6,2,192,2.1,0,0,0,0,0,0,0,0.00,0.00,0.00,0.00,0.00,0.1,0.1,0.0,0.1,0.03,0.01,0.04,0.03,0.04,Matches
139,Memphis Depay,nl NED,FW,Barcelona,28-035,1994,19,15,1422,15.8,10,2,6,4,5,3,0,0.63,0.13,0.76,0.38,0.51,9.8,6.0,3.5,9.5,0.62,0.22,0.84,0.38,0.60,Matches
140,Sergiño Dest,us USA,DFFW,Barcelona,21-137,2000,18,15,1353,15.0,0,3,0,0,0,1,0,0.00,0.20,0.20,0.00,0.20,1.5,1.5,2.7,4.2,0.10,0.18,0.28,0.10,0.28,Matches
141,Boulaye Dia,sn SEN,FW,Villarreal,25-124,1996,19,9,938,10.4,5,4,5,0,0,2,0,0.48,0.38,0.86,0.48,0.86,4.4,4.4,1.3,5.8,0.42,0.13,0.55,0.42,0.55,Matches
142,Mouctar Diakhaby,fr FRA,DF,Valencia,25-091,1996,23,15,1423,15.8,0,1,0,0,0,9,0,0.00,0.06,0.06,0.00,0.06,0.3,0.3,0.1,0.4,0.02,0.01,0.03,0.02,0.03,Matches
143,Javier Díaz,es ESP,GK,Sevilla,24-309,1997,1,1,90,1.0,0,0,0,0,0,0,0,0.00,0.00,0.00,0.00,0.00,0.0,0.0,0.0,0.0,0.00,0.00,0.00,0.00,0.00,Matches
144,Víctor Díaz,es ESP,DF,Granada,33-281,1988,15,11,947,10.5,0,0,0,0,0,3,0,0.00,0.00,0.00,0.00,0.00,0.5,0.5,0.1,0.6,0.05,0.01,0.06,0.05,0.06,Matches
145,Landry Dimata,be BEL,FWMF,Espanyol,24-200,1997,16,4,524,5.8,0,0,0,0,0,0,0,0.00,0.00,0.00,0.00,0.00,1.3,1.3,0.2,1.6,0.23,0.04,0.27,0.23,0.27,Matches
146,Stole Dimitrievski,mk MKD,GK,Rayo Vallecano,28-085,1993,22,21,1962,21.8,0,0,0,0,0,0,0,0.00,0.00,0.00,0.00,0.00,0.0,0.0,0.0,0.0,0.00,0.00,0.00,0.00,0.00,Matches
147,Matías Dituro,ar ARG,GK,Celta Vigo,34-316,1987,28,28,2520,28.0,0,0,0,0,0,0,0,0.00,0.00,0.00,0.00,0.00,0.0,0.0,0.0,0.0,0.00,0.00,0.00,0.00,0.00,Matches
148,Djené,tg TOG,DF,Getafe,30-079,1991,27,27,2395,26.6,0,1,0,0,0,9,1,0.00,0.04,0.04,0.00,0.04,0.1,0.1,0.2,0.3,0.00,0.01,0.01,0.00,0.01,Matches
149,Naïs Djouahra,fr FRA,FWMF,Real Sociedad,22-117,1999,5,1,169,1.9,0,0,0,0,0,0,0,0.00,0.00,0.00,0.00,0.00,0.2,0.2,0.0,0.2,0.09,0.02,0.11,0.09,0.11,Matches
150,Marko Dmitrović,rs SRB,GK,Sevilla,30-055,1992,4,4,360,4.0,0,0,0,0,0,0,0,0.00,0.00,0.00,0.00,0.00,0.0,0.0,0.0,0.0,0.00,0.00,0.00,0.00,0.00,Matches
151,Jaume Doménech,es ESP,GK,Valencia,31-135,1990,3,2,253,2.8,0,0,0,0,0,1,0,0.00,0.00,0.00,0.00,0.00,0.0,0.0,0.0,0.0,0.00,0.00,0.00,0.00,0.00,Matches
152,Carlos Dominguez,es ESP,DF,Celta Vigo,21-078,2001,5,3,301,3.3,0,0,0,0,0,1,0,0.00,0.00,0.00,0.00,0.00,0.1,0.1,0.0,0.1,0.03,0.00,0.03,0.03,0.03,Matches
153,Domingos Duarte,pt POR,DF,Granada,27-010,1995,13,11,986,11.0,1,0,1,0,0,4,1,0.09,0.00,0.09,0.09,0.09,0.4,0.4,0.0,0.4,0.04,0.00,0.04,0.04,0.04,Matches
154,Óscar Duarte,cr CRC,DF,Levante,32-290,1989,18,17,1438,16.0,0,0,0,0,0,3,0,0.00,0.00,0.00,0.00,0.00,0.6,0.6,0.3,0.8,0.04,0.02,0.05,0.04,0.05,Matches
155,Rubén Duarte,es ESP,DF,Alavés,26-153,1995,26,25,2144,23.8,0,3,0,0,0,10,1,0.00,0.13,0.13,0.00,0.13,0.4,0.4,1.3,1.8,0.02,0.06,0.08,0.02,0.08,Matches
156,Unai Dufur,es ESP,DF,Osasuna,23-078,1999,1,1,90,1.0,0,0,0,0,0,0,0,0.00,0.00,0.00,0.00,0.00,0.0,0.0,0.0,0.0,0.04,0.00,0.04,0.04,0.04,Matches
157,Hugo Duro,es ESP,DFMF,Getafe,22-130,1999,1,0,12,0.1,0,0,0,0,0,0,0,0.00,0.00,0.00,0.00,0.00,0.1,0.1,0.0,0.1,0.84,0.00,0.84,0.84,0.84,Matches
158,Hugo Duro,es ESP,FWMF,Valencia,22-130,1999,25,18,1499,16.7,6,1,6,0,0,2,1,0.36,0.06,0.42,0.36,0.42,3.6,3.6,0.7,4.3,0.22,0.04,0.26,0.22,0.26,Matches
159,Aritz Elustondo,es ESP,DF,Real Sociedad,27-357,1994,24,19,1774,19.7,4,1,4,0,0,3,1,0.20,0.05,0.25,0.20,0.25,1.9,1.9,0.2,2.1,0.10,0.01,0.11,0.10,0.11,Matches
160,Adri Embarba,es ESP,MFFW,Espanyol,29-317,1992,25,20,1651,18.3,0,2,0,0,0,3,0,0.00,0.11,0.11,0.00,0.11,2.8,2.8,2.2,5.0,0.15,0.12,0.27,0.15,0.27,Matches
161,Emerson,br BRA,DF,Barcelona,23-065,1999,3,1,91,1.0,0,0,0,0,0,0,0,0.00,0.00,0.00,0.00,0.00,0.0,0.0,0.0,0.0,0.00,0.00,0.00,0.00,0.00,Matches
162,Youssef En-Nesyri,ma MAR,FW,Sevilla,24-292,1997,14,9,768,8.5,3,1,2,1,1,0,0,0.35,0.12,0.47,0.23,0.35,3.8,3.0,1.2,4.2,0.44,0.14,0.59,0.36,0.50,Matches
163,Gonzalo Escalante,ar ARG,MF,Alavés,28-358,1993,10,8,731,8.1,2,0,2,0,0,3,0,0.25,0.00,0.25,0.25,0.25,0.9,0.9,0.0,0.9,0.12,0.00,0.13,0.12,0.13,Matches
164,Aarón Escandell,es ESP,GK,Granada,26-174,1995,4,3,284,3.2,0,0,0,0,0,1,1,0.00,0.00,0.00,0.00,0.00,0.0,0.0,0.0,0.0,0.00,0.00,0.00,0.00,0.00,Matches
165,Sergio Escudero,es ESP,DFMF,Granada,32-199,1989,19,7,739,8.2,1,1,1,0,0,3,0,0.12,0.12,0.24,0.12,0.24,0.9,0.9,1.0,1.9,0.12,0.14,0.26,0.12,0.26,Matches
166,Alfonso Espino,uy URU,DF,Cádiz,30-074,1992,27,27,2429,27.0,2,2,2,0,0,5,0,0.07,0.07,0.15,0.07,0.15,0.9,0.7,3.2,3.9,0.03,0.12,0.15,0.02,0.14,Matches
167,Estanis,es ESP,FW,Barcelona,18-208,2003,1,0,11,0.1,0,0,0,0,0,0,0,0.00,0.00,0.00,0.00,0.00,0.0,0.0,0.0,0.0,0.00,0.00,0.00,0.00,0.00,Matches
168,Pervis Estupiñán,ec ECU,DF,Villarreal,24-058,1998,22,14,1268,14.1,0,1,0,0,0,3,0,0.00,0.07,0.07,0.00,0.07,0.6,0.6,1.7,2.2,0.04,0.12,0.16,0.04,0.16,Matches
169,Abdessamad Ezzalzouli,ma MAR,FWDF,Barcelona,20-093,2001,10,6,580,6.4,1,0,1,0,0,4,0,0.16,0.00,0.16,0.16,0.16,1.3,1.3,0.6,1.9,0.20,0.09,0.29,0.20,0.29,Matches
170,Radamel Falcao,co COL,FW,Rayo Vallecano,36-038,1986,17,7,666,7.4,5,0,5,0,0,1,0,0.68,0.00,0.68,0.68,0.68,2.9,2.9,0.2,3.1,0.39,0.02,0.42,0.39,0.42,Matches
171,Fali,es ESP,DFMF,Cádiz,28-220,1993,21,18,1359,15.1,0,2,0,0,0,5,0,0.00,0.13,0.13,0.00,0.13,0.3,0.3,0.4,0.7,0.02,0.03,0.05,0.02,0.05,Matches
172,Ansu Fati,es ESP,FW,Barcelona,19-140,2002,5,3,213,2.4,3,0,3,0,0,0,0,1.27,0.00,1.27,1.27,1.27,1.0,1.0,0.7,1.7,0.44,0.29,0.74,0.44,0.74,Matches
173,Aleix Febas,es ESP,MF,Mallorca,26-046,1996,4,1,117,1.3,0,0,0,0,0,1,0,0.00,0.00,0.00,0.00,0.00,0.0,0.0,0.1,0.1,0.00,0.05,0.05,0.00,0.05,Matches
174,Nabil Fekir,fr FRA,MF,Betis,28-245,1993,26,25,2147,23.9,6,6,6,0,0,7,1,0.25,0.25,0.50,0.25,0.50,4.2,4.2,5.9,10.1,0.18,0.25,0.42,0.18,0.42,Matches
175,Felipe,br BRA,DF,Atlético Madrid,32-308,1989,19,12,1203,13.4,2,1,2,0,0,4,1,0.15,0.07,0.22,0.15,0.22,0.9,0.9,0.4,1.3,0.07,0.03,0.10,0.07,0.10,Matches
176,João Félix,pt POR,FWMF,Atlético Madrid,22-130,1999,21,11,1099,12.2,6,4,6,0,0,3,1,0.49,0.33,0.82,0.49,0.82,3.9,3.9,1.9,5.8,0.34,0.16,0.50,0.34,0.50,Matches
177,Aitor Fernández,es ESP,GK,Levante,30-321,1991,13,13,1166,13.0,0,0,0,0,0,1,1,0.00,0.00,0.00,0.00,0.00,0.0,0.0,0.0,0.0,0.00,0.00,0.00,0.00,0.00,Matches
178,Álex Fernández,es ESP,MF,Cádiz,29-156,1992,24,16,1508,16.8,3,1,2,1,2,2,0,0.18,0.06,0.24,0.12,0.18,2.4,0.9,0.6,1.5,0.14,0.03,0.18,0.05,0.09,Matches
179,Fernando,br BRA,MFDF,Sevilla,34-238,1987,24,21,1850,20.6,1,1,1,0,0,6,0,0.05,0.05,0.10,0.05,0.10,0.6,0.6,0.3,0.9,0.03,0.01,0.04,0.03,0.04,Matches
180,Fidel,es ESP,MF,Elche,32-144,1989,25,23,1812,20.1,5,3,4,1,1,8,0,0.25,0.15,0.40,0.20,0.35,2.3,1.5,3.4,4.9,0.11,0.17,0.28,0.08,0.24,Matches
181,José Fontán,es ESP,DF,Celta Vigo,22-037,2000,5,2,178,2.0,0,0,0,0,0,2,0,0.00,0.00,0.00,0.00,0.00,0.1,0.1,0.0,0.2,0.06,0.02,0.08,0.06,0.08,Matches
182,Dimitri Foulquier,fr FRA,DF,Granada,28-362,1993,2,2,180,2.0,0,0,0,0,0,0,0,0.00,0.00,0.00,0.00,0.00,0.0,0.0,0.0,0.0,0.00,0.01,0.01,0.00,0.01,Matches
183,Dimitri Foulquier,fr FRA,DF,Valencia,28-362,1993,22,20,1829,20.3,0,1,0,0,0,9,0,0.00,0.05,0.05,0.00,0.05,0.7,0.7,0.4,1.0,0.03,0.02,0.05,0.03,0.05,Matches
184,Juan Foyth,ar ARG,DF,Villarreal,24-067,1998,18,17,1468,16.3,0,0,0,0,0,5,1,0.00,0.00,0.00,0.00,0.00,0.1,0.1,1.4,1.4,0.00,0.09,0.09,0.00,0.09,Matches
185,Enric Franquesa,es ESP,DF,Levante,25-022,1997,15,5,580,6.4,0,0,0,0,0,1,0,0.00,0.00,0.00,0.00,0.00,0.0,0.0,0.1,0.1,0.00,0.02,0.02,0.00,0.02,Matches
186,Jorge de Frutos,es ESP,MFFW,Levante,25-028,1997,25,20,1760,19.6,4,7,4,0,0,4,0,0.20,0.36,0.56,0.20,0.56,5.9,5.9,3.3,9.2,0.30,0.17,0.47,0.30,0.47,Matches
187,Javi Galán,es ESP,DF,Celta Vigo,27-121,1994,28,28,2488,27.6,0,2,0,0,0,4,0,0.00,0.07,0.07,0.00,0.07,0.3,0.3,1.0,1.3,0.01,0.04,0.05,0.01,0.05,Matches
188,Iñigo Ruiz de Galarreta,es ESP,MF,Mallorca,28-226,1993,22,17,1378,15.3,0,0,0,0,0,4,0,0.00,0.00,0.00,0.00,0.00,0.4,0.4,0.7,1.1,0.03,0.04,0.07,0.03,0.07,Matches
189,Thiago Galhardo,br BRA,FWMF,Celta Vigo,32-243,1989,22,4,676,7.5,1,1,1,0,0,3,0,0.13,0.13,0.27,0.13,0.27,1.6,1.6,1.5,3.1,0.21,0.20,0.41,0.21,0.41,Matches
190,Álvaro García,es ESP,FWMF,Rayo Vallecano,29-144,1992,26,24,2117,23.5,5,2,5,0,0,5,0,0.21,0.09,0.30,0.21,0.30,5.4,5.4,3.3,8.7,0.24,0.15,0.39,0.24,0.39,Matches
191,Dani García,es ESP,MF,Athletic Club,31-300,1990,25,22,1808,20.1,0,0,0,0,0,7,0,0.00,0.00,0.00,0.00,0.00,0.8,0.8,0.5,1.3,0.04,0.02,0.06,0.04,0.06,Matches
192,David García,es ESP,DF,Osasuna,28-034,1994,27,27,2385,26.5,4,0,4,0,0,6,0,0.15,0.00,0.15,0.15,0.15,1.1,1.1,0.2,1.3,0.04,0.01,0.05,0.04,0.05,Matches
193,Eric García,es ESP,DF,Barcelona,21-070,2001,18,17,1420,15.8,0,0,0,0,0,4,1,0.00,0.00,0.00,0.00,0.00,0.1,0.1,0.1,0.2,0.01,0.01,0.01,0.01,0.01,Matches
194,Francisco Garcia,es ESP,DF,Rayo Vallecano,22-218,1999,26,26,2322,25.8,1,0,1,0,0,3,0,0.04,0.00,0.04,0.04,0.04,0.7,0.7,1.0,1.7,0.03,0.04,0.07,0.03,0.07,Matches
195,Joan García,es ESP,GK,Espanyol,20-320,2001,2,1,108,1.2,0,0,0,0,0,0,0,0.00,0.00,0.00,0.00,0.00,0.0,0.0,0.0,0.0,0.00,0.00,0.00,0.00,0.00,Matches
196,Manu García,es ESP,MF,Alavés,24-077,1998,19,7,749,8.3,0,0,0,0,0,1,0,0.00,0.00,0.00,0.00,0.00,0.1,0.1,0.8,0.9,0.02,0.09,0.11,0.02,0.11,Matches
197,Raúl García,es ESP,FW,Athletic Club,35-252,1986,26,18,1382,15.4,4,1,4,0,1,2,0,0.26,0.07,0.33,0.26,0.33,4.5,3.8,2.3,6.1,0.29,0.15,0.45,0.25,0.40,Matches
198,Rubén García,es ESP,MFFW,Osasuna,28-249,1993,28,25,1973,21.9,1,4,1,0,1,1,0,0.05,0.18,0.23,0.05,0.23,2.2,1.4,2.6,4.0,0.10,0.12,0.22,0.06,0.18,Matches
199,Saúl García,es ESP,FW,Alavés,27-131,1994,1,0,4,0.0,0,0,0,0,0,0,0,0.00,0.00,0.00,0.00,0.00,0.0,0.0,0.0,0.0,0.00,0.00,0.00,0.00,0.00,Matches
200,Unai García,es ESP,DF,Osasuna,30-045,1992,16,13,1228,13.6,0,0,0,0,0,5,0,0.00,0.00,0.00,0.00,0.00,0.3,0.3,0.0,0.4,0.02,0.00,0.03,0.02,0.03,Matches
201,Mario Gaspar,es ESP,DF,Villarreal,31-116,1990,7,4,362,4.0,0,0,0,0,0,1,0,0.00,0.00,0.00,0.00,0.00,0.2,0.2,0.5,0.7,0.05,0.14,0.18,0.05,0.18,Matches
202,Óscar Gil,es ESP,DF,Espanyol,24-328,1997,18,16,1390,15.4,0,2,0,0,0,6,0,0.00,0.13,0.13,0.00,0.13,0.3,0.3,2.3,2.6,0.02,0.15,0.17,0.02,0.17,Matches
203,Dani Gómez,es ESP,FW,Levante,23-233,1998,21,6,663,7.4,3,2,3,0,0,1,0,0.41,0.27,0.68,0.41,0.68,2.8,2.8,1.5,4.3,0.38,0.20,0.58,0.38,0.58,Matches
204,Maxi Gómez,uy URU,FW,Valencia,25-218,1996,23,17,1589,17.7,3,1,3,0,0,7,1,0.17,0.06,0.23,0.17,0.23,3.6,3.6,1.8,5.4,0.20,0.10,0.31,0.20,0.31,Matches
205,Moi Gómez,es ESP,MFFW,Villarreal,27-270,1994,23,9,985,10.9,1,2,1,0,0,2,0,0.09,0.18,0.27,0.09,0.27,2.4,2.4,1.7,4.1,0.22,0.15,0.37,0.22,0.37,Matches
206,Papu Gómez,ar ARG,FWMF,Sevilla,34-033,1988,21,13,1298,14.4,4,1,4,0,0,2,0,0.28,0.07,0.35,0.28,0.35,1.6,1.5,1.0,2.5,0.11,0.07,0.18,0.10,0.18,Matches
207,Sergi Gómez,es ESP,DF,Espanyol,29-357,1992,25,25,2191,24.3,1,2,1,0,0,1,1,0.04,0.08,0.12,0.04,0.12,0.8,0.8,0.8,1.6,0.03,0.03,0.07,0.03,0.07,Matches
208,Maxime Gonalons,fr FRA,MF,Granada,33-010,1989,19,17,1256,14.0,0,1,0,0,0,6,0,0.00,0.07,0.07,0.00,0.07,0.4,0.4,0.7,1.1,0.02,0.05,0.07,0.02,0.07,Matches
209,Diego González,es ESP,DF,Elche,27-051,1995,22,15,1403,15.6,0,0,0,0,0,3,1,0.00,0.00,0.00,0.00,0.00,0.2,0.2,0.1,0.3,0.01,0.00,0.02,0.01,0.02,Matches
210,Édgar González,es ESP,DF,Betis,24-353,1997,19,13,1364,15.2,1,1,1,0,0,6,0,0.07,0.07,0.13,0.07,0.13,0.8,0.8,0.6,1.5,0.06,0.04,0.10,0.06,0.10,Matches
211,Giovanni González,uy URU,DF,Mallorca,27-181,1994,4,1,107,1.2,1,0,1,0,0,0,0,0.84,0.00,0.84,0.84,0.84,0.5,0.5,0.1,0.6,0.43,0.06,0.49,0.43,0.49,Matches
212,Nicolás González,es ESP,MF,Barcelona,20-076,2002,23,11,1022,11.4,2,1,2,0,0,5,0,0.18,0.09,0.26,0.18,0.26,1.4,1.4,1.2,2.6,0.12,0.11,0.23,0.12,0.23,Matches
213,Peter González,do DOM,DFFW,Real Madrid,19-238,2002,2,0,11,0.1,0,0,0,0,0,0,0,0.00,0.00,0.00,0.00,0.00,0.2,0.2,0.3,0.5,1.66,2.15,3.81,1.66,3.81,Matches
214,Roberto González,es ESP,FWMF,Betis,21-073,2001,4,1,135,1.5,0,0,0,0,0,0,0,0.00,0.00,0.00,0.00,0.00,0.2,0.2,0.0,0.2,0.10,0.00,0.10,0.10,0.10,Matches
215,Gori,es ESP,MF,Espanyol,19-309,2002,1,0,9,0.1,0,0,0,0,0,1,0,0.00,0.00,0.00,0.00,0.00,0.0,0.0,0.0,0.0,0.00,0.00,0.00,0.00,0.00,Matches
216,Andoni Gorosabel,es ESP,DF,Real Sociedad,25-228,1996,22,19,1704,18.9,0,1,0,0,0,3,0,0.00,0.05,0.05,0.00,0.05,0.1,0.1,1.4,1.6,0.01,0.08,0.08,0.01,0.08,Matches
217,Jaume Grau,es ESP,MF,Osasuna,24-319,1997,1,0,3,0.0,0,0,0,0,0,0,0,0.00,0.00,0.00,0.00,0.00,0.0,0.0,0.0,0.0,0.00,0.00,0.00,0.00,0.00,Matches
218,Dominik Greif,sk SVK,GK,Mallorca,24-348,1997,1,1,90,1.0,0,0,0,0,0,0,0,0.00,0.00,0.00,0.00,0.00,0.0,0.0,0.0,0.0,0.00,0.00,0.00,0.00,0.00,Matches
219,Clément Grenier,fr FRA,MF,Mallorca,31-072,1991,1,0,5,0.1,0,0,0,0,0,0,0,0.00,0.00,0.00,0.00,0.00,0.0,0.0,0.0,0.0,0.00,0.00,0.00,0.00,0.00,Matches
220,Antoine Griezmann,fr FRA,FW,Barcelona,30-364,1991,3,3,263,2.9,0,0,0,0,0,0,0,0.00,0.00,0.00,0.00,0.00,0.4,0.4,0.0,0.4,0.12,0.00,0.12,0.12,0.12,Matches
221,Antoine Griezmann,fr FRA,FWMF,Atlético Madrid,30-364,1991,17,14,1116,12.4,3,2,3,0,0,2,0,0.24,0.16,0.40,0.24,0.40,2.6,2.6,2.1,4.7,0.23,0.18,0.41,0.23,0.41,Matches
222,Arnaut Groeneveld,nl NED,FW,Villarreal,25-048,1997,18,15,1222,13.6,8,3,6,2,2,1,0,0.59,0.22,0.81,0.44,0.66,10.3,8.7,1.7,10.4,0.76,0.12,0.88,0.64,0.77,Matches
223,Andrés Guardado,mx MEX,MF,Betis,35-173,1986,22,13,1114,12.4,0,1,0,0,0,3,0,0.00,0.08,0.08,0.00,0.08,0.7,0.7,0.5,1.2,0.06,0.04,0.09,0.06,0.09,Matches
224,Sergi Guardiola,es ESP,FW,Rayo Vallecano,30-295,1991,23,13,1132,12.6,3,2,3,0,0,2,0,0.24,0.16,0.40,0.24,0.40,4.7,4.7,0.9,5.6,0.40,0.07,0.48,0.40,0.48,Matches
225,Nemanja Gudelj,rs SRB,DFMF,Sevilla,30-124,1991,14,5,653,7.3,0,0,0,0,0,3,0,0.00,0.00,0.00,0.00,0.00,0.1,0.1,0.1,0.2,0.01,0.01,0.02,0.01,0.02,Matches
226,Gonçalo Guedes,pt POR,FWMF,Valencia,25-111,1996,28,26,2180,24.2,11,5,10,1,2,2,0,0.45,0.21,0.66,0.41,0.62,6.1,4.5,3.5,8.0,0.25,0.14,0.40,0.18,0.33,Matches
227,Ander Guevara,es ESP,MF,Real Sociedad,24-256,1997,15,11,851,9.5,0,0,0,0,0,2,0,0.00,0.00,0.00,0.00,0.00,0.1,0.1,0.2,0.2,0.01,0.02,0.03,0.01,0.03,Matches
228,John Guidetti,se SWE,FWMF,Alavés,29-339,1992,9,2,278,3.1,0,0,0,0,0,1,0,0.00,0.00,0.00,0.00,0.00,0.5,0.5,0.3,0.8,0.17,0.10,0.27,0.17,0.27,Matches
229,Hugo Guillamón,es ESP,MFDF,Valencia,22-048,2000,26,24,2006,22.3,1,0,1,0,0,8,1,0.04,0.00,0.04,0.04,0.04,0.3,0.3,0.4,0.7,0.01,0.02,0.03,0.01,0.03,Matches
230,Gerard Gumbau,es ESP,MF,Elche,27-092,1994,22,13,1267,14.1,0,2,0,0,0,6,1,0.00,0.14,0.14,0.00,0.14,0.4,0.4,1.4,1.7,0.03,0.10,0.12,0.03,0.12,Matches
231,Jon Guridi,es ESP,MF,Real Sociedad,27-020,1995,4,1,133,1.5,0,0,0,0,0,0,0,0.00,0.00,0.00,0.00,0.00,0.0,0.0,0.0,0.0,0.00,0.00,0.00,0.00,0.00,Matches
232,Raúl Guti,es ESP,MF,Elche,25-080,1996,22,13,1221,13.6,0,0,0,0,0,4,1,0.00,0.00,0.00,0.00,0.00,0.5,0.5,0.2,0.7,0.04,0.01,0.05,0.04,0.05,Matches
233,Marcos Mauro López Gutiérrez,ar ARG,DF,Cádiz,31-070,1991,3,1,136,1.5,0,0,0,0,0,1,0,0.00,0.00,0.00,0.00,0.00,0.0,0.0,0.0,0.0,0.00,0.00,0.00,0.00,0.00,Matches
234,Miguel Gutiérrez,es ESP,DF,Real Madrid,20-236,2001,3,3,260,2.9,0,1,0,0,0,1,0,0.00,0.35,0.35,0.00,0.35,0.0,0.0,0.5,0.5,0.00,0.17,0.17,0.00,0.17,Matches
235,Munir El Haddadi,ma MAR,FW,Sevilla,26-200,1995,15,3,429,4.8,2,0,2,0,0,2,0,0.42,0.00,0.42,0.42,0.42,1.6,1.6,0.6,2.2,0.33,0.12,0.45,0.33,0.45,Matches
236,Varazdat Haroyan,am ARM,DF,Cádiz,29-208,1992,17,16,1437,16.0,1,0,1,0,0,9,0,0.06,0.00,0.06,0.06,0.06,0.6,0.6,0.2,0.8,0.04,0.01,0.05,0.04,0.05,Matches
237,Eden Hazard,be BEL,FWMF,Real Madrid,31-072,1991,17,7,690,7.7,0,1,0,0,0,2,0,0.00,0.13,0.13,0.00,0.13,1.2,1.2,2.5,3.7,0.15,0.33,0.48,0.15,0.48,Matches
238,Kike Hermoso,es ESP,DF,Betis,22-222,1999,1,1,90,1.0,1,0,1,0,0,0,0,1.00,0.00,1.00,1.00,1.00,0.2,0.2,0.0,0.2,0.16,0.00,0.16,0.16,0.16,Matches
239,Mario Hermoso,es ESP,DF,Atlético Madrid,26-275,1995,24,19,1685,18.7,2,1,2,0,0,4,1,0.11,0.05,0.16,0.11,0.16,2.0,2.0,0.6,2.5,0.10,0.03,0.14,0.10,0.14,Matches
240,Aridane Hernández,gq EQG,DF,Osasuna,32-362,1989,8,6,574,6.4,0,0,0,0,0,1,0,0.00,0.00,0.00,0.00,0.00,0.1,0.1,0.0,0.2,0.02,0.00,0.03,0.02,0.03,Matches
241,Luis Hernández,es ESP,DF,Cádiz,32-340,1989,6,5,466,5.2,0,0,0,0,0,1,0,0.00,0.00,0.00,0.00,0.00,0.3,0.3,0.0,0.3,0.05,0.01,0.06,0.05,0.06,Matches
242,Mario Hernández,es ESP,DFFW,Rayo Vallecano,23-054,1999,3,2,145,1.6,1,0,1,0,0,0,0,0.62,0.00,0.62,0.62,0.62,0.4,0.4,0.0,0.4,0.23,0.00,0.23,0.23,0.23,Matches
243,Héctor Herrera,mx MEX,MF,Atlético Madrid,31-335,1990,18,7,763,8.5,0,0,0,0,0,4,0,0.00,0.00,0.00,0.00,0.00,0.5,0.5,0.4,0.8,0.06,0.05,0.11,0.06,0.11,Matches
244,Sergio Herrera,es ESP,GK,Osasuna,28-288,1993,28,28,2520,28.0,0,0,0,0,0,3,0,0.00,0.00,0.00,0.00,0.00,0.0,0.0,0.0,0.0,0.00,0.00,0.00,0.00,0.00,Matches
245,Yangel Herrera,ve VEN,MF,Espanyol,24-072,1998,15,11,996,11.1,1,1,1,0,0,3,0,0.09,0.09,0.18,0.09,0.18,0.8,0.8,0.7,1.5,0.07,0.07,0.14,0.07,0.14,Matches
246,Matthew Hoppe,us USA,FW,Mallorca,21-007,2001,4,1,129,1.4,0,1,0,0,0,0,0,0.00,0.70,0.70,0.00,0.70,0.1,0.1,0.2,0.3,0.07,0.11,0.18,0.07,0.18,Matches
247,Robert Ibáñez,es ESP,MF,Osasuna,28-363,1993,4,1,93,1.0,0,0,0,0,0,0,0,0.00,0.00,0.00,0.00,0.00,0.4,0.4,0.2,0.6,0.38,0.16,0.55,0.38,0.55,Matches
248,Vicente Iborra,es ESP,MF,Villarreal,34-063,1988,14,8,715,7.9,0,1,0,0,0,4,0,0.00,0.13,0.13,0.00,0.13,0.4,0.4,0.6,1.0,0.05,0.08,0.13,0.05,0.13,Matches
249,Oussama Idrissi,ma MAR,FWMF,Sevilla,26-022,1996,5,2,127,1.4,0,0,0,0,0,1,0,0.00,0.00,0.00,0.00,0.00,0.1,0.1,0.1,0.2,0.08,0.08,0.16,0.08,0.16,Matches
250,Oussama Idrissi,ma MAR,MF,Cádiz,26-022,1996,4,3,232,2.6,1,1,1,0,0,1,0,0.39,0.39,0.78,0.39,0.78,0.7,0.7,0.4,1.1,0.27,0.15,0.42,0.27,0.42,Matches
251,Iglesias,es ESP,DF,Getafe,23-260,1998,15,5,484,5.4,0,1,0,0,0,0,0,0.00,0.19,0.19,0.00,0.19,0.1,0.1,0.8,0.9,0.01,0.15,0.16,0.01,0.16,Matches
252,Borja Iglesias,es ESP,FW,Betis,29-062,1993,24,13,1078,12.0,8,0,6,2,2,4,0,0.67,0.00,0.67,0.50,0.50,6.9,5.4,1.8,7.2,0.58,0.15,0.73,0.45,0.60,Matches
253,Asier Illarramendi,es ESP,MF,Real Sociedad,32-012,1990,4,3,184,2.0,0,0,0,0,0,1,0,0.00,0.00,0.00,0.00,0.00,0.0,0.0,0.0,0.0,0.00,0.00,0.00,0.00,0.00,Matches
254,Nikita Iosifov,ru RUS,MF,Villarreal,20-343,2001,1,0,1,0.0,0,0,0,0,0,0,0,0.00,0.00,0.00,0.00,0.00,0.0,0.0,0.0,0.0,0.00,0.00,0.00,0.00,0.00,Matches
255,Alexander Isak,se SWE,FW,Real Sociedad,22-180,1999,23,19,1521,16.9,4,2,3,1,1,2,0,0.24,0.12,0.36,0.18,0.30,5.9,5.2,2.3,7.5,0.35,0.14,0.49,0.31,0.44,Matches
256,Isco,es ESP,MFFW,Real Madrid,29-333,1992,10,2,199,2.2,1,0,1,0,0,1,0,0.45,0.00,0.45,0.45,0.45,0.5,0.5,0.4,0.9,0.18,0.12,0.30,0.18,0.30,Matches
257,Nicolas Jackson,sn SEN,FW,Villarreal,20-273,2001,5,0,61,0.7,0,0,0,0,0,0,0,0.00,0.00,0.00,0.00,0.00,0.5,0.5,0.0,0.5,0.78,0.00,0.78,0.78,0.78,Matches
258,Jakub Jankto,cz CZE,DFMF,Getafe,26-060,1996,13,5,506,5.6,0,1,0,0,0,1,1,0.00,0.18,0.18,0.00,0.18,0.2,0.2,0.1,0.3,0.03,0.03,0.06,0.03,0.06,Matches
259,Adnan Januzaj,be BEL,FWMF,Real Sociedad,27-043,1995,24,14,1238,13.8,2,0,1,1,1,4,0,0.15,0.00,0.15,0.07,0.07,2.7,1.9,2.9,4.8,0.19,0.21,0.40,0.14,0.35,Matches
260,Jason,es ESP,MFFW,Alavés,27-257,1994,9,6,433,4.8,0,0,0,0,0,0,0,0.00,0.00,0.00,0.00,0.00,0.3,0.3,0.6,0.9,0.06,0.13,0.20,0.06,0.20,Matches
261,Jason,es ESP,MFDF,Valencia,27-257,1994,5,1,75,0.8,0,0,0,0,0,2,0,0.00,0.00,0.00,0.00,0.00,0.1,0.1,0.1,0.2,0.07,0.17,0.24,0.07,0.24,Matches
262,Luis Javier Suárez,co COL,FW,Granada,24-108,1997,28,26,2246,25.0,7,3,7,0,1,4,0,0.28,0.12,0.40,0.28,0.40,8.1,7.3,2.3,9.7,0.32,0.09,0.41,0.29,0.38,Matches
263,Álvaro Jiménez,es ESP,MFFW,Cádiz,26-305,1995,9,1,234,2.6,0,0,0,0,0,0,0,0.00,0.00,0.00,0.00,0.00,0.1,0.1,0.1,0.2,0.05,0.03,0.08,0.05,0.08,Matches
264,Joaquín,es ESP,FWMF,Betis,40-242,1981,12,1,234,2.6,0,1,0,0,0,0,0,0.00,0.38,0.38,0.00,0.38,0.4,0.4,1.1,1.5,0.16,0.43,0.59,0.16,0.59,Matches
265,Jofre,es ESP,DFMF,Espanyol,20-276,2001,2,0,16,0.2,0,1,0,0,0,0,0,0.00,5.63,5.63,0.00,5.63,0.0,0.0,0.3,0.3,0.00,1.97,1.97,0.00,1.97,Matches
266,Frenkie de Jong,nl NED,MF,Barcelona,24-312,1997,22,20,1692,18.8,3,3,3,0,0,5,1,0.16,0.16,0.32,0.16,0.32,4.0,4.0,2.3,6.3,0.21,0.12,0.33,0.21,0.33,Matches
267,Luuk de Jong,nl NED,FW,Barcelona,31-205,1990,15,6,577,6.4,5,0,5,0,0,0,0,0.78,0.00,0.78,0.78,0.78,3.3,3.3,0.2,3.5,0.52,0.03,0.55,0.52,0.55,Matches
268,Joan Jordán,es ESP,MF,Sevilla,27-257,1994,27,23,1848,20.5,0,1,0,0,0,5,0,0.00,0.05,0.05,0.00,0.05,0.8,0.8,1.2,2.1,0.04,0.06,0.10,0.04,0.10,Matches
269,Josan,es ESP,DFMF,Elche,32-107,1989,22,6,751,8.3,1,1,1,0,0,1,0,0.12,0.12,0.24,0.12,0.24,0.8,0.8,1.7,2.5,0.10,0.20,0.30,0.10,0.30,Matches
270,Willian José,br BRA,FW,Betis,30-117,1991,23,14,1209,13.4,8,4,5,3,3,2,0,0.60,0.30,0.89,0.37,0.67,5.7,3.5,2.5,5.9,0.43,0.19,0.61,0.26,0.44,Matches
271,Joselu,es ESP,FW,Alavés,31-358,1990,29,27,2402,26.7,12,2,6,6,7,0,0,0.45,0.07,0.52,0.22,0.30,9.6,5.0,2.9,7.9,0.37,0.11,0.48,0.19,0.30,Matches
272,Josema,es ESP,DF,Elche,25-287,1996,6,1,183,2.0,0,0,0,0,0,0,0,0.00,0.00,0.00,0.00,0.00,0.0,0.0,0.1,0.1,0.00,0.05,0.05,0.00,0.05,Matches
273,Luka Jović,rs SRB,FW,Real Madrid,24-087,1997,13,0,293,3.3,1,2,1,0,0,0,0,0.31,0.61,0.92,0.31,0.92,1.9,1.9,0.8,2.7,0.59,0.25,0.83,0.59,0.83,Matches
274,Miguel Juan Llambrich,es ESP,DF,Espanyol,26-061,1996,2,1,70,0.8,0,0,0,0,0,0,0,0.00,0.00,0.00,0.00,0.00,0.0,0.0,0.0,0.0,0.00,0.00,0.00,0.00,0.00,Matches
275,José Juan Macías,mx MEX,FWMF,Getafe,22-179,1999,7,2,201,2.2,0,0,0,0,0,1,0,0.00,0.00,0.00,0.00,0.00,0.2,0.2,0.0,0.2,0.09,0.00,0.09,0.09,0.09,Matches
276,Juanmi,es ESP,FW,Betis,28-304,1993,23,18,1456,16.2,12,1,12,0,0,5,0,0.74,0.06,0.80,0.74,0.80,7.7,7.7,1.0,8.6,0.47,0.06,0.53,0.47,0.53,Matches
277,Lago Junior,ci CIV,FWMF,Mallorca,31-079,1990,6,1,177,2.0,0,0,0,0,0,0,0,0.00,0.00,0.00,0.00,0.00,0.3,0.3,0.0,0.3,0.16,0.00,0.16,0.16,0.16,Matches
278,Vinicius Júnior,br BRA,FW,Real Madrid,21-251,2000,26,24,2111,23.5,14,6,14,0,0,6,0,0.60,0.26,0.85,0.60,0.85,10.3,10.3,5.6,15.9,0.44,0.24,0.68,0.44,0.68,Matches
279,Jutglà,es ESP,FW,Barcelona,23-047,1999,6,4,301,3.3,1,0,1,0,0,1,0,0.30,0.00,0.30,0.30,0.30,1.6,1.6,0.4,2.0,0.47,0.13,0.60,0.47,0.60,Matches
280,Jens Jønsson,dk DEN,MF,Cádiz,29-069,1993,20,15,1149,12.8,0,1,0,0,0,2,0,0.00,0.08,0.08,0.00,0.08,0.3,0.3,0.9,1.2,0.02,0.07,0.09,0.02,0.09,Matches
281,Lee Kangin,kr KOR,MFFW,Mallorca,21-029,2001,22,13,1160,12.9,1,2,1,0,0,4,1,0.08,0.16,0.23,0.08,0.23,1.4,1.4,2.1,3.5,0.11,0.16,0.27,0.11,0.27,Matches
282,Kike,es ESP,FW,Osasuna,32-115,1989,27,17,1645,18.3,5,1,4,1,1,1,0,0.27,0.05,0.33,0.22,0.27,6.7,5.9,2.0,7.9,0.37,0.11,0.48,0.32,0.43,Matches
283,Koba Koindredi,fr FRA,MF,Valencia,20-144,2001,9,1,167,1.9,0,0,0,0,0,1,0,0.00,0.00,0.00,0.00,0.00,0.0,0.0,0.0,0.0,0.01,0.00,0.01,0.01,0.01,Matches
284,Koke,es ESP,MF,Atlético Madrid,30-071,1992,23,22,1897,21.1,1,1,1,0,0,5,0,0.05,0.05,0.09,0.05,0.09,0.9,0.9,0.9,1.8,0.04,0.05,0.09,0.04,0.09,Matches
285,Geoffrey Kondogbia,cf CTA,MFDF,Atlético Madrid,29-033,1993,20,13,1208,13.4,1,2,1,0,0,9,1,0.07,0.15,0.22,0.07,0.22,0.3,0.3,0.5,0.7,0.02,0.04,0.06,0.02,0.06,Matches
286,Jules Koundé,fr FRA,DF,Sevilla,23-128,1998,22,21,1836,20.4,0,1,0,0,0,2,2,0.00,0.05,0.05,0.00,0.05,0.4,0.4,1.8,2.2,0.02,0.09,0.11,0.02,0.11,Matches
287,Toni Kroos,de GER,MF,Real Madrid,32-075,1990,19,19,1615,17.9,1,3,1,0,0,2,0,0.06,0.17,0.22,0.06,0.22,1.9,1.9,2.6,4.5,0.10,0.15,0.25,0.10,0.25,Matches
288,Takefusa Kubo,jp JPN,FWMF,Mallorca,20-289,2001,19,15,1246,13.8,1,0,1,0,0,3,0,0.07,0.00,0.07,0.07,0.07,2.3,2.3,2.4,4.7,0.17,0.18,0.34,0.17,0.34,Matches
289,Víctor Laguardia,es ESP,DF,Alavés,32-135,1989,26,26,2333,25.9,2,1,2,0,0,7,0,0.08,0.04,0.12,0.08,0.12,1.1,1.1,0.0,1.1,0.05,0.00,0.05,0.05,0.05,Matches
290,Diego Lainez,mx MEX,FWMF,Betis,21-284,2000,5,1,100,1.1,0,0,0,0,0,0,0,0.00,0.00,0.00,0.00,0.00,0.1,0.1,0.2,0.3,0.05,0.18,0.23,0.05,0.23,Matches
291,Érik Lamela,ar ARG,FW,Sevilla,30-016,1992,12,5,604,6.7,4,1,4,0,0,4,0,0.60,0.15,0.75,0.60,0.75,1.8,1.8,1.0,2.8,0.26,0.15,0.42,0.26,0.42,Matches
292,Toni Lato,es ESP,DFMF,Valencia,24-119,1997,11,7,590,6.6,0,1,0,0,0,5,0,0.00,0.15,0.15,0.00,0.15,0.0,0.0,0.5,0.5,0.00,0.07,0.07,0.00,0.07,Matches
293,Robin Le Normand,fr FRA,DF,Real Sociedad,25-129,1996,28,28,2520,28.0,0,1,0,0,0,3,0,0.00,0.04,0.04,0.00,0.04,0.9,0.9,0.1,1.0,0.03,0.00,0.04,0.03,0.04,Matches
294,Jeremías Ledesma,ar ARG,GK,Cádiz,29-035,1993,28,28,2520,28.0,0,0,0,0,0,4,0,0.00,0.00,0.00,0.00,0.00,0.0,0.0,0.0,0.0,0.00,0.00,0.00,0.00,0.00,Matches
295,Wu Lei,cn CHN,FWMF,Espanyol,30-121,1991,16,3,331,3.7,0,0,0,0,0,0,0,0.00,0.00,0.00,0.00,0.00,0.4,0.4,0.6,1.1,0.12,0.17,0.29,0.12,0.29,Matches
296,Florian Lejeune,fr FRA,DF,Alavés,30-304,1991,21,21,1889,21.0,0,0,0,0,0,8,1,0.00,0.00,0.00,0.00,0.00,0.6,0.6,0.2,0.7,0.03,0.01,0.04,0.03,0.04,Matches
297,Iñigo Lekue,es ESP,DF,Athletic Club,28-320,1993,23,21,1850,20.6,0,2,0,0,0,3,0,0.00,0.10,0.10,0.00,0.10,0.2,0.2,2.1,2.3,0.01,0.10,0.11,0.01,0.11,Matches
298,Thomas Lemar,fr FRA,MF,Atlético Madrid,26-128,1995,20,15,1300,14.4,4,5,4,0,0,2,0,0.28,0.35,0.62,0.28,0.62,3.1,3.1,3.0,6.1,0.21,0.21,0.42,0.21,0.42,Matches
299,Ruben Lendinez,es ESP,DF,Valencia,19-006,2003,3,0,47,0.5,0,0,0,0,0,2,0,0.00,0.00,0.00,0.00,0.00,0.0,0.0,0.0,0.0,0.04,0.00,0.04,0.04,0.04,Matches
300,Clément Lenglet,fr FRA,DF,Barcelona,26-276,1995,13,4,481,5.3,0,1,0,0,0,3,0,0.00,0.19,0.19,0.00,0.19,0.0,0.0,0.6,0.6,0.01,0.11,0.12,0.01,0.12,Matches
301,Javier Llabrés,,FWMF,Mallorca,,,3,1,117,1.3,0,0,0,0,0,0,0,0.00,0.00,0.00,0.00,0.00,0.1,0.1,0.1,0.2,0.11,0.05,0.16,0.11,0.16,Matches
302,Marcos Llorente,es ESP,DFMF,Atlético Madrid,27-049,1995,21,21,1760,19.6,0,2,0,0,0,2,0,0.00,0.10,0.10,0.00,0.10,0.5,0.5,2.4,2.9,0.03,0.13,0.16,0.03,0.16,Matches
303,Giovani Lo Celso,ar ARG,FWMF,Villarreal,25-345,1996,6,5,385,4.3,0,0,0,0,0,1,0,0.00,0.00,0.00,0.00,0.00,0.5,0.5,0.7,1.2,0.11,0.17,0.28,0.11,0.28,Matches
304,Julen Lobete,es ESP,FWMF,Real Sociedad,21-183,2000,13,2,284,3.2,2,0,2,0,0,0,0,0.63,0.00,0.63,0.63,0.63,1.5,1.5,0.0,1.5,0.48,0.00,0.49,0.48,0.49,Matches
305,Renan Lodi,br BRA,DF,Atlético Madrid,23-346,1998,22,10,863,9.6,2,1,2,0,0,2,0,0.21,0.10,0.31,0.21,0.31,0.7,0.7,1.0,1.7,0.08,0.11,0.19,0.08,0.19,Matches
306,David López,es ESP,MFDF,Espanyol,32-162,1989,13,6,519,5.8,0,0,0,0,0,1,0,0.00,0.00,0.00,0.00,0.00,0.4,0.4,0.3,0.7,0.07,0.06,0.13,0.07,0.13,Matches
307,Diego López,es ESP,GK,Espanyol,40-137,1981,27,27,2412,26.8,0,0,0,0,0,3,0,0.00,0.00,0.00,0.00,0.00,0.0,0.0,0.0,0.0,0.00,0.00,0.00,0.00,0.00,Matches
308,Javi López,es ESP,DF,Alavés,20-078,2002,7,4,406,4.5,0,0,0,0,0,2,0,0.00,0.00,0.00,0.00,0.00,0.0,0.0,0.3,0.3,0.00,0.06,0.06,0.00,0.06,Matches
309,Unai López,es ESP,MF,Rayo Vallecano,26-141,1995,18,8,688,7.6,0,0,0,0,0,2,0,0.00,0.00,0.00,0.00,0.00,0.3,0.3,1.2,1.6,0.04,0.16,0.20,0.04,0.20,Matches
310,Anthony Lozano,hn HON,FWMF,Cádiz,28-329,1993,23,19,1466,16.3,5,2,5,0,0,5,0,0.31,0.12,0.43,0.31,0.43,4.0,4.0,0.8,4.8,0.25,0.05,0.29,0.25,0.29,Matches
311,José Luis Gayà,es ESP,DF,Valencia,26-299,1995,17,17,1448,16.1,2,3,2,0,0,7,1,0.12,0.19,0.31,0.12,0.31,0.8,0.8,1.2,2.0,0.05,0.08,0.12,0.05,0.12,Matches
312,José Luis Morales,es ESP,FWMF,Levante,34-240,1987,26,22,1922,21.4,7,1,7,0,1,5,0,0.33,0.05,0.37,0.33,0.37,6.2,5.4,3.3,8.7,0.29,0.15,0.44,0.25,0.41,Matches
313,Florentino Luís,pt POR,MF,Getafe,22-213,1999,15,7,776,8.6,0,1,0,0,0,1,0,0.00,0.12,0.12,0.00,0.12,0.1,0.1,0.2,0.3,0.01,0.03,0.03,0.01,0.03,Matches
314,Luismi,es ESP,FW,Sevilla,20-301,2001,2,0,13,0.1,0,0,0,0,0,0,0,0.00,0.00,0.00,0.00,0.00,0.0,0.0,0.0,0.0,0.00,0.00,0.00,0.00,0.00,Matches
315,Darwin Machís,ve VEN,MFFW,Granada,29-041,1993,19,12,1020,11.3,2,1,2,0,0,1,0,0.18,0.09,0.26,0.18,0.26,1.0,1.0,0.9,1.9,0.09,0.08,0.17,0.09,0.17,Matches
316,Pablo Maffeo,es ESP,DF,Mallorca,24-251,1997,26,26,2181,24.2,1,1,1,0,0,5,0,0.04,0.04,0.08,0.04,0.08,1.5,1.5,1.5,3.0,0.06,0.06,0.12,0.06,0.12,Matches
317,Nemanja Maksimović,rs SRB,MF,Getafe,27-053,1995,27,27,2353,26.1,1,2,1,0,0,5,0,0.04,0.08,0.11,0.04,0.11,2.2,2.2,0.7,2.8,0.08,0.02,0.11,0.08,0.11,Matches
318,Hugo Mallo,es ESP,DF,Celta Vigo,30-271,1991,20,20,1736,19.3,1,1,1,0,0,5,2,0.05,0.05,0.10,0.05,0.10,1.0,1.0,1.5,2.5,0.05,0.08,0.13,0.05,0.13,Matches
319,Mickael Malsa,mq MTQ,MF,Levante,26-159,1995,22,10,1044,11.6,0,2,0,0,0,5,0,0.00,0.17,0.17,0.00,0.17,0.5,0.5,0.9,1.4,0.04,0.08,0.12,0.04,0.12,Matches
320,Giorgi Mamardashvili,ge GEO,GK,Valencia,21-172,2000,12,12,1080,12.0,0,0,0,0,0,1,0,0.00,0.00,0.00,0.00,0.00,0.0,0.0,0.0,0.0,0.00,0.00,0.00,0.00,0.00,Matches
321,Reinildo Mandava,mz MOZ,DF,Atlético Madrid,28-058,1994,8,7,653,7.3,0,0,0,0,0,2,0,0.00,0.00,0.00,0.00,0.00,0.0,0.0,0.1,0.1,0.00,0.01,0.01,0.00,0.01,Matches
322,Aïssa Mandi,dz ALG,DF,Villarreal,30-149,1991,11,9,900,10.0,1,0,1,0,0,2,0,0.10,0.00,0.10,0.10,0.10,1.2,1.2,0.0,1.2,0.12,0.00,0.12,0.12,0.12,Matches
323,Maranhão,br BRA,FWMF,Valencia,25-151,1996,24,5,672,7.5,1,2,1,0,0,1,0,0.13,0.27,0.40,0.13,0.40,2.8,2.8,1.3,4.1,0.38,0.18,0.55,0.38,0.55,Matches
324,Nikola Maraš,rs SRB,DF,Rayo Vallecano,26-091,1995,7,4,438,4.9,0,0,0,0,0,2,0,0.00,0.00,0.00,0.00,0.00,0.1,0.1,0.0,0.1,0.02,0.00,0.02,0.02,0.02,Matches
325,Marcelo,br BRA,DF,Real Madrid,33-312,1988,8,2,241,2.7,0,1,0,0,0,0,0,0.00,0.37,0.37,0.00,0.37,0.1,0.1,0.3,0.4,0.02,0.09,0.11,0.02,0.11,Matches
326,Iván Marcone,ar ARG,MF,Elche,31-290,1990,17,8,658,7.3,0,0,0,0,0,3,0,0.00,0.00,0.00,0.00,0.00,0.1,0.1,0.0,0.1,0.01,0.00,0.01,0.01,0.01,Matches
327,Óscar de Marcos,es ESP,DF,Athletic Club,32-340,1989,15,12,1138,12.6,1,2,1,0,0,4,0,0.08,0.16,0.24,0.08,0.24,0.1,0.1,1.0,1.1,0.01,0.08,0.09,0.01,0.09,Matches
328,José Mari,es ESP,MF,Cádiz,34-104,1987,2,0,25,0.3,0,0,0,0,0,0,0,0.00,0.00,0.00,0.00,0.00,0.1,0.1,0.0,0.1,0.34,0.00,0.34,0.34,0.34,Matches
329,José María Giménez,uy URU,DF,Atlético Madrid,27-059,1995,19,19,1597,17.7,0,1,0,0,0,7,0,0.00,0.06,0.06,0.00,0.06,1.0,1.0,0.0,1.0,0.06,0.00,0.06,0.06,0.06,Matches
330,Mariano,do DOM,FW,Real Madrid,28-231,1993,4,1,127,1.4,0,1,0,0,0,0,0,0.00,0.71,0.71,0.00,0.71,0.4,0.4,0.4,0.8,0.29,0.27,0.56,0.29,0.56,Matches
331,Roger Martí,es ESP,FW,Levante,31-076,1991,23,21,1780,19.8,5,2,4,1,2,6,0,0.25,0.10,0.35,0.20,0.30,6.1,4.5,1.1,5.7,0.31,0.06,0.36,0.23,0.29,Matches
332,Anthony Martial,fr FRA,FWMF,Sevilla,26-105,1995,4,3,219,2.4,0,1,0,0,0,0,0,0.00,0.41,0.41,0.00,0.41,0.1,0.1,0.1,0.2,0.02,0.05,0.07,0.02,0.07,Matches
333,Martín,es ESP,MF,Cádiz,23-019,1999,6,1,115,1.3,0,0,0,0,0,1,0,0.00,0.00,0.00,0.00,0.00,0.1,0.1,0.0,0.1,0.05,0.01,0.06,0.05,0.06,Matches
334,Ander Martin,es ESP,FWMF,Real Sociedad,21-124,2000,2,1,76,0.8,0,0,0,0,0,0,0,0.00,0.00,0.00,0.00,0.00,0.1,0.1,0.1,0.2,0.08,0.12,0.20,0.08,0.20,Matches
335,Andrés Martín,es ESP,FWMF,Rayo Vallecano,22-252,1999,7,1,186,2.1,0,0,0,0,0,0,0,0.00,0.00,0.00,0.00,0.00,0.4,0.4,0.0,0.4,0.18,0.00,0.18,0.18,0.18,Matches
336,Carlos Martín,es ESP,DF,Atlético Madrid,19-332,2002,1,0,6,0.1,0,0,0,0,0,1,0,0.00,0.00,0.00,0.00,0.00,0.0,0.0,0.0,0.0,0.00,0.00,0.00,0.00,0.00,Matches
337,Iván Martín,es ESP,MF,Alavés,23-034,1999,6,2,166,1.8,0,0,0,0,0,0,0,0.00,0.00,0.00,0.00,0.00,0.1,0.1,0.0,0.1,0.05,0.00,0.05,0.05,0.05,Matches
338,Iñigo Martínez,es ESP,DF,Athletic Club,30-307,1991,21,20,1801,20.0,3,0,3,0,0,8,2,0.15,0.00,0.15,0.15,0.15,1.9,1.9,0.5,2.4,0.09,0.02,0.12,0.09,0.12,Matches
339,Javi Martínez,es ESP,MFFW,Osasuna,22-088,1999,19,6,629,7.0,1,1,1,0,0,1,0,0.14,0.14,0.29,0.14,0.29,0.7,0.7,0.9,1.6,0.10,0.13,0.23,0.10,0.23,Matches
340,Pablo Martínez,es ESP,MF,Levante,24-026,1998,13,7,656,7.3,0,1,0,0,0,2,0,0.00,0.14,0.14,0.00,0.14,0.4,0.4,1.3,1.7,0.05,0.18,0.23,0.05,0.23,Matches
341,Omar Mascarell,es ESP,MF,Elche,29-046,1993,25,24,1973,21.9,0,0,0,0,0,4,0,0.00,0.00,0.00,0.00,0.00,0.6,0.6,0.1,0.7,0.03,0.01,0.03,0.03,0.03,Matches
342,Jaime Mata,es ESP,FW,Getafe,33-147,1988,22,4,672,7.5,1,0,1,0,0,7,0,0.13,0.00,0.13,0.13,0.13,1.5,1.5,0.4,1.9,0.20,0.06,0.25,0.20,0.25,Matches
343,Luís Maximiano,pt POR,GK,Granada,23-074,1999,25,25,2236,24.8,0,0,0,0,0,2,0,0.00,0.00,0.00,0.00,0.00,0.0,0.0,0.0,0.0,0.00,0.00,0.00,0.00,0.00,Matches
344,Borja Mayoral,es ESP,FW,Getafe,24-349,1997,9,4,444,4.9,3,1,2,1,1,1,0,0.61,0.20,0.81,0.41,0.61,1.4,0.7,0.5,1.1,0.28,0.09,0.37,0.14,0.23,Matches
345,Jordi Mboula,es ESP,FW,Mallorca,23-004,1999,11,5,434,4.8,0,0,0,0,0,2,0,0.00,0.00,0.00,0.00,0.00,0.3,0.3,0.1,0.4,0.06,0.02,0.08,0.06,0.08,Matches
346,Óscar Melendo,es ESP,MFFW,Espanyol,24-209,1997,14,11,693,7.7,0,0,0,0,0,0,0,0.00,0.00,0.00,0.00,0.00,0.5,0.5,0.9,1.4,0.06,0.12,0.18,0.06,0.18,Matches
347,Gonzalo Melero,es ESP,MF,Levante,28-077,1994,21,15,1296,14.4,3,2,3,0,0,5,0,0.21,0.14,0.35,0.21,0.35,2.1,2.1,0.9,3.0,0.15,0.06,0.21,0.15,0.21,Matches
348,Brais Méndez,es ESP,MFFW,Celta Vigo,25-072,1997,27,26,2193,24.4,4,4,4,0,0,7,0,0.16,0.16,0.33,0.16,0.33,3.2,3.2,2.3,5.5,0.13,0.09,0.23,0.13,0.23,Matches
349,Édgar Méndez,es ESP,FWMF,Alavés,32-077,1990,25,11,1141,12.7,1,0,1,0,0,3,0,0.08,0.00,0.08,0.08,0.08,2.0,2.0,1.1,3.1,0.17,0.09,0.26,0.17,0.26,Matches
350,Ferland Mendy,fr FRA,DF,Real Madrid,26-285,1995,18,17,1462,16.2,1,1,1,0,0,4,0,0.06,0.06,0.12,0.06,0.12,0.9,0.9,1.2,2.0,0.05,0.07,0.13,0.05,0.13,Matches
351,Fran Mérida,es ESP,MF,Espanyol,32-016,1990,7,2,168,1.9,0,0,0,0,0,1,1,0.00,0.00,0.00,0.00,0.00,0.1,0.1,0.1,0.1,0.03,0.04,0.07,0.03,0.07,Matches
352,Mikel Merino,es ESP,MF,Real Sociedad,25-271,1996,24,24,2088,23.2,3,2,3,0,0,7,0,0.13,0.09,0.22,0.13,0.22,3.4,3.4,3.1,6.5,0.15,0.13,0.28,0.15,0.28,Matches
353,Martín Merquelanz,es ESP,FW,Rayo Vallecano,26-281,1995,4,3,173,1.9,0,0,0,0,0,0,0,0.00,0.00,0.00,0.00,0.00,0.1,0.1,0.7,0.8,0.08,0.36,0.43,0.08,0.43,Matches
354,Matt Miazga,us USA,DF,Alavés,26-244,1995,11,9,833,9.3,0,0,0,0,0,2,0,0.00,0.00,0.00,0.00,0.00,0.3,0.3,0.1,0.4,0.03,0.01,0.04,0.03,0.04,Matches
355,Miguel,es ESP,FWMF,Alavés,22-198,1999,16,7,567,6.3,0,1,0,0,0,1,0,0.00,0.16,0.16,0.00,0.16,1.4,1.4,0.3,1.7,0.23,0.04,0.27,0.23,0.27,Matches
356,Éder Militão,br BRA,DF,Real Madrid,24-061,1998,26,26,2340,26.0,1,2,1,0,0,4,0,0.04,0.08,0.12,0.04,0.12,2.4,2.4,1.1,3.5,0.09,0.04,0.14,0.09,0.14,Matches
357,Luis Milla,es ESP,MF,Granada,27-164,1994,24,23,1983,22.0,2,2,0,2,2,3,0,0.09,0.09,0.18,0.00,0.09,2.2,0.7,2.9,3.6,0.10,0.13,0.23,0.03,0.16,Matches
358,Pere Milla,es ESP,MFFW,Elche,29-178,1992,24,12,1262,14.0,7,3,7,0,0,3,0,0.50,0.21,0.71,0.50,0.71,4.2,4.2,1.7,5.9,0.30,0.12,0.42,0.30,0.42,Matches
359,Santi Mina,es ESP,FW,Celta Vigo,26-103,1995,27,25,1995,22.2,7,3,7,0,1,4,0,0.32,0.14,0.45,0.32,0.45,7.4,6.6,1.8,8.5,0.33,0.08,0.42,0.30,0.38,Matches
360,Óscar Mingueza,es ESP,DF,Barcelona,22-311,1999,15,8,791,8.8,0,1,0,0,0,2,0,0.00,0.11,0.11,0.00,0.11,0.2,0.2,0.9,1.1,0.02,0.10,0.12,0.02,0.12,Matches
361,Rafa Mir,es ESP,FW,Sevilla,24-275,1997,26,17,1572,17.5,8,0,8,0,0,3,0,0.46,0.00,0.46,0.46,0.46,5.4,5.4,0.2,5.7,0.31,0.01,0.32,0.31,0.32,Matches
362,Jorge Miramón,es ESP,DF,Levante,32-291,1989,20,15,1378,15.3,0,0,0,0,0,5,0,0.00,0.00,0.00,0.00,0.00,0.0,0.0,0.4,0.5,0.00,0.03,0.03,0.00,0.03,Matches
363,Juan Miranda,es ESP,DF,Betis,22-060,2000,9,7,592,6.6,0,1,0,0,0,3,0,0.00,0.15,0.15,0.00,0.15,0.1,0.1,0.3,0.4,0.02,0.05,0.06,0.02,0.06,Matches
364,Stefan Mitrović,rs SRB,DF,Getafe,31-302,1990,25,24,2039,22.7,1,0,1,0,0,5,0,0.04,0.00,0.04,0.04,0.04,0.2,0.2,0.0,0.2,0.01,0.00,0.01,0.01,0.01,Matches
365,Luka Modrić,hr CRO,MF,Real Madrid,36-192,1985,21,19,1564,17.4,2,5,1,1,1,2,0,0.12,0.29,0.40,0.06,0.35,2.3,1.6,2.8,4.4,0.13,0.16,0.30,0.09,0.25,Matches
366,Johan Mojica,co COL,DF,Elche,29-211,1992,28,27,2425,26.9,1,4,1,0,0,4,1,0.04,0.15,0.19,0.04,0.19,0.5,0.5,4.2,4.8,0.02,0.16,0.18,0.02,0.18,Matches
367,Jorge Molina,es ESP,FW,Granada,39-332,1982,27,14,1477,16.4,7,4,7,0,0,1,0,0.43,0.24,0.67,0.43,0.67,3.7,3.7,1.6,5.3,0.24,0.10,0.34,0.24,0.34,Matches
368,Jon Moncayola,es ESP,MF,Osasuna,23-311,1998,28,26,2287,25.4,2,3,2,0,0,2,0,0.08,0.12,0.20,0.08,0.20,2.0,2.0,1.8,3.9,0.08,0.07,0.15,0.08,0.15,Matches
369,Monchu,es ESP,MF,Granada,22-188,1999,14,7,668,7.4,0,0,0,0,0,3,1,0.00,0.00,0.00,0.00,0.00,0.4,0.4,0.2,0.7,0.06,0.03,0.09,0.06,0.09,Matches
370,Gonzalo Montiel,ar ARG,DF,Sevilla,25-078,1997,13,13,887,9.9,1,2,1,0,0,4,0,0.10,0.20,0.30,0.10,0.30,0.2,0.2,1.2,1.4,0.02,0.12,0.14,0.02,0.14,Matches
371,Ángel Montoro,es ESP,MF,Granada,33-268,1988,21,12,1233,13.7,1,1,1,0,0,5,0,0.07,0.07,0.15,0.07,0.15,0.9,0.9,1.5,2.4,0.07,0.11,0.18,0.07,0.18,Matches
372,Martín Montoya,es ESP,DF,Betis,30-340,1991,6,6,518,5.8,0,1,0,0,0,2,0,0.00,0.17,0.17,0.00,0.17,0.4,0.4,1.1,1.5,0.06,0.19,0.25,0.06,0.25,Matches
373,Jon Morcillo,es ESP,MF,Athletic Club,23-186,1998,7,0,54,0.6,0,0,0,0,0,2,0,0.00,0.00,0.00,0.00,0.00,0.4,0.4,0.0,0.4,0.63,0.00,0.63,0.63,0.63,Matches
374,Alberto Moreno,es ESP,MFDF,Villarreal,29-258,1992,24,13,1223,13.6,3,2,3,0,0,3,0,0.22,0.15,0.37,0.22,0.37,3.0,3.0,2.0,5.0,0.22,0.15,0.37,0.22,0.37,Matches
375,Álex Moreno,es ESP,DF,Betis,28-285,1993,21,20,1694,18.8,4,2,4,0,0,2,1,0.21,0.11,0.32,0.21,0.32,2.2,2.2,1.7,3.9,0.12,0.09,0.21,0.12,0.21,Matches
376,Gerard Moreno,es ESP,FW,Villarreal,29-347,1992,13,12,982,10.9,8,2,7,1,2,2,0,0.73,0.18,0.92,0.64,0.82,6.2,4.7,3.6,8.2,0.57,0.33,0.89,0.43,0.75,Matches
377,Tete Morente,es ESP,MF,Elche,25-106,1996,23,14,1194,13.3,2,3,2,0,0,3,0,0.15,0.23,0.38,0.15,0.38,2.6,2.6,2.1,4.7,0.20,0.16,0.35,0.20,0.35,Matches
378,Ilaix Moriba,gn GUI,MF,Valencia,19-060,2003,6,3,315,3.5,0,0,0,0,0,5,1,0.00,0.00,0.00,0.00,0.00,0.3,0.3,0.2,0.5,0.08,0.07,0.15,0.08,0.15,Matches
379,Manu Morlanes,es ESP,MF,Espanyol,23-067,1999,22,10,995,11.1,2,0,2,0,0,4,1,0.18,0.00,0.18,0.18,0.18,0.7,0.7,0.2,1.0,0.07,0.02,0.09,0.07,0.09,Matches
380,Loren Morón,es ESP,FWMF,Espanyol,28-080,1993,18,3,473,5.3,1,0,1,0,0,0,0,0.19,0.00,0.19,0.19,0.19,0.8,0.8,0.4,1.2,0.15,0.07,0.22,0.15,0.22,Matches
381,Loren Morón,es ESP,FW,Betis,28-080,1993,1,0,4,0.0,0,0,0,0,0,0,0,0.00,0.00,0.00,0.00,0.00,0.0,0.0,0.0,0.0,0.00,0.00,0.00,0.00,0.00,Matches
382,Cristhian Mosquera,co COL,DF,Valencia,17-266,2004,4,2,114,1.3,0,0,0,0,0,1,0,0.00,0.00,0.00,0.00,0.00,0.1,0.1,0.0,0.1,0.09,0.00,0.09,0.09,0.09,Matches
383,Toni Moya,es ESP,MF,Alavés,24-000,1998,25,16,1319,14.7,0,1,0,0,0,2,0,0.00,0.07,0.07,0.00,0.07,1.2,1.2,1.8,2.9,0.08,0.12,0.20,0.08,0.20,Matches
384,Iker Muniain,es ESP,MF,Athletic Club,29-091,1992,26,25,2008,22.3,3,7,2,1,2,2,0,0.13,0.31,0.45,0.09,0.40,5.5,3.9,6.8,10.7,0.24,0.30,0.55,0.18,0.48,Matches
385,Aihen Muñoz,es ESP,DF,Real Sociedad,24-216,1997,18,15,1322,14.7,0,0,0,0,0,4,1,0.00,0.00,0.00,0.00,0.00,0.2,0.1,0.5,0.6,0.01,0.03,0.05,0.01,0.04,Matches
386,Jeison Murillo,co COL,DF,Celta Vigo,29-297,1992,14,11,952,10.6,0,0,0,0,0,3,0,0.00,0.00,0.00,0.00,0.00,0.4,0.4,0.0,0.5,0.04,0.00,0.04,0.04,0.04,Matches
387,Vedat Muriqi,xk KVX,FW,Mallorca,27-330,1994,7,7,628,7.0,2,1,1,1,1,3,0,0.29,0.14,0.43,0.14,0.29,2.8,2.0,0.6,2.6,0.40,0.09,0.49,0.29,0.38,Matches
388,Yunus Musah,us USA,MFFW,Valencia,19-111,2002,22,10,1028,11.4,1,0,1,0,0,5,0,0.09,0.00,0.09,0.09,0.09,0.3,0.3,1.1,1.4,0.02,0.09,0.12,0.02,0.12,Matches
389,Shkodran Mustafi,de GER,DF,Levante,29-337,1992,10,8,643,7.1,1,0,1,0,0,1,0,0.14,0.00,0.14,0.14,0.14,0.1,0.1,0.0,0.1,0.01,0.00,0.01,0.01,0.01,Matches
390,Nacho,es ESP,DF,Real Madrid,32-061,1990,19,11,1031,11.5,2,0,2,0,0,3,0,0.17,0.00,0.17,0.17,0.17,0.9,0.9,0.2,1.1,0.08,0.02,0.10,0.08,0.10,Matches
391,Roberto Navarro,es ESP,MFFW,Real Sociedad,19-342,2002,6,3,199,2.2,0,0,0,0,0,0,0,0.00,0.00,0.00,0.00,0.00,0.7,0.7,0.1,0.8,0.32,0.02,0.35,0.32,0.35,Matches
392,Ximo Navarro,es ESP,DF,Alavés,32-056,1990,10,9,716,8.0,0,0,0,0,0,4,0,0.00,0.00,0.00,0.00,0.00,0.2,0.2,0.2,0.5,0.03,0.03,0.06,0.03,0.06,Matches
393,Jesús Navas,es ESP,DF,Sevilla,36-119,1985,15,11,1086,12.1,0,2,0,0,0,2,0,0.00,0.17,0.17,0.00,0.17,0.2,0.2,3.5,3.6,0.01,0.29,0.30,0.01,0.30,Matches
394,Loum Ndiaye,sn SEN,MF,Alavés,25-080,1996,24,19,1696,18.8,2,0,2,0,0,6,0,0.11,0.00,0.11,0.11,0.11,2.0,2.0,0.1,2.1,0.11,0.01,0.12,0.11,0.12,Matches
395,Álvaro Negredo,es ESP,FW,Cádiz,36-212,1985,25,17,1526,17.0,6,1,4,2,2,2,0,0.35,0.06,0.41,0.24,0.29,4.7,3.2,1.1,4.4,0.28,0.07,0.35,0.19,0.26,Matches
396,Neto,br BRA,GK,Barcelona,32-244,1989,2,2,180,2.0,0,0,0,0,0,0,0,0.00,0.00,0.00,0.00,0.00,0.0,0.0,0.0,0.0,0.00,0.00,0.00,0.00,0.00,Matches
397,Carlos Neva,es ESP,DF,Granada,25-281,1996,26,24,2108,23.4,0,0,0,0,0,1,0,0.00,0.00,0.00,0.00,0.00,0.9,0.9,1.3,2.2,0.04,0.06,0.10,0.04,0.10,Matches
398,Saúl Ñíguez,es ESP,DFMF,Atlético Madrid,27-119,1994,3,2,201,2.2,0,1,0,0,0,0,0,0.00,0.45,0.45,0.00,0.45,0.4,0.4,0.1,0.5,0.16,0.05,0.21,0.16,0.21,Matches
399,Fernando Niño,es ESP,FW,Mallorca,21-147,2000,19,7,760,8.4,2,0,2,0,0,2,0,0.24,0.00,0.24,0.24,0.24,2.8,2.8,0.3,3.0,0.33,0.03,0.36,0.33,0.36,Matches
400,Peru Nolaskoain,es ESP,DF,Athletic Club,23-146,1998,1,0,1,0.0,0,0,0,0,0,0,0,0.00,0.00,0.00,0.00,0.00,0.0,0.0,0.0,0.0,0.00,0.00,0.00,0.00,0.00,Matches
401,Nolito,es ESP,MF,Celta Vigo,35-156,1986,25,12,1071,11.9,1,0,1,0,0,2,0,0.08,0.00,0.08,0.08,0.08,2.1,2.1,0.7,2.8,0.18,0.06,0.23,0.18,0.23,Matches
402,Randy Ntekja,fr FRA,FWMF,Rayo Vallecano,24-104,1997,24,10,995,11.1,3,0,3,0,0,1,0,0.27,0.00,0.27,0.27,0.27,2.3,2.3,1.7,3.9,0.21,0.15,0.36,0.21,0.36,Matches
403,Unai Núñez,es ESP,DF,Athletic Club,25-049,1997,8,6,532,5.9,0,0,0,0,0,1,0,0.00,0.00,0.00,0.00,0.00,0.8,0.8,0.1,0.9,0.13,0.01,0.15,0.13,0.15,Matches
404,Allan Nyom,cm CMR,DF,Getafe,33-314,1988,5,3,244,2.7,0,0,0,0,0,1,0,0.00,0.00,0.00,0.00,0.00,0.0,0.0,0.1,0.1,0.00,0.04,0.04,0.00,0.04,Matches
405,Jan Oblak,si SVN,GK,Atlético Madrid,29-072,1993,29,29,2610,29.0,0,0,0,0,0,2,0,0.00,0.00,0.00,0.00,0.00,0.0,0.0,0.0,0.0,0.00,0.00,0.00,0.00,0.00,Matches
406,Lucas Ocampos,ar ARG,FWDF,Sevilla,27-252,1994,21,17,1587,17.6,5,2,5,0,0,6,0,0.28,0.11,0.40,0.28,0.40,4.1,4.1,0.8,5.0,0.23,0.05,0.28,0.23,0.28,Matches
407,Lucas Olaza,uy URU,MF,Elche,27-242,1994,1,0,5,0.1,0,0,0,0,0,1,0,0.00,0.00,0.00,0.00,0.00,0.0,0.0,0.0,0.0,0.00,0.81,0.81,0.00,0.81,Matches
408,Brian Oliván,es ESP,DF,Mallorca,27-353,1994,19,16,1486,16.5,1,0,1,0,1,5,0,0.06,0.00,0.06,0.06,0.06,2.1,1.3,1.8,3.1,0.13,0.11,0.23,0.08,0.19,Matches
409,Mathías Olivera,uy URU,DF,Getafe,24-140,1997,24,24,2083,23.1,1,2,1,0,0,6,0,0.04,0.09,0.13,0.04,0.13,1.6,1.6,2.3,3.8,0.07,0.10,0.17,0.07,0.17,Matches
410,Javier Ontiveros,es ESP,MFFW,Osasuna,24-192,1997,3,0,39,0.4,0,0,0,0,0,0,0,0.00,0.00,0.00,0.00,0.00,0.1,0.1,0.0,0.1,0.13,0.00,0.13,0.13,0.13,Matches
411,Pedro Ortiz,es ESP,MF,Sevilla,21-213,2000,1,0,7,0.1,0,0,0,0,0,0,0,0.00,0.00,0.00,0.00,0.00,0.4,0.4,0.4,0.7,4.70,4.92,9.63,4.70,9.63,Matches
412,Milutin Osmajić,me MNE,FWMF,Cádiz,22-238,1999,10,2,257,2.9,0,0,0,0,0,0,0,0.00,0.00,0.00,0.00,0.00,0.3,0.3,0.0,0.3,0.09,0.00,0.09,0.09,0.09,Matches
413,Jesús Owono,gq EQG,GK,Alavés,21-019,2001,1,1,90,1.0,0,0,0,0,0,0,0,0.00,0.00,0.00,0.00,0.00,0.0,0.0,0.0,0.0,0.00,0.00,0.00,0.00,0.00,Matches
414,Mikel Oyarzabal,es ESP,FWMF,Real Sociedad,24-333,1997,22,19,1671,18.6,9,3,5,4,5,0,1,0.48,0.16,0.65,0.27,0.43,9.1,5.3,3.4,8.7,0.49,0.18,0.67,0.29,0.47,Matches
415,Fernando Pacheco,es ESP,GK,Alavés,29-306,1992,26,26,2333,25.9,0,0,0,0,0,1,0,0.00,0.00,0.00,0.00,0.00,0.0,0.0,0.3,0.3,0.00,0.01,0.01,0.00,0.01,Matches
416,Jon Pacheco,es ESP,DF,Real Sociedad,21-071,2001,9,4,374,4.2,0,0,0,0,0,1,0,0.00,0.00,0.00,0.00,0.00,0.0,0.0,0.0,0.0,0.00,0.00,0.00,0.00,0.00,Matches
417,Gavi Paez,es ESP,MFFW,Barcelona,17-227,2004,23,20,1557,17.3,2,4,2,0,0,7,1,0.12,0.23,0.35,0.12,0.35,2.7,2.7,2.7,5.4,0.16,0.15,0.31,0.16,0.31,Matches
418,Helibelton Palacios,co COL,DF,Elche,28-284,1993,21,17,1549,17.2,0,0,0,0,0,4,0,0.00,0.00,0.00,0.00,0.00,0.0,0.0,0.2,0.2,0.00,0.01,0.01,0.00,0.01,Matches
419,Isaac Palazón Camacho,es ESP,FWMF,Rayo Vallecano,27-083,1994,27,20,1731,19.2,2,1,2,0,0,5,0,0.10,0.05,0.16,0.10,0.16,2.4,2.4,1.4,3.8,0.13,0.07,0.20,0.13,0.20,Matches
420,Daniel Parejo,es ESP,MF,Villarreal,32-338,1989,24,23,2017,22.4,2,6,1,1,1,2,0,0.09,0.27,0.36,0.04,0.31,1.6,0.8,5.2,6.0,0.07,0.23,0.30,0.04,0.27,Matches
421,Raúl Parra,es ESP,DF,Cádiz,22-114,1999,1,0,13,0.1,0,0,0,0,0,0,0,0.00,0.00,0.00,0.00,0.00,0.0,0.0,0.0,0.0,0.00,0.00,0.00,0.00,0.00,Matches
422,Javier Pastore,ar ARG,MFFW,Elche,32-273,1989,10,5,419,4.7,0,0,0,0,0,2,1,0.00,0.00,0.00,0.00,0.00,0.3,0.3,0.5,0.8,0.07,0.11,0.17,0.07,0.17,Matches
423,Gabriel Paulista,br BRA,DF,Valencia,31-114,1990,14,14,1195,13.3,2,1,2,0,0,1,0,0.15,0.08,0.23,0.15,0.23,0.9,0.9,0.1,1.0,0.06,0.01,0.07,0.06,0.07,Matches
424,Alfonso Pedraza,es ESP,DF,Villarreal,25-345,1996,19,12,1092,12.1,0,3,0,0,0,1,0,0.00,0.25,0.25,0.00,0.25,0.8,0.8,2.2,3.0,0.06,0.18,0.24,0.06,0.24,Matches
425,Pedri,es ESP,MF,Barcelona,19-115,2002,9,8,675,7.5,1,1,1,0,0,0,0,0.13,0.13,0.27,0.13,0.27,0.8,0.8,1.0,1.8,0.11,0.14,0.24,0.11,0.24,Matches
426,Pedrosa,es ESP,DF,Espanyol,23-311,1998,26,26,2274,25.3,1,1,1,0,0,7,0,0.04,0.04,0.08,0.04,0.08,1.1,1.1,1.7,2.7,0.04,0.07,0.11,0.04,0.11,Matches
427,Facundo Pellistri,uy URU,MFFW,Alavés,20-090,2001,18,6,603,6.7,0,0,0,0,0,0,0,0.00,0.00,0.00,0.00,0.00,0.7,0.7,0.4,1.0,0.10,0.05,0.15,0.10,0.15,Matches
428,Rubén Peña,es ESP,MFFW,Villarreal,30-245,1991,6,1,124,1.4,0,0,0,0,0,1,0,0.00,0.00,0.00,0.00,0.00,0.2,0.2,1.1,1.3,0.18,0.77,0.94,0.18,0.94,Matches
429,Alberto Perea,es ESP,MF,Cádiz,31-091,1990,17,8,776,8.6,0,1,0,0,0,2,0,0.00,0.12,0.12,0.00,0.12,0.9,0.9,0.6,1.5,0.10,0.07,0.18,0.10,0.18,Matches
430,Victor Perea,es ESP,DF,Espanyol,21-353,2000,1,0,4,0.0,0,0,0,0,0,0,0,0.00,0.00,0.00,0.00,0.00,0.0,0.0,0.0,0.0,0.00,0.00,0.00,0.00,0.00,Matches
431,Iñigo Pérez,es ESP,MF,Osasuna,34-061,1988,7,2,195,2.2,1,0,1,0,0,0,0,0.46,0.00,0.46,0.46,0.46,0.1,0.1,0.3,0.3,0.04,0.12,0.15,0.04,0.15,Matches
432,Juan Pérez,es ESP,GK,Osasuna,25-248,1996,1,1,90,1.0,0,0,0,0,0,0,0,0.00,0.00,0.00,0.00,0.00,0.0,0.0,0.0,0.0,0.00,0.00,0.00,0.00,0.00,Matches
433,Kike Pérez,es ESP,MF,Elche,25-034,1997,4,0,76,0.8,0,0,0,0,0,0,0,0.00,0.00,0.00,0.00,0.00,0.1,0.1,1.0,1.0,0.07,1.13,1.20,0.07,1.20,Matches
434,Lucas Pérez,es ESP,FW,Elche,33-191,1988,18,16,1266,14.1,2,1,2,0,0,0,0,0.14,0.07,0.21,0.14,0.21,2.5,2.5,1.3,3.8,0.18,0.09,0.27,0.18,0.27,Matches
435,Lucas Pérez,es ESP,FWMF,Cádiz,33-191,1988,5,3,306,3.4,0,0,0,0,0,1,0,0.00,0.00,0.00,0.00,0.00,0.5,0.5,0.3,0.7,0.13,0.08,0.21,0.13,0.21,Matches
436,Njegoš Petrović,rs SRB,MF,Granada,22-245,1999,7,3,329,3.7,0,0,0,0,0,2,0,0.00,0.00,0.00,0.00,0.00,0.3,0.3,0.0,0.3,0.11,0.01,0.12,0.11,0.12,Matches
437,Alex Petxa,es ESP,DFMF,Athletic Club,25-042,1997,10,0,122,1.4,0,0,0,0,0,2,0,0.00,0.00,0.00,0.00,0.00,0.0,0.0,0.0,0.0,0.00,0.00,0.00,0.00,0.00,Matches
438,Germán Pezzella,ar ARG,DF,Betis,30-266,1991,14,13,1188,13.2,1,0,1,0,0,4,1,0.08,0.00,0.08,0.08,0.08,0.5,0.5,0.0,0.5,0.04,0.00,0.04,0.04,0.04,Matches
439,Pablo Piatti,ar ARG,MFFW,Elche,32-354,1989,6,2,205,2.3,0,0,0,0,0,0,0,0.00,0.00,0.00,0.00,0.00,0.1,0.1,0.4,0.5,0.03,0.19,0.21,0.03,0.21,Matches
440,Cristiano Piccini,it ITA,DF,Valencia,29-175,1992,6,3,322,3.6,1,0,1,0,0,1,0,0.28,0.00,0.28,0.28,0.28,0.1,0.1,0.2,0.3,0.03,0.05,0.08,0.03,0.08,Matches
441,Tomás Pina Isla,es ESP,MF,Alavés,34-157,1987,22,14,1254,13.9,0,0,0,0,0,3,0,0.00,0.00,0.00,0.00,0.00,0.4,0.4,0.0,0.4,0.03,0.00,0.03,0.03,0.03,Matches
442,Orbelín Pineda,mx MEX,MF,Celta Vigo,25-361,1996,2,0,31,0.3,0,0,0,0,0,0,0,0.00,0.00,0.00,0.00,0.00,0.5,0.5,0.0,0.5,1.45,0.00,1.45,1.45,1.45,Matches
443,Yeremi Pino,es ESP,MFFW,Villarreal,19-151,2002,26,18,1440,16.0,6,4,6,0,0,2,0,0.37,0.25,0.62,0.37,0.62,5.6,5.6,2.8,8.4,0.35,0.18,0.52,0.35,0.52,Matches
444,Gerard Piqué,es ESP,DF,Barcelona,35-046,1987,23,21,1804,20.0,1,0,1,0,0,9,1,0.05,0.00,0.05,0.05,0.05,2.0,2.0,0.1,2.0,0.10,0.00,0.10,0.10,0.10,Matches
445,Ezequiel Ponce,ar ARG,FW,Elche,24-356,1997,5,2,211,2.3,1,0,1,0,0,1,0,0.43,0.00,0.43,0.43,0.43,1.5,1.5,0.2,1.7,0.64,0.10,0.74,0.64,0.74,Matches
446,Pere Pons,es ESP,MF,Alavés,29-028,1993,21,14,1135,12.6,1,0,1,0,0,1,0,0.08,0.00,0.08,0.08,0.08,2.0,2.0,0.6,2.5,0.16,0.05,0.20,0.16,0.20,Matches
447,Portu,es ESP,FWMF,Real Sociedad,29-303,1992,27,14,1303,14.5,0,2,0,0,0,3,0,0.00,0.14,0.14,0.00,0.14,1.9,1.9,1.5,3.4,0.13,0.10,0.23,0.13,0.23,Matches
448,Sergio Postigo,es ESP,DF,Levante,33-136,1988,6,4,388,4.3,0,0,0,0,0,1,0,0.00,0.00,0.00,0.00,0.00,0.1,0.1,0.1,0.2,0.02,0.03,0.05,0.02,0.05,Matches
449,Darío Poveda,es ESP,FWMF,Getafe,25-007,1997,15,3,380,4.2,1,0,1,0,0,0,0,0.24,0.00,0.24,0.24,0.24,0.2,0.2,0.1,0.3,0.04,0.03,0.07,0.04,0.07,Matches
450,José Pozo,es ESP,MF,Rayo Vallecano,26-005,1996,5,0,72,0.8,0,0,0,0,0,0,0,0.00,0.00,0.00,0.00,0.00,0.1,0.1,0.3,0.5,0.16,0.43,0.60,0.16,0.60,Matches
451,Abdón Prats,es ESP,FW,Mallorca,29-103,1992,18,4,434,4.8,1,0,1,0,0,3,0,0.21,0.00,0.21,0.21,0.21,1.6,1.6,0.2,1.7,0.32,0.04,0.36,0.32,0.36,Matches
452,Javi Puado,es ESP,MFFW,Espanyol,23-299,1998,21,17,1475,16.4,4,1,4,0,0,5,0,0.24,0.06,0.31,0.24,0.31,3.2,3.2,1.0,4.2,0.20,0.06,0.26,0.20,0.26,Matches
453,Pubill,es ESP,DF,Levante,18-273,2003,7,5,427,4.7,0,0,0,0,0,1,0,0.00,0.00,0.00,0.00,0.00,1.0,1.0,0.2,1.2,0.20,0.04,0.24,0.20,0.24,Matches
454,Antonio Puertas,es ESP,MFFW,Granada,30-027,1992,25,17,1608,17.9,5,1,5,0,0,3,0,0.28,0.06,0.34,0.28,0.34,2.8,2.8,0.7,3.5,0.16,0.04,0.20,0.16,0.20,Matches
455,Riqui Puig,es ESP,MF,Barcelona,22-219,1999,11,1,320,3.6,1,0,1,0,0,0,0,0.28,0.00,0.28,0.28,0.28,0.7,0.7,0.2,0.9,0.18,0.06,0.25,0.18,0.25,Matches
456,Yacine Qasmi,ma MAR,MF,Rayo Vallecano,31-076,1991,1,0,4,0.0,0,0,0,0,0,0,0,0.00,0.00,0.00,0.00,0.00,0.0,0.0,0.0,0.0,0.00,0.00,0.00,0.00,0.00,Matches
457,Quini,es ESP,DF,Granada,32-177,1989,24,20,1685,18.7,0,0,0,0,0,9,0,0.00,0.00,0.00,0.00,0.00,0.4,0.4,1.1,1.5,0.02,0.06,0.08,0.02,0.08,Matches
458,Dani Raba,es ESP,MF,Granada,26-142,1995,1,0,20,0.2,0,0,0,0,0,0,0,0.00,0.00,0.00,0.00,0.00,0.0,0.0,0.0,0.0,0.00,0.00,0.00,0.00,0.00,Matches
459,Dani Raba,es ESP,MFFW,Villarreal,26-142,1995,7,0,89,1.0,0,0,0,0,0,1,0,0.00,0.00,0.00,0.00,0.00,0.0,0.0,0.3,0.3,0.00,0.27,0.27,0.00,0.27,Matches
460,Uroš Račić,rs SRB,MF,Valencia,24-003,1998,20,8,781,8.7,0,0,0,0,0,3,1,0.00,0.00,0.00,0.00,0.00,0.4,0.4,0.7,1.1,0.04,0.08,0.12,0.04,0.12,Matches
461,Nemanja Radoja,rs SRB,MF,Levante,29-042,1993,11,9,649,7.2,0,0,0,0,0,1,0,0.00,0.00,0.00,0.00,0.00,0.0,0.0,0.0,0.0,0.00,0.00,0.00,0.00,0.00,Matches
462,Rafinha,br BRA,MFFW,Real Sociedad,29-036,1993,7,4,397,4.4,1,0,1,0,0,0,0,0.23,0.00,0.23,0.23,0.23,0.8,0.8,0.2,1.0,0.18,0.05,0.23,0.18,0.23,Matches
463,Antonio Raillo,es ESP,DF,Mallorca,30-163,1991,8,8,720,8.0,0,0,0,0,0,4,0,0.00,0.00,0.00,0.00,0.00,0.3,0.3,0.0,0.3,0.03,0.00,0.03,0.03,0.03,Matches
464,Ivan Rakitić,hr CRO,MF,Sevilla,34-010,1988,25,19,1609,17.9,3,3,2,1,2,5,0,0.17,0.17,0.34,0.11,0.28,3.3,1.8,1.6,3.3,0.18,0.09,0.27,0.10,0.19,Matches
465,Jonás Ramalho,es ESP,DF,Osasuna,28-283,1993,1,1,90,1.0,0,0,0,0,0,0,0,0.00,0.00,0.00,0.00,0.00,0.0,0.0,0.0,0.0,0.00,0.00,0.00,0.00,0.00,Matches
466,Sandro Ramírez,es ESP,FW,Getafe,26-254,1995,21,17,1236,13.7,3,0,3,0,0,6,0,0.22,0.00,0.22,0.22,0.22,2.6,2.6,0.8,3.4,0.19,0.06,0.25,0.19,0.25,Matches
467,Lluís Recasens,es ESP,DF,Espanyol,20-110,2001,1,0,45,0.5,0,0,0,0,0,0,0,0.00,0.00,0.00,0.00,0.00,0.0,0.0,0.0,0.0,0.00,0.00,0.00,0.00,0.00,Matches
468,Manolo Reina,es ESP,GK,Mallorca,36-353,1985,18,18,1620,18.0,0,0,0,0,0,4,1,0.00,0.00,0.00,0.00,0.00,0.0,0.0,0.3,0.3,0.00,0.02,0.02,0.00,0.02,Matches
469,Karim Rekik,nl NED,DF,Sevilla,27-108,1994,15,10,956,10.6,0,2,0,0,0,2,0,0.00,0.19,0.19,0.00,0.19,0.4,0.4,0.3,0.7,0.04,0.03,0.07,0.04,0.07,Matches
470,Álex Remiro,es ESP,GK,Real Sociedad,26-361,1995,25,25,2250,25.0,0,0,0,0,0,1,0,0.00,0.00,0.00,0.00,0.00,0.0,0.0,0.0,0.0,0.00,0.00,0.00,0.00,0.00,Matches
471,Nico Ribaudo,es ESP,MFFW,Espanyol,20-343,2001,25,5,863,9.6,1,0,1,0,0,5,1,0.10,0.00,0.10,0.10,0.10,0.7,0.7,1.3,2.0,0.08,0.13,0.21,0.08,0.21,Matches
472,Diego Rico,es ESP,DF,Real Sociedad,29-025,1993,11,9,764,8.5,0,0,0,0,0,2,0,0.00,0.00,0.00,0.00,0.00,0.0,0.0,0.3,0.3,0.00,0.03,0.04,0.00,0.04,Matches
473,Sergio Rico,es ESP,GK,Mallorca,28-200,1993,7,7,630,7.0,0,0,0,0,0,0,0,0.00,0.00,0.00,0.00,0.00,0.0,0.0,0.0,0.0,0.00,0.00,0.00,0.00,0.00,Matches
474,Luis Rioja,es ESP,MFFW,Alavés,28-155,1993,29,28,2431,27.0,1,3,1,0,0,3,0,0.04,0.11,0.15,0.04,0.15,2.8,2.8,2.8,5.6,0.11,0.11,0.22,0.11,0.22,Matches
475,Rober,es ESP,DF,Levante,27-032,1995,19,13,1304,14.5,1,0,1,0,0,4,1,0.07,0.00,0.07,0.07,0.07,0.9,0.9,0.2,1.1,0.06,0.01,0.07,0.06,0.07,Matches
476,Sergi Roberto,es ESP,MFDF,Barcelona,30-041,1992,9,4,400,4.4,2,1,2,0,0,1,0,0.45,0.23,0.68,0.45,0.68,1.6,1.6,0.3,2.0,0.36,0.08,0.44,0.36,0.44,Matches
477,Rubén Rochina,es ESP,MFFW,Granada,30-362,1991,15,8,743,8.3,1,3,1,0,0,3,0,0.12,0.36,0.48,0.12,0.48,0.6,0.6,0.7,1.3,0.07,0.08,0.16,0.07,0.16,Matches
478,Enzo Roco,cl CHI,DF,Elche,29-216,1992,23,22,1944,21.6,1,0,1,0,0,9,0,0.05,0.00,0.05,0.05,0.05,1.0,1.0,0.1,1.1,0.05,0.00,0.05,0.05,0.05,Matches
479,Rodrigo,es ESP,FW,Betis,21-308,2000,16,9,755,8.4,1,1,1,0,0,0,0,0.12,0.12,0.24,0.12,0.24,1.2,1.2,1.2,2.4,0.15,0.14,0.28,0.15,0.28,Matches
480,Kévin Rodrigues,pt POR,DFFW,Rayo Vallecano,28-015,1994,9,3,268,3.0,0,0,0,0,0,0,0,0.00,0.00,0.00,0.00,0.00,0.0,0.0,0.0,0.1,0.01,0.01,0.02,0.01,0.02,Matches
481,Óscar Rodríguez Arnaiz,es ESP,FWMF,Sevilla,23-265,1998,11,4,417,4.6,0,0,0,0,0,1,0,0.00,0.00,0.00,0.00,0.00,0.8,0.8,1.2,2.1,0.18,0.26,0.44,0.18,0.44,Matches
482,Óscar Rodríguez Arnaiz,es ESP,MFFW,Getafe,23-265,1998,9,5,504,5.6,0,0,0,0,0,1,0,0.00,0.00,0.00,0.00,0.00,0.7,0.7,0.3,1.0,0.12,0.05,0.17,0.12,0.17,Matches
483,Ángel Rodríguez,es ESP,FWMF,Mallorca,34-328,1987,21,14,1109,12.3,2,2,2,0,0,4,0,0.16,0.16,0.32,0.16,0.32,3.8,3.8,1.1,4.9,0.31,0.09,0.40,0.31,0.40,Matches
484,Dani Rodríguez,es ESP,FWMF,Mallorca,33-287,1988,26,26,2236,24.8,3,2,3,0,0,5,0,0.12,0.08,0.20,0.12,0.20,2.5,2.5,2.0,4.5,0.10,0.08,0.18,0.10,0.18,Matches
485,Guido Rodríguez,ar ARG,MF,Betis,27-342,1994,23,20,1719,19.1,1,2,1,0,0,8,1,0.05,0.10,0.16,0.05,0.16,0.8,0.8,0.3,1.1,0.04,0.02,0.06,0.04,0.06,Matches
486,Rodrygo,br BRA,FW,Real Madrid,21-070,2001,22,8,786,8.7,0,1,0,0,0,4,0,0.00,0.11,0.11,0.00,0.11,1.6,1.6,0.6,2.2,0.17,0.06,0.23,0.17,0.23,Matches
487,Leonardo Román,es ESP,GK,Mallorca,21-257,2000,2,2,180,2.0,0,0,0,0,0,0,0,0.00,0.00,0.00,0.00,0.00,0.0,0.0,0.0,0.0,0.00,0.00,0.00,0.00,0.00,Matches
488,Iván Romero,es ESP,FW,Sevilla,20-344,2001,4,2,170,1.9,0,0,0,0,0,0,0,0.00,0.00,0.00,0.00,0.00,0.5,0.5,0.0,0.5,0.28,0.00,0.28,0.28,0.28,Matches
489,Rubén,es ESP,DF,Espanyol,21-044,2001,2,0,18,0.2,0,0,0,0,0,0,0,0.00,0.00,0.00,0.00,0.00,0.0,0.0,0.0,0.0,0.00,0.00,0.00,0.00,0.00,Matches
490,Aitor Ruibal,es ESP,FWDF,Betis,25-363,1996,16,7,678,7.5,0,0,0,0,0,5,0,0.00,0.00,0.00,0.00,0.00,1.0,1.0,0.3,1.3,0.13,0.04,0.17,0.13,0.17,Matches
491,Isma Ruiz,es ESP,MF,Granada,21-034,2001,7,3,272,3.0,0,0,0,0,0,1,0,0.00,0.00,0.00,0.00,0.00,0.1,0.1,0.1,0.2,0.02,0.03,0.06,0.02,0.06,Matches
492,Víctor Ruiz,es ESP,DF,Betis,33-054,1989,16,15,1244,13.8,0,0,0,0,0,2,0,0.00,0.00,0.00,0.00,0.00,0.4,0.4,0.1,0.6,0.03,0.01,0.04,0.03,0.04,Matches
493,Gerónimo Rulli,ar ARG,GK,Villarreal,29-304,1992,25,25,2250,25.0,0,0,0,0,0,1,0,0.00,0.00,0.00,0.00,0.00,0.0,0.0,0.0,0.0,0.00,0.00,0.00,0.00,0.00,Matches
494,Franco Russo,ar ARG,DF,Mallorca,27-146,1994,15,15,1300,14.4,1,0,1,0,0,5,1,0.07,0.00,0.07,0.07,0.07,0.2,0.2,0.0,0.2,0.01,0.00,0.01,0.01,0.01,Matches
495,Mathew Ryan,au AUS,GK,Real Sociedad,29-346,1992,3,3,270,3.0,0,0,0,0,0,0,0,0.00,0.00,0.00,0.00,0.00,0.0,0.0,0.0,0.0,0.00,0.00,0.00,0.00,0.00,Matches
496,Youssouf Sabaly,sn SEN,DF,Betis,29-015,1993,3,3,270,3.0,0,1,0,0,0,0,0,0.00,0.33,0.33,0.00,0.33,0.0,0.0,0.1,0.1,0.01,0.04,0.04,0.01,0.04,Matches
497,Salvi,es ESP,MF,Cádiz,30-355,1991,20,16,1317,14.6,2,1,2,0,1,3,1,0.14,0.07,0.21,0.14,0.21,3.0,2.2,1.4,3.6,0.20,0.09,0.30,0.15,0.24,Matches
498,Fede San Emeterio,es ESP,MF,Cádiz,25-004,1997,6,6,496,5.5,0,0,0,0,0,1,0,0.00,0.00,0.00,0.00,0.00,0.0,0.0,0.4,0.4,0.00,0.08,0.08,0.00,0.08,Matches
499,Oihan Sancet,es ESP,FW,Athletic Club,21-329,2000,24,14,1288,14.3,6,4,6,0,0,1,0,0.42,0.28,0.70,0.42,0.70,2.3,2.3,2.0,4.3,0.16,0.14,0.30,0.16,0.30,Matches
500,Antonio Sánchez,es ESP,MFFW,Mallorca,25-078,1997,19,12,1056,11.7,1,0,1,0,0,1,1,0.09,0.00,0.09,0.09,0.09,1.0,1.0,0.2,1.2,0.09,0.02,0.11,0.09,0.11,Matches
501,Germán Sánchez,es ESP,DF,Granada,35-140,1986,23,21,1835,20.4,2,0,2,0,0,8,0,0.10,0.00,0.10,0.10,0.10,1.1,1.1,0.0,1.1,0.05,0.00,0.05,0.05,0.05,Matches
502,Juan Sánchez,es ESP,MF,Sevilla,18-217,2003,1,0,5,0.1,0,0,0,0,0,1,0,0.00,0.00,0.00,0.00,0.00,0.0,0.0,0.0,0.0,0.00,0.00,0.00,0.00,0.00,Matches
503,Manuel Sánchez,es ESP,DF,Osasuna,21-208,2000,26,20,1788,19.9,1,2,1,0,0,5,0,0.05,0.10,0.15,0.05,0.15,0.3,0.3,1.1,1.5,0.02,0.06,0.07,0.02,0.07,Matches
504,Oier Sanjurjo,es ESP,MF,Osasuna,35-299,1986,19,5,495,5.5,0,0,0,0,0,2,0,0.00,0.00,0.00,0.00,0.00,0.4,0.4,0.2,0.6,0.08,0.04,0.11,0.08,0.11,Matches
505,Sergio Santos,es ESP,DF,Real Madrid,21-076,2001,1,0,11,0.1,0,0,0,0,0,0,0,0.00,0.00,0.00,0.00,0.00,0.0,0.0,0.0,0.0,0.00,0.32,0.32,0.00,0.32,Matches
506,Alvaro Sanz,es ESP,MF,Barcelona,21-034,2001,2,0,29,0.3,0,0,0,0,0,0,0,0.00,0.00,0.00,0.00,0.00,0.0,0.0,0.0,0.0,0.00,0.05,0.05,0.00,0.05,Matches
507,Joan Sastre Vanrell,es ESP,DF,Mallorca,24-324,1997,7,2,258,2.9,0,0,0,0,0,1,0,0.00,0.00,0.00,0.00,0.00,0.0,0.0,0.0,0.0,0.02,0.00,0.02,0.02,0.02,Matches
508,Esteban Saveljich,me MNE,DF,Rayo Vallecano,30-304,1991,21,21,1700,18.9,0,0,0,0,0,4,0,0.00,0.00,0.00,0.00,0.00,0.8,0.8,0.3,1.1,0.04,0.01,0.06,0.04,0.06,Matches
509,Stefan Savić,me MNE,DF,Atlético Madrid,31-071,1991,20,20,1720,19.1,0,0,0,0,0,7,0,0.00,0.00,0.00,0.00,0.00,1.3,1.3,0.1,1.4,0.07,0.00,0.08,0.07,0.08,Matches
510,Valentino Scotta,es ESP,DF,Sevilla,20-222,2001,1,0,1,0.0,0,0,0,0,0,0,0,0.00,0.00,0.00,0.00,0.00,0.0,0.0,0.0,0.0,0.00,0.00,0.00,0.00,0.00,Matches
511,Aleksandar Sedlar,rs SRB,DFMF,Mallorca,30-097,1991,10,3,404,4.5,0,0,0,0,0,5,1,0.00,0.00,0.00,0.00,0.00,0.0,0.0,0.0,0.0,0.00,0.01,0.01,0.00,0.01,Matches
512,Javier Serrano,es ESP,MF,Atlético Madrid,19-063,2003,4,0,23,0.3,0,0,0,0,0,1,1,0.00,0.00,0.00,0.00,0.00,0.0,0.0,0.0,0.0,0.00,0.00,0.00,0.00,0.00,Matches
513,Nicolás Serrano,es ESP,MF,Athletic Club,19-015,2003,12,3,293,3.3,1,0,1,0,0,0,0,0.31,0.00,0.31,0.31,0.31,0.4,0.4,0.1,0.5,0.13,0.02,0.15,0.13,0.15,Matches
514,Salva Sevilla,es ESP,MF,Mallorca,38-002,1984,19,11,967,10.7,4,2,0,4,4,0,0,0.37,0.19,0.56,0.00,0.19,3.7,0.7,2.1,2.8,0.34,0.20,0.54,0.06,0.26,Matches
515,David Silva,es ESP,MF,Real Sociedad,36-071,1986,18,16,1168,13.0,1,1,1,0,0,2,0,0.08,0.08,0.15,0.08,0.15,1.5,1.5,2.0,3.5,0.12,0.15,0.27,0.12,0.27,Matches
516,Jonathan Silva,ar ARG,DFMF,Getafe,27-264,1994,9,1,226,2.5,0,0,0,0,0,4,0,0.00,0.00,0.00,0.00,0.00,0.0,0.0,0.1,0.1,0.01,0.04,0.05,0.01,0.05,Matches
517,Rui Silva,pt POR,GK,Betis,28-041,1994,17,17,1530,17.0,0,0,0,0,0,2,0,0.00,0.00,0.00,0.00,0.00,0.0,0.0,0.0,0.0,0.00,0.00,0.00,0.00,0.00,Matches
518,Unai Simón,es ESP,GK,Athletic Club,24-282,1997,25,25,2250,25.0,0,0,0,0,0,2,0,0.00,0.00,0.00,0.00,0.00,0.0,0.0,0.0,0.0,0.00,0.00,0.00,0.00,0.00,Matches
519,Antonio Sivera,es ESP,GK,Alavés,25-221,1996,3,2,187,2.1,0,0,0,0,0,1,0,0.00,0.00,0.00,0.00,0.00,0.0,0.0,0.0,0.0,0.00,0.00,0.00,0.00,0.00,Matches
520,Rubén Sobrino,es ESP,FWMF,Cádiz,29-292,1992,23,14,1326,14.7,0,1,0,0,0,3,0,0.00,0.07,0.07,0.00,0.07,2.6,2.5,1.1,3.7,0.17,0.08,0.25,0.17,0.25,Matches
521,Rubén Sobrino,es ESP,MF,Valencia,29-292,1992,1,0,14,0.2,0,0,0,0,0,0,0,0.00,0.00,0.00,0.00,0.00,0.0,0.0,0.0,0.0,0.00,0.00,0.00,0.00,0.00,Matches
522,Alex Sola,es ESP,DFFW,Real Sociedad,22-284,1999,2,0,41,0.5,0,0,0,0,0,0,0,0.00,0.00,0.00,0.00,0.00,0.1,0.1,0.1,0.2,0.20,0.18,0.38,0.20,0.38,Matches
523,Augusto Solari,ar ARG,MFDF,Celta Vigo,30-076,1992,19,2,516,5.7,0,0,0,0,0,4,0,0.00,0.00,0.00,0.00,0.00,0.4,0.4,0.2,0.6,0.06,0.04,0.10,0.06,0.10,Matches
524,Roberto Soldado,es ESP,FW,Levante,36-297,1985,14,7,594,6.6,1,2,1,0,0,6,2,0.15,0.30,0.45,0.15,0.45,1.4,1.4,0.7,2.1,0.21,0.11,0.32,0.21,0.32,Matches
525,Carlos Soler,es ESP,MF,Valencia,25-077,1997,23,20,1785,19.8,9,5,3,6,6,4,0,0.45,0.25,0.71,0.15,0.40,7.1,2.5,3.0,5.5,0.36,0.15,0.51,0.13,0.28,Matches
526,Son,es ESP,DF,Levante,27-355,1994,18,15,1331,14.8,1,0,1,0,0,3,1,0.07,0.00,0.07,0.07,0.07,0.7,0.7,0.8,1.5,0.05,0.05,0.10,0.05,0.10,Matches
527,David Soria,es ESP,GK,Getafe,28-350,1993,29,29,2604,28.9,0,0,0,0,0,3,0,0.00,0.00,0.00,0.00,0.00,0.0,0.0,0.0,0.0,0.00,0.00,0.00,0.00,0.00,Matches
528,Alberto Soro,es ESP,MFFW,Granada,23-011,1999,13,7,564,6.3,0,0,0,0,0,0,0,0.00,0.00,0.00,0.00,0.00,0.5,0.5,0.6,1.1,0.09,0.10,0.18,0.09,0.18,Matches
529,Hugo Sotelo,es ESP,MF,Celta Vigo,18-091,2003,1,0,2,0.0,0,0,0,0,0,0,0,0.00,0.00,0.00,0.00,0.00,0.0,0.0,0.0,0.0,0.00,0.00,0.00,0.00,0.00,Matches
530,Damián Suárez,uy URU,DFMF,Getafe,33-327,1988,26,24,2136,23.7,0,3,0,0,0,11,0,0.00,0.13,0.13,0.00,0.13,0.5,0.5,2.7,3.1,0.02,0.11,0.13,0.02,0.13,Matches
531,Denis Suárez,es ESP,MF,Celta Vigo,28-073,1994,28,24,2017,22.4,3,2,3,0,0,4,0,0.13,0.09,0.22,0.13,0.22,1.6,1.6,2.8,4.4,0.07,0.12,0.20,0.07,0.20,Matches
532,Luis Suárez,uy URU,FW,Atlético Madrid,35-055,1987,28,17,1550,17.2,9,2,8,1,2,7,0,0.52,0.12,0.64,0.46,0.58,7.6,6.1,1.3,7.3,0.45,0.08,0.52,0.36,0.43,Matches
533,Mario Suárez,es ESP,DF,Rayo Vallecano,35-024,1987,8,5,464,5.2,0,0,0,0,0,1,0,0.00,0.00,0.00,0.00,0.00,0.3,0.3,0.0,0.3,0.06,0.01,0.07,0.06,0.07,Matches
534,Suso,es ESP,FW,Sevilla,28-121,1993,8,6,384,4.3,0,1,0,0,0,0,0,0.00,0.23,0.23,0.00,0.23,0.2,0.2,0.4,0.6,0.05,0.09,0.14,0.05,0.14,Matches
535,Mamadou Sylla,sn SEN,FW,Alavés,28-000,1994,13,4,394,4.4,0,0,0,0,0,1,0,0.00,0.00,0.00,0.00,0.00,0.2,0.2,0.1,0.3,0.05,0.02,0.07,0.05,0.07,Matches
536,Mamadou Sylla,sn SEN,FWMF,Rayo Vallecano,28-000,1994,7,1,179,2.0,0,0,0,0,0,1,0,0.00,0.00,0.00,0.00,0.00,0.5,0.5,0.0,0.5,0.25,0.00,0.25,0.25,0.25,Matches
537,Alexander Sørloth,no NOR,FW,Real Sociedad,26-105,1995,23,10,916,10.2,1,0,1,0,0,1,0,0.10,0.00,0.10,0.10,0.10,3.2,3.2,1.3,4.6,0.32,0.13,0.45,0.32,0.45,Matches
538,Tachi,es ESP,DF,Alavés,24-191,1997,5,2,239,2.7,0,0,0,0,0,1,0,0.00,0.00,0.00,0.00,0.00,0.0,0.0,0.1,0.1,0.00,0.03,0.03,0.00,0.03,Matches
539,Renato Tapia,pe PER,MF,Celta Vigo,26-235,1995,22,12,1178,13.1,0,0,0,0,0,8,0,0.00,0.00,0.00,0.00,0.00,0.5,0.5,0.1,0.6,0.04,0.01,0.05,0.04,0.05,Matches
540,Cristian Tello,es ESP,FWMF,Betis,30-221,1991,19,4,724,8.0,1,2,1,0,0,2,0,0.12,0.25,0.37,0.12,0.37,1.6,1.6,2.0,3.6,0.20,0.24,0.45,0.20,0.45,Matches
541,Nahuel Tenaglia,ar ARG,DF,Alavés,26-027,1996,7,6,577,6.4,0,0,0,0,0,2,0,0.00,0.00,0.00,0.00,0.00,0.2,0.2,0.1,0.3,0.03,0.02,0.05,0.03,0.05,Matches
542,Marc-André ter Stegen,de GER,GK,Barcelona,29-324,1992,25,25,2250,25.0,0,0,0,0,0,3,0,0.00,0.00,0.00,0.00,0.00,0.0,0.0,0.0,0.0,0.00,0.00,0.00,0.00,0.00,Matches
543,David Timor,es ESP,MF,Getafe,32-154,1989,7,3,341,3.8,0,0,0,0,0,2,0,0.00,0.00,0.00,0.00,0.00,0.2,0.2,0.0,0.2,0.06,0.00,0.06,0.06,0.06,Matches
544,Raúl de Tomás,es ESP,FW,Espanyol,27-154,1994,26,26,2286,25.4,13,3,9,4,4,6,2,0.51,0.12,0.63,0.35,0.47,11.5,8.5,1.5,10.0,0.45,0.06,0.51,0.33,0.39,Matches
545,Raúl Torrente,es ESP,DF,Granada,21-019,2001,17,14,1267,14.1,0,0,0,0,0,5,0,0.00,0.00,0.00,0.00,0.00,0.3,0.3,0.8,1.2,0.02,0.06,0.08,0.02,0.08,Matches
546,Ferrán Torres,es ESP,FW,Barcelona,22-019,2000,7,6,550,6.1,3,2,2,1,1,0,0,0.49,0.33,0.82,0.33,0.65,4.1,3.4,0.8,4.2,0.67,0.13,0.81,0.55,0.68,Matches
547,Óliver Torres,es ESP,MFFW,Sevilla,27-130,1994,18,9,740,8.2,2,1,2,0,0,1,0,0.24,0.12,0.36,0.24,0.36,0.8,0.8,0.8,1.5,0.09,0.09,0.19,0.09,0.19,Matches
548,Pau Torres,es ESP,DF,Villarreal,25-063,1997,25,25,2205,24.5,4,0,4,0,0,3,0,0.16,0.00,0.16,0.16,0.16,2.6,2.6,0.9,3.5,0.11,0.04,0.14,0.11,0.14,Matches
549,Roberto Torres,es ESP,MFFW,Osasuna,33-013,1989,21,5,656,7.3,2,2,0,2,2,3,0,0.27,0.27,0.55,0.00,0.27,1.9,0.4,2.1,2.5,0.26,0.28,0.55,0.05,0.34,Matches
550,Lucas Torró,es ESP,MF,Osasuna,27-244,1994,26,26,2168,24.1,1,0,1,0,0,8,0,0.04,0.00,0.04,0.04,0.04,1.2,1.2,0.2,1.4,0.05,0.01,0.06,0.05,0.06,Matches
551,Adama Traoré,es ESP,FW,Barcelona,26-054,1996,5,3,257,2.9,0,2,0,0,0,0,0,0.00,0.70,0.70,0.00,0.70,0.3,0.3,0.6,0.9,0.09,0.21,0.30,0.09,0.30,Matches
552,Óscar Trejo,ar ARG,MF,Rayo Vallecano,33-328,1988,26,21,1723,19.1,3,9,0,3,3,10,0,0.16,0.47,0.63,0.00,0.47,3.2,1.0,4.0,4.9,0.18,0.22,0.40,0.05,0.27,Matches
553,Manu Trigueros,es ESP,MFFW,Villarreal,30-154,1991,26,20,1609,17.9,5,4,5,0,0,2,0,0.28,0.22,0.50,0.28,0.50,3.4,3.4,2.5,5.8,0.19,0.14,0.33,0.19,0.33,Matches
554,Kieran Trippier,eng ENG,DF,Atlético Madrid,31-182,1990,15,12,976,10.8,0,0,0,0,0,1,0,0.00,0.00,0.00,0.00,0.00,0.1,0.1,0.2,0.4,0.01,0.02,0.03,0.01,0.03,Matches
555,Beñat Turrientes,es ESP,MF,Real Sociedad,20-048,2002,8,1,207,2.3,0,0,0,0,0,1,0,0.00,0.00,0.00,0.00,0.00,0.4,0.4,0.2,0.6,0.19,0.08,0.27,0.19,0.27,Matches
556,Samuel Umtiti,fr FRA,DF,Barcelona,28-126,1993,1,1,90,1.0,0,0,0,0,0,1,0,0.00,0.00,0.00,0.00,0.00,0.0,0.0,0.0,0.0,0.00,0.00,0.00,0.00,0.00,Matches
557,Enes Ünal,tr TUR,FW,Getafe,24-314,1997,28,24,1999,22.2,14,0,12,2,3,7,0,0.63,0.00,0.63,0.54,0.54,7.3,5.0,0.9,5.9,0.33,0.04,0.37,0.22,0.27,Matches
558,Myrto Uzuni,al ALB,MFFW,Granada,26-293,1995,7,6,475,5.3,0,0,0,0,0,4,0,0.00,0.00,0.00,0.00,0.00,1.0,1.0,0.0,1.0,0.21,0.01,0.22,0.21,0.22,Matches
559,Álvaro Vadillo,es ESP,MFDF,Espanyol,27-189,1994,3,0,7,0.1,0,0,0,0,0,1,0,0.00,0.00,0.00,0.00,0.00,0.0,0.0,0.0,0.0,0.00,0.00,0.00,0.00,0.00,Matches
560,Óscar Valentín,es ESP,MF,Rayo Vallecano,27-212,1994,25,20,1793,19.9,0,0,0,0,0,6,0,0.00,0.00,0.00,0.00,0.00,1.0,1.0,0.4,1.5,0.05,0.02,0.08,0.05,0.08,Matches
561,Germán Valera,es ESP,FWMF,Real Sociedad,20-004,2002,3,0,51,0.6,0,0,0,0,0,0,0,0.00,0.00,0.00,0.00,0.00,0.0,0.0,0.0,0.0,0.05,0.00,0.05,0.05,0.05,Matches
562,Martin Valjent,sk SVK,DF,Mallorca,26-099,1995,27,27,2371,26.3,0,0,0,0,0,3,0,0.00,0.00,0.00,0.00,0.00,0.2,0.2,0.5,0.8,0.01,0.02,0.03,0.01,0.03,Matches
563,Jesús Vallejo,es ESP,DF,Real Madrid,25-074,1997,1,0,8,0.1,0,0,0,0,0,0,0,0.00,0.00,0.00,0.00,0.00,0.0,0.0,0.0,0.0,0.00,0.00,0.00,0.00,0.00,Matches
564,Manu Vallejo,es ESP,FWMF,Valencia,25-034,1997,9,0,98,1.1,0,0,0,0,0,3,0,0.00,0.00,0.00,0.00,0.00,0.2,0.2,0.1,0.3,0.20,0.09,0.29,0.20,0.29,Matches
565,Manu Vallejo,es ESP,FWMF,Alavés,25-034,1997,6,1,162,1.8,1,1,1,0,0,0,0,0.56,0.56,1.11,0.56,1.11,0.2,0.2,0.0,0.2,0.22,0.00,0.22,0.22,0.22,Matches
566,Federico Valverde,uy URU,MF,Real Madrid,23-241,1998,22,13,1244,13.8,0,1,0,0,0,1,0,0.00,0.07,0.07,0.00,0.07,0.5,0.5,1.7,2.2,0.04,0.12,0.16,0.04,0.16,Matches
567,José Luis García Vayá,es ESP,MF,Levante,23-221,1998,20,16,1312,14.6,0,0,0,0,0,7,0,0.00,0.00,0.00,0.00,0.00,0.2,0.2,1.0,1.2,0.01,0.07,0.08,0.01,0.08,Matches
568,Jesus Vazquez,es ESP,DFMF,Valencia,19-077,2003,8,4,431,4.8,0,0,0,0,0,0,0,0.00,0.00,0.00,0.00,0.00,0.1,0.1,0.2,0.3,0.03,0.03,0.06,0.03,0.06,Matches
569,Kevin Vázquez,es ESP,DF,Celta Vigo,28-362,1993,8,7,672,7.5,0,1,0,0,0,1,0,0.00,0.13,0.13,0.00,0.13,0.0,0.0,0.0,0.1,0.00,0.00,0.01,0.00,0.01,Matches
570,Lucas Vázquez,es ESP,DF,Real Madrid,30-262,1991,20,12,1125,12.5,1,0,1,0,0,1,0,0.08,0.00,0.08,0.08,0.08,0.9,0.9,1.3,2.3,0.07,0.11,0.18,0.07,0.18,Matches
571,Gabriel Veiga,es ESP,MFFW,Celta Vigo,19-297,2002,2,0,9,0.1,0,0,0,0,0,0,0,0.00,0.00,0.00,0.00,0.00,0.0,0.0,0.0,0.0,0.00,0.00,0.00,0.00,0.00,Matches
572,Unai Vencedor Paris,es ESP,MF,Athletic Club,21-125,2000,25,23,1839,20.4,0,0,0,0,0,3,0,0.00,0.00,0.00,0.00,0.00,0.8,0.8,0.4,1.2,0.04,0.02,0.06,0.04,0.06,Matches
573,Gonzalo Verdú,es ESP,DF,Elche,33-150,1988,15,13,1114,12.4,0,0,0,0,0,11,0,0.00,0.00,0.00,0.00,0.00,0.1,0.1,0.0,0.1,0.01,0.00,0.01,0.01,0.01,Matches
574,Mikel Vesga,es ESP,MF,Athletic Club,28-303,1993,24,10,911,10.1,1,0,1,0,0,2,0,0.10,0.00,0.10,0.10,0.10,0.7,0.7,0.8,1.5,0.07,0.08,0.15,0.07,0.15,Matches
575,Rúben Vezo,pt POR,DF,Levante,27-329,1994,23,21,1874,20.8,0,0,0,0,0,3,0,0.00,0.00,0.00,0.00,0.00,0.6,0.6,0.2,0.8,0.03,0.01,0.04,0.03,0.04,Matches
576,Aleix Vidal,es ESP,DFMF,Espanyol,32-211,1989,22,16,1397,15.5,2,0,2,0,0,5,0,0.13,0.00,0.13,0.13,0.13,0.7,0.7,1.2,1.9,0.05,0.08,0.12,0.05,0.12,Matches
577,Nacho Vidal,es ESP,DF,Osasuna,27-055,1995,27,26,2296,25.5,0,1,0,0,0,8,0,0.00,0.04,0.04,0.00,0.04,1.0,1.0,1.8,2.7,0.04,0.07,0.11,0.04,0.11,Matches
578,Dídac Vilà,es ESP,DF,Espanyol,32-284,1989,5,1,166,1.8,0,0,0,0,0,1,0,0.00,0.00,0.00,0.00,0.00,0.0,0.0,0.1,0.1,0.00,0.03,0.03,0.00,0.03,Matches
579,Tonny Vilhena,nl NED,FWMF,Espanyol,27-076,1995,7,6,378,4.2,1,1,1,0,0,2,0,0.24,0.24,0.48,0.24,0.48,0.7,0.7,0.5,1.2,0.16,0.13,0.29,0.16,0.29,Matches
580,Asier Villalibre,es ESP,FW,Athletic Club,24-171,1997,13,2,343,3.8,0,0,0,0,0,0,0,0.00,0.00,0.00,0.00,0.00,1.1,1.1,0.0,1.1,0.29,0.00,0.29,0.29,0.29,Matches
581,Gonzalo Villar,es ESP,MF,Getafe,23-362,1998,4,1,122,1.4,0,0,0,0,0,0,0,0.00,0.00,0.00,0.00,0.00,0.0,0.0,0.0,0.0,0.02,0.00,0.02,0.02,0.02,Matches
582,Vitolo,es ESP,MFFW,Getafe,32-138,1989,7,1,221,2.5,0,0,0,0,0,0,0,0.00,0.00,0.00,0.00,0.00,0.0,0.0,0.1,0.2,0.02,0.06,0.07,0.02,0.07,Matches
583,Daniel Vivian,es ESP,DF,Athletic Club,22-248,1999,17,16,1443,16.0,2,1,2,0,0,0,0,0.12,0.06,0.19,0.12,0.19,1.6,1.6,0.2,1.8,0.10,0.01,0.11,0.10,0.11,Matches
584,Šime Vrsaljko,hr CRO,DF,Atlético Madrid,30-069,1992,14,6,588,6.5,1,1,1,0,0,2,0,0.15,0.15,0.31,0.15,0.31,0.8,0.8,0.4,1.3,0.13,0.07,0.20,0.13,0.20,Matches
585,Nikola Vukčević,me MNE,MF,Levante,30-097,1991,6,0,118,1.3,0,0,0,0,0,1,0,0.00,0.00,0.00,0.00,0.00,0.0,0.0,0.0,0.0,0.01,0.02,0.03,0.01,0.03,Matches
586,Daniel Wass,dk DEN,MF,Valencia,32-293,1989,19,19,1582,17.6,1,1,1,0,0,6,0,0.06,0.06,0.11,0.06,0.11,1.8,1.8,0.6,2.4,0.10,0.03,0.14,0.10,0.14,Matches
587,Daniel Wass,dk DEN,DF,Atlético Madrid,32-293,1989,1,0,45,0.5,0,0,0,0,0,1,0,0.00,0.00,0.00,0.00,0.00,0.0,0.0,0.0,0.0,0.00,0.00,0.00,0.00,0.00,Matches
588,Iñaki Williams,es ESP,FW,Athletic Club,27-278,1994,29,24,2103,23.4,7,3,7,0,0,2,0,0.30,0.13,0.43,0.30,0.43,9.9,9.9,4.3,14.2,0.42,0.19,0.61,0.42,0.61,Matches
589,Nico Williams,es ESP,MF,Athletic Club,19-251,2002,26,6,945,10.5,0,0,0,0,0,4,0,0.00,0.00,0.00,0.00,0.00,2.4,2.4,1.2,3.6,0.23,0.11,0.35,0.23,0.35,Matches
590,Okay Yokuşlu,tr TUR,MFDF,Getafe,28-011,1994,3,1,109,1.2,0,0,0,0,0,1,0,0.00,0.00,0.00,0.00,0.00,0.0,0.0,0.0,0.0,0.00,0.00,0.00,0.00,0.00,Matches
591,Okay Yokuşlu,tr TUR,DFMF,Celta Vigo,28-011,1994,8,1,140,1.6,0,0,0,0,0,0,0,0.00,0.00,0.00,0.00,0.00,0.2,0.2,0.0,0.2,0.15,0.00,0.15,0.15,0.15,Matches
592,Joseba Zaldúa,es ESP,DF,Real Sociedad,29-269,1992,18,10,861,9.6,0,0,0,0,0,3,0,0.00,0.00,0.00,0.00,0.00,0.0,0.0,0.4,0.4,0.00,0.04,0.04,0.00,0.04,Matches
593,Oier Zarraga,es ESP,MF,Athletic Club,23-075,1999,22,8,961,10.7,1,0,0,1,1,5,0,0.09,0.00,0.09,0.00,0.00,1.3,0.5,0.2,0.7,0.12,0.02,0.14,0.05,0.07,Matches
594,Luca Zidane,fr FRA,GKMF,Rayo Vallecano,23-311,1998,7,7,555,6.2,0,0,0,0,0,0,1,0.00,0.00,0.00,0.00,0.00,0.0,0.0,0.0,0.0,0.00,0.00,0.00,0.00,0.00,Matches
595,Igor Zubeldia,es ESP,DF,Real Sociedad,24-355,1997,18,11,980,10.9,0,1,0,0,0,5,0,0.00,0.09,0.09,0.00,0.09,0.6,0.6,0.0,0.6,0.06,0.00,0.06,0.06,0.06,Matches
596,Martín Zubimendi,es ESP,MF,Real Sociedad,23-046,1999,26,16,1692,18.8,1,1,1,0,0,3,0,0.05,0.05,0.11,0.05,0.11,1.0,1.0,0.4,1.4,0.05,0.02,0.08,0.05,0.08,Matches
