,,,,,,,,Tackles,Tackles,Tackles,Tackles,Tackles,Vs Dribbles,Vs Dribbles,Vs Dribbles,Vs Dribbles,Pressures,Pressures,Pressures,Pressures,Pressures,Pressures,Blocks,Blocks,Blocks,Blocks,,,,,
Rk,Player,Nation,Pos,Squad,Age,Born,90s,Tkl,TklW,Def 3rd,Mid 3rd,Att 3rd,Tkl,Att,Tkl%,Past,Press,Succ,%,Def 3rd,Mid 3rd,Att 3rd,Blocks,Sh,ShSv,Pass,Int,Tkl+Int,Clr,Err,Matches
1,Yunis Abdelhamid,ma MAR,DF,Reims,34-173,1987,24.1,39,30,29,9,1,9,18,50.0,9,322,118,36.6,182,120,20,48,20,2,28,79,118,78,0,Matches
2,Salis Abdul Samed,gh GHA,MF,Clermont Foot,21-359,2000,22.9,45,29,21,21,3,13,47,27.7,34,540,161,29.8,174,279,87,23,1,0,22,41,86,14,0,Matches
3,Laurent Abergel,fr FRA,MF,Lorient,29-047,1993,23.2,81,49,37,36,8,41,110,37.3,69,640,187,29.2,224,338,78,37,1,0,36,63,144,11,0,Matches
4,Charles Abi,fr FRA,FW,Saint-Étienne,21-342,2000,0.5,0,0,0,0,0,0,1,0.0,1,14,1,7.1,0,11,3,1,0,0,1,0,0,0,0,Matches
5,Matthis Abline,fr FRA,FW,Rennes,18-357,2003,1.1,0,0,0,0,0,0,1,0.0,1,26,4,15.4,4,14,8,2,0,0,2,1,1,1,0,Matches
6,Martin Adeline,fr FRA,MFFW,Reims,18-108,2003,3.9,14,12,8,5,1,5,14,35.7,9,99,27,27.3,37,43,19,3,0,0,3,14,28,6,0,Matches
7,Yacine Adli,fr FRA,MFFW,Bordeaux,21-234,2000,21.2,33,25,17,11,5,8,48,16.7,40,475,140,29.5,111,250,114,31,3,0,28,40,73,8,1,Matches
8,Lucien Agoume,fr FRA,MF,Brest,20-039,2002,16.7,46,32,21,20,5,12,22,54.5,10,290,86,29.7,91,156,43,30,10,0,20,47,93,27,0,Matches
9,Nayef Aguerd,ma MAR,DF,Rennes,25-355,1996,23.9,23,9,14,9,0,5,15,33.3,10,152,52,34.2,83,65,4,24,11,0,13,44,67,121,1,Matches
10,Ruben Aguilar,fr FRA,DF,Monaco,28-328,1993,15.1,62,36,31,23,8,34,53,64.2,19,255,90,35.3,121,97,37,22,3,0,19,38,100,49,0,Matches
11,Anel Ahmedhodzic,ba BIH,DF,Bordeaux,22-359,1999,6.0,11,7,7,4,0,6,12,50.0,6,63,21,33.3,33,22,8,4,2,0,2,18,29,18,0,Matches
12,Jean-Eudes Aholou,ci CIV,MF,Strasbourg,28-000,1994,6.5,9,6,4,5,0,5,9,55.6,4,108,23,21.3,38,58,12,5,1,0,4,13,22,10,0,Matches
13,Ludovic Ajorque,re REU,FW,Strasbourg,28-023,1994,23.2,38,22,4,16,18,6,33,18.2,27,399,107,26.8,50,176,173,22,5,0,17,10,48,24,1,Matches
14,Maghnes Akliouche,fr FRA,MFFW,Monaco,20-023,2002,0.5,2,1,1,1,0,0,1,0.0,1,17,6,35.3,3,9,5,1,0,0,1,0,2,0,0,Matches
15,Sofiane Alakouch,ma MAR,DFMF,Metz,23-234,1998,1.8,8,6,4,4,0,3,6,50.0,3,52,12,23.1,21,24,7,6,0,0,6,6,14,2,0,Matches
16,Josué Albert,gf GUF,DF,Clermont Foot,30-058,1992,0.2,0,0,0,0,0,0,0,,0,0,0,,0,0,0,0,0,0,0,0,0,2,0,Matches
17,Doğan Alemdar,tr TUR,GK,Rennes,19-142,2002,5.0,0,0,0,0,0,0,0,,0,0,0,,0,0,0,0,0,0,0,0,0,0,1,Matches
18,Mohamed Ali Cho,fr FRA,FW,Angers,18-060,2004,15.8,9,6,2,3,4,1,10,10.0,9,349,78,22.3,20,155,174,10,0,0,10,10,19,0,0,Matches
19,Jim Allevinah,ga GAB,FW,Clermont Foot,27-021,1995,11.3,15,10,4,7,4,5,15,33.3,10,133,32,24.1,38,54,41,9,2,0,7,8,23,1,0,Matches
20,Ibrahim Amadou,fr FRA,DFMF,Metz,28-348,1993,5.9,15,8,10,5,0,6,14,42.9,8,104,29,27.9,45,55,4,9,2,0,7,12,27,14,0,Matches
21,Jordan Amavi,fr FRA,DF,Marseille,28-011,1994,1.4,7,3,4,2,1,5,9,55.6,4,13,2,15.4,6,6,1,1,0,0,1,1,8,1,0,Matches
22,Jordan Amavi,fr FRA,DF,Nice,28-011,1994,1.8,5,2,4,1,0,5,11,45.5,6,22,7,31.8,18,3,1,5,0,0,5,8,13,4,0,Matches
23,Benjamin André,fr FRA,MF,Lille,31-229,1990,23.4,84,58,27,48,9,21,71,29.6,50,530,162,30.6,171,292,67,61,12,0,49,67,151,56,0,Matches
24,Houssem Aouar,fr FRA,MFFW,Lyon,23-263,1998,20.5,41,25,11,19,11,13,35,37.1,22,378,98,25.9,81,156,141,17,1,0,16,25,66,5,0,Matches
25,Adil Aouchiche,fr FRA,MFFW,Saint-Étienne,19-248,2002,8.6,11,6,2,5,4,3,17,17.6,14,223,66,29.6,36,126,61,13,0,0,13,15,26,6,0,Matches
26,Dennis Appiah,fr FRA,DF,Nantes,29-284,1992,17.8,56,31,36,16,4,20,43,46.5,23,293,90,30.7,153,106,34,32,9,0,23,35,91,48,0,Matches
27,Lorenz Assignon,tg TOG,DF,Rennes,21-271,2000,6.1,14,10,9,4,1,4,12,33.3,8,90,29,32.2,39,27,24,16,2,0,14,13,27,12,0,Matches
28,Youcef Atal,dz ALG,DF,Nice,25-307,1996,11.0,31,20,22,6,3,11,23,47.8,12,139,47,33.8,52,51,36,19,1,0,18,35,66,17,0,Matches
29,Jean-Kévin Augustin,fr FRA,FWMF,Nantes,24-277,1997,0.5,0,0,0,0,0,0,0,,0,7,0,0.0,0,4,3,1,0,0,1,0,0,0,0,Matches
30,Karim Azamoum,fr FRA,DF,Troyes,32-062,1990,4.3,8,6,3,5,0,1,4,25.0,3,67,22,32.8,33,34,0,5,2,0,3,2,10,11,0,Matches
31,Loïc Bade,fr FRA,DF,Rennes,21-343,2000,10.9,5,3,3,2,0,2,5,40.0,3,50,14,28.0,32,17,1,20,10,0,10,21,26,65,1,Matches
32,Benoît Badiashile,fr FRA,DF,Monaco,20-359,2001,10.4,21,13,13,8,0,6,13,46.2,7,83,32,38.6,47,31,5,8,6,0,2,29,50,39,1,Matches
33,Youssouph Badji,sn SEN,FW,Brest,20-090,2001,1.5,0,0,0,0,0,0,0,,0,39,10,25.6,1,20,18,0,0,0,0,0,0,0,0,Matches
34,Stéphane Bahoken,cm CMR,FW,Angers,29-296,1992,7.2,8,4,1,5,2,3,9,33.3,6,125,25,20.0,8,47,70,8,0,0,8,4,12,4,0,Matches
35,Dénys Bain,fr FRA,DF,Brest,28-261,1993,2.0,5,4,2,2,1,1,1,100.0,0,27,13,48.1,16,11,0,3,1,0,2,4,9,8,0,Matches
36,Stefan Bajic,fr FRA,GK,Saint-Étienne,20-087,2001,5.7,0,0,0,0,0,0,0,,0,0,0,,0,0,0,0,0,0,0,0,0,0,0,Matches
37,Cédric Bakambu,cd COD,FW,Marseille,30-343,1991,2.7,1,1,1,0,0,0,2,0.0,2,50,12,24.0,6,21,23,2,0,0,2,1,2,0,0,Matches
38,Abdoulaye Bakayoko,fr FRA,DF,Saint-Étienne,19-095,2002,2.0,9,5,8,1,0,2,4,50.0,2,32,10,31.3,21,11,0,7,4,0,3,7,16,8,0,Matches
39,Dilane Bakwa,fr FRA,FW,Bordeaux,19-206,2002,0.1,1,0,1,0,0,1,2,50.0,1,4,1,25.0,3,1,0,0,0,0,0,0,1,0,0,Matches
40,Ibrahima Baldé,fr FRA,FWMF,Lens,19-062,2003,0.6,0,0,0,0,0,0,0,,0,12,3,25.0,1,5,6,0,0,0,0,0,0,0,0,Matches
41,Leonardo Balerdi,ar ARG,DF,Marseille,23-053,1999,10.5,12,8,12,0,0,6,17,35.3,11,92,36,39.1,58,31,3,19,5,0,14,33,45,35,0,Matches
42,Jonathan Bamba,fr FRA,MFFW,Lille,25-359,1996,20.5,20,13,7,10,3,7,33,21.2,26,255,82,32.2,65,115,75,27,1,0,26,36,56,8,0,Matches
43,Simon Banza,fr FRA,FW,Lens,25-219,1996,1.4,3,2,0,1,2,0,2,0.0,2,24,5,20.8,0,12,12,2,0,0,2,0,3,2,0,Matches
44,Danilo Barbosa,br BRA,DF,Nice,26-020,1996,1.0,0,0,0,0,0,0,0,,0,3,1,33.3,2,1,0,2,1,0,1,4,4,9,0,Matches
45,Bradley Barcola,fr FRA,MFFW,Lyon,19-199,2002,0.2,3,3,1,1,1,1,1,100.0,0,7,3,42.9,1,4,2,0,0,0,0,0,3,0,0,Matches
46,Melvin Bard,fr FRA,DF,Nice,21-134,2000,21.8,43,29,30,12,1,22,40,55.0,18,233,83,35.6,110,102,21,49,7,0,42,62,105,52,1,Matches
47,Toma Bašić,hr CRO,MF,Bordeaux,25-115,1996,2.3,5,3,2,2,1,1,7,14.3,6,40,8,20.0,11,17,12,3,1,0,2,3,8,0,0,Matches
48,Amine Bassi,fr FRA,MF,Metz,24-113,1997,2.0,4,4,1,2,1,1,2,50.0,1,36,11,30.6,4,24,8,7,0,0,7,4,8,2,0,Matches
49,Mohamed Bayo,gn GUI,FW,Clermont Foot,23-289,1998,19.4,7,7,1,3,3,1,19,5.3,18,241,56,23.2,21,121,99,11,1,0,10,8,15,8,0,Matches
50,Youcef Belaïli,dz ALG,MF,Brest,30-006,1992,3.4,4,1,1,0,3,1,3,33.3,2,45,17,37.8,6,20,19,3,1,0,2,4,8,0,0,Matches
51,Haris Belkebla,dz ALG,MF,Brest,28-051,1994,17.1,36,21,19,12,5,10,28,35.7,18,361,108,29.9,134,189,38,27,7,0,20,35,71,19,1,Matches
52,Jean-Ricner Bellegarde,fr FRA,MF,Strasbourg,23-266,1998,18.2,49,37,16,22,11,11,27,40.7,16,316,111,35.1,104,145,67,38,2,0,36,28,77,20,0,Matches
53,Hatem Ben Arfa,fr FRA,FWMF,Lille,35-013,1987,3.3,3,2,2,0,1,1,2,50.0,1,37,7,18.9,4,21,12,1,0,0,1,1,4,1,0,Matches
54,Wissam Ben Yedder,fr FRA,FW,Monaco,31-220,1990,19.4,16,9,1,9,6,6,19,31.6,13,302,97,32.1,20,115,167,10,2,0,8,6,22,2,0,Matches
55,Darío Benedetto,ar ARG,FWMF,Marseille,31-307,1990,0.6,0,0,0,0,0,0,0,,0,6,2,33.3,0,4,2,1,0,0,1,0,0,0,0,Matches
56,Walter Benítez,ar ARG,GK,Nice,29-001,1993,27.0,0,0,0,0,0,0,0,,0,1,0,0.0,1,0,0,1,0,0,1,0,0,1,0,Matches
57,Loris Benito,ch SUI,DF,Bordeaux,30-072,1992,0.7,1,0,1,0,0,0,0,,0,9,2,22.2,6,2,1,2,0,0,2,2,3,1,0,Matches
58,Nabil Bentaleb,dz ALG,MF,Angers,27-116,1994,8.0,24,18,9,10,5,7,10,70.0,3,154,48,31.2,34,98,22,13,5,0,8,16,40,7,0,Matches
59,Patrick Berg,no NOR,MF,Lens,24-116,1997,1.9,9,5,2,7,0,4,6,66.7,2,62,23,37.1,16,39,7,3,1,0,2,3,12,2,0,Matches
60,Mitchell van Bergen,nl NED,FWMF,Reims,22-205,1999,7.9,5,3,4,0,1,2,10,20.0,8,162,42,25.9,31,79,52,15,1,0,14,3,8,3,0,Matches
61,Valon Berisha,xk KVX,MFFW,Reims,29-041,1993,3.8,8,6,0,7,1,1,7,14.3,6,104,27,26.0,13,59,32,6,0,0,6,6,14,3,0,Matches
62,Paul Bernardoni,fr FRA,GK,Angers,24-336,1997,13.0,0,0,0,0,0,0,0,,0,2,2,100.0,2,0,0,0,0,0,0,0,0,0,2,Matches
63,Paul Bernardoni,fr FRA,GK,Saint-Étienne,24-336,1997,10.0,0,0,0,0,0,0,0,,0,0,0,,0,0,0,0,0,0,0,0,0,0,0,Matches
64,Juan Bernat,es ESP,DF,Paris S-G,29-019,1993,8.0,22,14,7,10,5,10,17,58.8,7,87,28,32.2,32,33,22,13,0,0,13,6,28,14,0,Matches
65,Dimitry Bertaud,fr FRA,GK,Montpellier,23-287,1998,5.2,0,0,0,0,0,0,0,,0,0,0,,0,0,0,0,0,0,0,0,0,0,0,Matches
66,Jason Berthomier,fr FRA,MF,Clermont Foot,32-073,1990,18.3,29,23,4,19,6,11,32,34.4,21,308,120,39.0,67,168,73,18,2,0,16,12,41,5,0,Matches
67,Giulian Biancone,fr FRA,DF,Troyes,21-354,2000,17.6,42,22,24,13,5,18,40,45.0,22,285,84,29.5,140,110,35,33,5,0,28,44,86,46,1,Matches
68,El Bilal Touré,ml MLI,FW,Reims,20-168,2001,9.3,15,9,2,8,5,2,5,40.0,3,156,40,25.6,28,80,48,15,3,0,12,5,20,12,0,Matches
69,Jean-Claude Billong,cm CMR,DF,Clermont Foot,28-082,1993,4.8,8,6,6,2,0,1,2,50.0,1,41,19,46.3,24,15,2,7,2,0,5,10,18,18,0,Matches
70,Nathan Bitu Mazala,fr FRA,DF,Paris S-G,19-100,2002,0.1,0,0,0,0,0,0,0,,0,1,0,0.0,0,1,0,1,0,0,1,0,0,0,0,Matches
71,Marco Bizot,nl NED,GK,Brest,31-010,1991,28.0,0,0,0,0,0,0,1,0.0,1,2,1,50.0,2,0,0,1,0,0,1,1,1,1,0,Matches
72,Ludovic Blas,fr FRA,MFFW,Nantes,24-079,1997,25.6,30,22,6,17,7,10,22,45.5,12,422,132,31.3,59,203,160,20,3,0,17,32,62,5,1,Matches
73,Myron Boadu,nl NED,FW,Monaco,21-065,2001,8.0,8,5,2,3,3,0,2,0.0,2,141,34,24.1,14,50,77,2,0,0,2,2,10,1,0,Matches
74,Jérôme Boateng,de GER,DF,Lyon,33-198,1988,15.1,18,12,11,7,0,8,18,44.4,10,95,40,42.1,38,53,4,22,9,1,13,24,42,66,0,Matches
75,Antonin Bobichon,fr FRA,MFFW,Angers,26-187,1995,0.4,0,0,0,0,0,0,1,0.0,1,9,0,0.0,0,8,1,0,0,0,0,0,0,1,0,Matches
76,Quentin Boisgard,fr FRA,MF,Lorient,25-003,1997,8.6,12,11,6,4,2,2,12,16.7,10,167,49,29.3,33,79,55,9,0,0,9,5,17,2,0,Matches
77,Charles Boli,fr FRA,MF,Lens,23-202,1998,0.4,3,2,1,2,0,1,1,100.0,0,4,2,50.0,1,3,0,0,0,0,0,0,3,0,0,Matches
78,Sven Botman,nl NED,DF,Lille,22-067,2000,21.0,31,22,20,11,0,9,21,42.9,12,148,57,38.5,97,49,2,42,19,0,23,28,59,104,0,Matches
79,Denis Bouanga,ga GAB,FWMF,Saint-Étienne,27-129,1994,18.2,35,20,12,13,10,14,46,30.4,32,452,117,25.9,80,190,182,24,0,0,24,8,43,29,1,Matches
80,Hicham Boudaoui,dz ALG,MF,Nice,22-178,1999,14.0,29,17,16,8,5,12,36,33.3,24,282,74,26.2,84,131,67,25,3,2,22,18,47,13,0,Matches
81,Ryad Boudebouz,dz ALG,MFFW,Saint-Étienne,32-029,1990,19.2,20,13,6,10,4,5,23,21.7,18,261,80,30.7,40,131,90,17,2,0,15,15,35,7,1,Matches
82,Sofiane Boufal,ma MAR,FW,Angers,28-184,1993,21.9,38,26,10,18,10,11,23,47.8,12,365,92,25.2,54,176,135,22,2,0,20,11,49,3,0,Matches
83,Farid Boulaya,dz ALG,FWMF,Metz,29-023,1993,13.5,13,6,6,6,1,7,27,25.9,20,167,40,24.0,39,86,42,21,2,0,19,17,30,2,0,Matches
84,Ismaëlben Boura,fr FRA,DF,Lens,21-218,2000,1.1,2,0,1,1,0,0,0,,0,12,3,25.0,6,4,2,2,1,0,1,2,4,6,0,Matches
85,Benjamin Bourigeaud,fr FRA,MFFW,Rennes,28-065,1994,26.1,36,17,11,16,9,19,59,32.2,40,432,114,26.4,103,179,150,44,3,0,41,35,71,38,0,Matches
86,Redwan Bourles,fr FRA,MFFW,Lorient,19-077,2003,0.2,0,0,0,0,0,0,0,,0,5,1,20.0,2,0,3,0,0,0,0,0,0,0,0,Matches
87,Domagoj Bradarić,hr CRO,DFMF,Lille,22-100,1999,2.0,5,2,3,2,0,3,9,33.3,6,34,12,35.3,15,14,5,4,1,0,3,4,9,6,0,Matches
88,Bilal Brahimi,fr FRA,MFFW,Nice,22-006,2000,0.8,1,1,0,1,0,0,0,,0,11,2,18.2,4,5,2,0,0,0,0,0,1,1,0,Matches
89,Bilal Brahimi,fr FRA,FWDF,Angers,22-006,2000,3.8,3,1,0,2,1,2,4,50.0,2,55,16,29.1,10,25,20,1,0,0,1,2,5,1,0,Matches
90,Lilian Brassier,fr FRA,DF,Brest,22-138,1999,18.1,35,20,23,12,0,5,11,45.5,6,199,75,37.7,120,75,4,36,15,0,21,41,76,88,0,Matches
91,Jimmy Briand,fr FRA,FWMF,Bordeaux,36-230,1985,2.0,4,1,3,1,0,2,2,100.0,0,42,12,28.6,11,15,16,2,1,0,1,0,4,2,0,Matches
92,Dylan Bronn,tn TUN,DF,Metz,26-274,1995,22.0,36,25,24,9,3,14,25,56.0,11,231,90,39.0,135,87,9,46,17,1,29,51,87,71,1,Matches
93,Osman Bukari,gh GHA,FWMF,Nantes,23-097,1998,9.2,15,10,6,6,3,7,18,38.9,11,162,36,22.2,44,58,60,7,0,0,7,18,33,1,0,Matches
94,Maxime Busi,be BEL,DF,Reims,22-157,1999,7.3,13,5,10,3,0,7,23,30.4,16,136,37,27.2,79,40,17,17,3,1,14,15,28,21,0,Matches
95,Oriol Busquets,es ESP,MF,Clermont Foot,23-059,1999,0.9,0,0,0,0,0,0,2,0.0,2,20,5,25.0,7,11,2,3,2,0,1,0,0,1,0,Matches
96,Marcin Bułka,pl POL,GK,Nice,22-167,1999,1.0,0,0,0,0,0,0,0,,0,0,0,,0,0,0,0,0,0,0,0,0,0,0,Matches
97,Jimmy Cabot,fr FRA,DF,Angers,27-336,1994,22.3,92,49,61,24,7,44,88,50.0,44,428,150,35.0,222,145,61,32,0,0,32,59,151,29,0,Matches
98,Anthony Caci,fr FRA,DF,Strasbourg,24-262,1997,20.1,61,44,36,20,5,25,42,59.5,17,245,90,36.7,99,92,54,24,4,0,20,45,106,37,0,Matches
99,Mathieu Cafaro,fr FRA,FWMF,Reims,24-360,1997,2.1,4,1,2,0,2,1,5,20.0,4,49,9,18.4,15,24,10,2,0,0,2,2,6,1,0,Matches
100,Yannick Cahuzac,fr FRA,MF,Lens,37-061,1985,6.7,3,2,0,3,0,0,10,0.0,10,89,26,29.2,31,41,17,7,3,0,4,10,13,9,0,Matches
101,Marc-Aurèle Caillard,fr FRA,GK,Metz,27-312,1994,10.0,0,0,0,0,0,0,0,,0,1,0,0.0,1,0,0,0,0,0,0,0,0,1,0,Matches
102,Jens Cajuste,se SWE,MF,Reims,22-222,1999,1.5,2,1,0,2,0,2,7,28.6,5,28,4,14.3,8,14,6,0,0,0,0,1,3,2,0,Matches
103,Duje Ćaleta-Car,hr CRO,DF,Marseille,25-184,1996,15.5,17,10,8,9,0,8,11,72.7,3,64,22,34.4,31,31,2,16,5,0,11,25,42,42,0,Matches
104,Lucas Calodat,fr FRA,DF,Saint-Étienne,20-042,2002,0.0,0,0,0,0,0,0,0,,0,1,0,0.0,0,1,0,0,0,0,0,0,0,0,0,Matches
105,Mahdi Camara,fr FRA,MFDF,Saint-Étienne,23-263,1998,26.1,82,47,32,41,9,22,52,42.3,30,530,176,33.2,168,270,92,45,10,0,35,57,139,38,1,Matches
106,Mamadou Camara,fr FRA,FW,Troyes,21-041,2001,0.4,1,0,1,0,0,0,1,0.0,1,9,0,0.0,2,2,5,0,0,0,0,0,1,0,0,Matches
107,Eduardo Camavinga,fr FRA,MF,Rennes,19-130,2002,1.6,5,3,2,1,2,3,5,60.0,2,43,11,25.6,15,20,8,1,1,0,0,1,6,2,0,Matches
108,Fali Candé,gw GNB,DF,Metz,24-055,1998,6.0,22,14,11,9,2,7,16,43.8,9,92,36,39.1,46,29,17,13,1,0,12,10,32,10,0,Matches
109,Pierrick Capelle,fr FRA,MFDF,Angers,34-339,1987,8.3,21,17,9,10,2,9,28,32.1,19,163,38,23.3,50,80,33,12,1,0,11,20,41,10,0,Matches
110,Maxence Caqueret,fr FRA,MF,Lyon,22-033,2000,23.6,77,55,30,39,8,26,85,30.6,59,607,192,31.6,180,352,75,43,8,0,35,54,131,24,1,Matches
111,Irvin Cardona,fr FRA,FW,Brest,24-224,1997,10.3,11,4,3,6,2,2,11,18.2,9,216,45,20.8,29,112,75,15,0,0,15,11,22,12,0,Matches
112,Igor Carioca,br BRA,DF,Lorient,25-211,1996,15.0,29,16,15,8,6,9,31,29.0,22,267,68,25.5,115,101,51,19,1,0,18,29,58,30,0,Matches
113,Moreto Cassamã,gw GNB,MF,Reims,24-032,1998,8.9,15,11,9,6,0,2,14,14.3,12,131,45,34.4,47,76,8,23,8,0,15,11,26,7,0,Matches
114,Jean-Charles Castelletto,cm CMR,DF,Nantes,27-053,1995,20.9,38,25,24,14,0,14,26,53.8,12,190,54,28.4,105,79,6,29,15,2,14,33,71,72,0,Matches
115,Zeki Çelik,tr TUR,DF,Lille,25-031,1997,21.2,52,33,33,15,4,20,39,51.3,19,326,98,30.1,149,127,50,44,6,0,38,34,86,37,1,Matches
116,Fabien Centonze,fr FRA,DF,Metz,26-063,1996,17.0,42,26,25,13,4,13,28,46.4,15,239,72,30.1,103,95,41,41,6,0,35,48,90,47,0,Matches
117,Leonardo César Jardim,br BRA,GK,Lille,27-000,1995,8.0,0,0,0,0,0,0,0,,0,0,0,,0,0,0,0,0,0,0,0,0,0,0,Matches
118,Nassim Chadli,fr FRA,MFDF,Troyes,20-235,2001,1.1,3,3,2,0,1,2,3,66.7,1,25,3,12.0,11,9,5,2,0,0,2,3,6,1,0,Matches
119,Mehdi Chahiri,ma MAR,MF,Strasbourg,25-238,1996,0.2,1,1,1,0,0,1,1,100.0,0,3,1,33.3,1,0,2,0,0,0,0,0,1,0,0,Matches
120,Dylan Chambost,fr FRA,MFFW,Troyes,24-213,1997,8.4,22,12,7,11,4,7,21,33.3,14,187,55,29.4,58,103,26,12,2,0,10,9,31,9,0,Matches
121,Brendan Chardonnet,fr FRA,DF,Brest,27-088,1994,21.3,32,20,23,7,2,20,29,69.0,9,180,72,40.0,121,53,6,39,23,1,16,67,99,138,1,Matches
122,Xavier Chavalerin,fr FRA,MFFW,Troyes,31-013,1991,21.6,43,28,14,25,4,11,38,28.9,27,419,125,29.8,115,222,82,30,3,0,27,29,72,30,0,Matches
123,Xavier Chavalerin,fr FRA,MFDF,Reims,31-013,1991,2.4,4,2,2,1,1,1,3,33.3,2,30,13,43.3,9,14,7,2,0,0,2,7,11,4,1,Matches
124,Rayan Cherki,fr FRA,FWMF,Lyon,18-215,2003,4.9,5,3,1,4,0,1,4,25.0,3,63,15,23.8,6,40,17,2,0,0,2,4,9,0,0,Matches
125,Pedro Chirivella,es ESP,MF,Nantes,24-301,1997,26.4,45,27,12,23,10,17,56,30.4,39,481,125,26.0,122,270,89,25,2,1,23,37,82,9,0,Matches
126,Joris Chotard,fr FRA,MF,Montpellier,20-177,2001,25.4,47,30,27,16,4,23,58,39.7,35,309,77,24.9,124,146,39,25,10,0,15,71,118,49,0,Matches
127,Alexis Claude-Maurice,fr FRA,MF,Nice,23-287,1998,2.3,3,3,2,1,0,1,6,16.7,5,34,13,38.2,6,15,13,11,0,0,11,2,5,3,0,Matches
128,Jonathan Clauss,fr FRA,DF,Lens,29-176,1992,26.3,54,27,25,23,6,18,48,37.5,30,343,79,23.0,110,145,88,51,1,0,50,76,130,34,0,Matches
129,Marcus Coco,fr FRA,FWMF,Nantes,25-269,1996,6.6,17,10,9,3,5,4,11,36.4,7,182,48,26.4,54,78,50,7,0,0,7,10,27,4,0,Matches
130,Abdu Conté,pt POR,DF,Troyes,23-361,1998,8.2,16,11,11,4,1,9,15,60.0,6,103,33,32.0,55,34,14,12,0,0,12,13,29,11,0,Matches
131,Sébastien Corchia,fr FRA,DF,Nantes,31-139,1990,10.3,29,17,16,10,3,15,30,50.0,15,153,44,28.8,66,54,33,18,0,0,18,22,51,16,0,Matches
132,Maxwel Cornet,ci CIV,DFMF,Lyon,25-174,1996,0.7,3,1,2,0,1,1,3,33.3,2,9,1,11.1,3,2,4,1,0,0,1,0,3,1,0,Matches
133,David Pereira da Costa,pt POR,MFFW,Lens,21-074,2001,8.7,12,8,4,4,4,3,10,30.0,7,180,54,30.0,29,87,64,14,0,0,14,6,18,0,0,Matches
134,Benoît Costil,fr FRA,GK,Bordeaux,34-260,1987,21.0,0,0,0,0,0,0,1,0.0,1,2,0,0.0,2,0,0,0,0,0,0,0,0,0,3,Matches
135,Kalifa Coulibaly,ml MLI,FW,Nantes,30-211,1991,4.2,3,3,0,1,2,0,1,0.0,1,35,6,17.1,5,13,17,1,1,0,0,3,6,3,0,Matches
136,Nicolas Cozza,fr FRA,DF,Montpellier,23-071,1999,23.7,59,31,39,16,4,14,47,29.8,33,281,101,35.9,157,100,24,41,15,0,26,52,111,84,1,Matches
137,Wylan Cyprien,fr FRA,MF,Nantes,27-051,1995,8.8,19,11,6,13,0,2,13,15.4,11,156,43,27.6,33,107,16,8,3,0,5,8,27,6,0,Matches
138,Lucas Da Cunha,fr FRA,FWMF,Clermont Foot,20-284,2001,5.2,9,8,2,5,2,3,9,33.3,6,146,27,18.5,32,73,41,9,0,0,9,5,14,0,0,Matches
139,Lucas Da Cunha,fr FRA,MF,Nice,20-284,2001,4.4,14,8,3,7,4,7,13,53.8,6,81,25,30.9,11,40,30,2,0,0,2,2,16,1,0,Matches
140,Damien Da Silva,fr FRA,DF,Lyon,33-307,1988,7.3,9,5,6,2,1,4,6,66.7,2,65,18,27.7,38,25,2,9,3,0,6,20,29,34,1,Matches
141,Colin Dagba,fr FRA,DF,Paris S-G,23-192,1998,1.8,3,1,2,1,0,2,6,33.3,4,29,5,17.2,7,12,10,4,2,0,2,3,6,0,0,Matches
142,Flavius Daniliuc,at AUT,DF,Nice,20-327,2001,8.9,27,15,21,5,1,11,20,55.0,9,137,43,31.4,76,50,11,23,8,0,15,17,44,26,0,Matches
143,Kevin Danso,at AUT,DF,Lens,23-182,1998,24.4,46,29,28,17,1,17,30,56.7,13,259,103,39.8,131,119,9,40,18,0,22,65,111,101,0,Matches
144,Dante,br BRA,DF,Nice,38-153,1983,25.4,34,21,23,10,1,12,19,63.2,7,170,74,43.5,97,65,8,48,24,0,24,46,80,88,0,Matches
145,Jonathan David,ca CAN,FW,Lille,22-065,2000,24.5,20,14,4,7,9,7,22,31.8,15,455,128,28.1,53,193,209,13,5,0,8,9,29,7,0,Matches
146,Konrad De La Fuente,us USA,FWDF,Marseille,20-247,2001,8.7,8,8,5,3,0,7,9,77.8,2,128,36,28.1,24,58,46,14,0,0,14,6,14,4,0,Matches
147,Romain Del Castillo,fr FRA,MFFW,Rennes,25-356,1996,0.3,2,1,0,1,1,2,2,100.0,0,9,1,11.1,1,7,1,1,0,0,1,1,3,0,0,Matches
148,Romain Del Castillo,fr FRA,FWMF,Brest,25-356,1996,6.9,13,8,1,10,2,3,16,18.8,13,165,50,30.3,28,88,49,9,0,0,9,7,20,4,0,Matches
149,Thomas Delaine,fr FRA,DF,Metz,29-361,1992,19.0,45,24,27,13,5,14,26,53.8,12,262,70,26.7,118,88,56,18,6,1,12,32,77,23,0,Matches
150,Sacha Delaye,fr FRA,MFFW,Montpellier,19-331,2002,0.5,2,1,1,0,1,2,4,50.0,2,19,3,15.8,8,7,4,0,0,0,0,0,2,1,0,Matches
151,Andy Delort,dz ALG,FW,Nice,30-162,1991,17.5,11,7,2,6,3,2,8,25.0,6,194,52,26.8,21,76,97,10,4,0,6,10,21,6,0,Matches
152,Andy Delort,dz ALG,FW,Montpellier,30-162,1991,3.0,2,2,1,0,1,0,1,0.0,1,26,4,15.4,6,9,11,3,0,0,3,0,2,6,0,Matches
153,Moussa Dembélé,fr FRA,FW,Lyon,25-251,1996,15.1,11,6,2,2,7,4,9,44.4,5,192,56,29.2,15,68,109,14,0,0,14,5,16,14,0,Matches
154,Jason Denayer,be BEL,DF,Lyon,26-265,1995,10.1,10,6,8,2,0,6,8,75.0,2,70,23,32.9,36,33,1,19,8,1,11,15,25,43,1,Matches
155,Arthur Desmas,fr FRA,GK,Clermont Foot,27-347,1994,13.0,0,0,0,0,0,0,2,0.0,2,2,0,0.0,2,0,0,0,0,0,0,0,0,0,2,Matches
156,Ángel Di María,ar ARG,FW,Paris S-G,34-034,1988,14.3,11,7,4,4,3,4,26,15.4,22,200,51,25.5,32,57,111,11,0,0,11,14,25,3,0,Matches
157,Yadaly Diaby,fr FRA,FWMF,Clermont Foot,21-223,2000,0.7,2,0,2,0,0,1,2,50.0,1,17,6,35.3,3,7,7,1,0,0,1,3,5,0,0,Matches
158,Ibrahim Diakité,fr FRA,MF,Reims,18-140,2003,0.0,0,0,0,0,0,0,1,0.0,1,4,1,25.0,3,1,0,0,0,0,0,0,0,0,0,Matches
159,Abdou Diallo,sn SEN,DF,Paris S-G,25-320,1996,9.6,24,18,12,9,3,9,17,52.9,8,117,43,36.8,40,54,23,14,3,0,11,13,37,20,1,Matches
160,Habib Diallo,sn SEN,FW,Strasbourg,26-275,1995,13.1,5,5,0,5,0,1,5,20.0,4,193,48,24.9,15,105,73,10,5,0,5,4,9,11,0,Matches
161,Mouhamadou Diarra,sn SEN,MF,Strasbourg,18-076,2004,0.0,0,0,0,0,0,0,0,,0,1,1,100.0,0,1,0,0,0,0,0,0,0,0,0,Matches
162,Stéphane Diarra,fr FRA,FWMF,Lorient,23-101,1998,5.6,13,9,6,5,2,3,9,33.3,6,97,28,28.9,21,52,24,4,0,0,4,10,23,1,0,Matches
163,Krepin Diatta,sn SEN,MFDF,Monaco,23-023,1999,3.2,4,4,1,1,2,1,3,33.3,2,47,16,34.0,6,22,19,4,0,0,4,3,7,0,0,Matches
164,Bamba Dieng,sn SEN,FWMF,Marseille,21-362,2000,8.0,15,10,8,5,2,2,9,22.2,7,128,30,23.4,24,54,50,1,0,0,1,6,21,5,0,Matches
165,Elhadji Dieye,sn SEN,MFFW,Saint-Étienne,19-288,2002,0.4,4,2,3,1,0,1,2,50.0,1,13,4,30.8,5,6,2,2,0,0,2,2,6,0,0,Matches
166,Javairô Dilrosun,nl NED,FWMF,Bordeaux,23-271,1998,11.5,11,7,2,6,3,5,22,22.7,17,139,37,26.6,31,62,46,11,1,0,10,11,22,2,0,Matches
167,Junior Dina Ebimbe,fr FRA,MF,Paris S-G,21-119,2000,2.7,5,3,2,2,1,0,4,0.0,4,68,14,20.6,26,20,22,3,2,0,1,3,8,3,0,Matches
168,Tristan Dingomé,cm CMR,MFFW,Troyes,31-031,1991,10.2,21,11,5,10,6,4,15,26.7,11,155,45,29.0,31,82,42,7,1,0,6,17,38,2,0,Matches
169,Sinaly Diomande,ci CIV,DF,Lyon,20-345,2001,6.4,7,4,5,2,0,5,9,55.6,4,35,12,34.3,16,19,0,9,7,1,2,18,25,37,0,Matches
170,Sofiane Diop,fr FRA,MFFW,Monaco,21-284,2000,20.9,34,19,13,15,6,13,46,28.3,33,437,126,28.8,110,189,138,14,0,0,14,34,68,3,0,Matches
171,Andy Diouf,fr FRA,MF,Rennes,19-307,2002,0.2,1,1,1,0,0,1,1,100.0,0,7,1,14.3,2,3,2,1,0,0,1,0,1,1,0,Matches
172,Assane Dioussé,sn SEN,MF,Saint-Étienne,24-181,1997,0.3,0,0,0,0,0,0,0,,0,8,6,75.0,3,5,0,0,0,0,0,0,0,0,0,Matches
173,Axel Disasi,fr FRA,DF,Monaco,24-009,1998,22.3,36,23,17,17,2,14,24,58.3,10,192,84,43.8,90,94,8,37,23,0,14,50,86,85,0,Matches
174,Tiago Djaló,pt POR,DF,Lille,21-345,2000,19.8,52,32,33,17,2,20,37,54.1,17,211,73,34.6,122,69,20,32,8,1,24,27,79,73,0,Matches
175,Alexander Djiku,gh GHA,DF,Strasbourg,27-223,1994,21.0,56,34,41,11,4,18,31,58.1,13,215,77,35.8,139,62,14,36,12,0,24,65,121,91,0,Matches
176,Bryan Djile Nokoué,cm CMR,DFMF,Saint-Étienne,19-301,2002,0.6,4,2,2,1,1,0,0,,0,12,5,41.7,8,3,1,1,0,0,1,1,5,0,0,Matches
177,Ouparine Djoco,sn SEN,GK,Clermont Foot,23-332,1998,16.0,0,0,0,0,0,0,0,,0,3,1,33.3,3,0,0,0,0,0,0,0,0,1,3,Matches
178,Jeremy Doku,be BEL,MFFW,Rennes,19-297,2002,4.9,5,2,1,2,2,1,8,12.5,7,99,29,29.3,21,43,35,1,0,0,1,5,10,0,0,Matches
179,Kasper Dolberg,dk DEN,FW,Nice,24-165,1997,12.7,10,5,6,4,0,5,11,45.5,6,215,48,22.3,20,100,95,12,1,0,11,6,16,14,0,Matches
180,Brandon Domingues,fr FRA,MFFW,Troyes,21-287,2000,2.6,6,2,3,3,0,1,2,50.0,1,64,20,31.3,13,39,12,4,0,0,4,3,9,0,0,Matches
181,Anastasios Donis,gr GRE,FWMF,Reims,25-203,1996,4.1,10,7,4,4,2,1,4,25.0,3,78,24,30.8,19,33,26,5,0,0,5,3,13,1,0,Matches
182,Gianluigi Donnarumma,it ITA,GK,Paris S-G,23-023,1999,11.0,0,0,0,0,0,0,0,,0,0,0,,0,0,0,0,0,0,0,0,0,0,1,Matches
183,Jodel Dossou,bj BEN,FW,Clermont Foot,30-003,1992,16.1,25,20,13,7,5,7,28,25.0,21,278,82,29.5,69,121,88,17,0,0,17,6,31,4,0,Matches
184,Lucas Douath,fr FRA,MF,Saint-Étienne,18-227,2003,13.8,43,29,23,19,1,12,25,48.0,13,310,104,33.5,115,154,41,12,1,0,11,18,61,11,1,Matches
185,Cheick Doucouré,ml MLI,MF,Lens,22-071,2000,24.8,66,52,31,29,6,19,50,38.0,31,391,144,36.8,140,207,44,23,4,0,19,49,115,14,0,Matches
186,Fodé Doucouré,ml MLI,DF,Reims,21-045,2001,1.7,12,6,10,2,0,3,8,37.5,5,33,14,42.4,18,12,3,4,0,0,4,5,17,4,0,Matches
187,Kamory Doumbia,fr FRA,MFFW,Reims,19-030,2003,0.7,3,2,3,0,0,0,2,0.0,2,13,4,30.8,6,2,5,2,0,0,2,2,5,1,0,Matches
188,Moussa Doumbia,ml MLI,FWDF,Reims,27-217,1994,0.2,0,0,0,0,0,0,0,,0,2,0,0.0,0,1,1,0,0,0,0,0,0,0,0,Matches
189,Souleyman Doumbia,ci CIV,DF,Angers,25-177,1996,16.7,21,15,10,7,4,8,20,40.0,12,158,42,26.6,50,68,40,41,2,0,39,37,58,18,1,Matches
190,Julian Draxler,de GER,FWMF,Paris S-G,28-181,1993,5.9,4,4,0,3,1,1,6,16.7,5,49,16,32.7,8,25,16,3,0,0,3,4,8,4,0,Matches
191,Matthieu Dreyer,fr FRA,GK,Lorient,33-000,1989,6.0,0,0,0,0,0,0,0,,0,0,0,,0,0,0,0,0,0,0,0,0,0,0,Matches
192,Leo Dubois,fr FRA,DF,Lyon,27-187,1994,17.9,51,35,31,14,6,32,54,59.3,22,261,79,30.3,109,100,52,40,3,2,37,25,76,29,0,Matches
193,Jean-Kevin Duverne,fr FRA,DF,Brest,24-251,1997,24.7,56,37,37,17,2,23,62,37.1,39,406,126,31.0,211,146,49,41,4,1,37,56,112,60,1,Matches
194,Enzo Ebosse,cm CMR,DF,Angers,23-009,1999,11.2,14,6,9,3,2,4,11,36.4,7,133,36,27.1,61,56,16,14,6,0,8,16,30,15,0,Matches
195,Hugo Ekitike,fr FRA,FW,Reims,19-273,2002,12.8,16,12,11,3,2,2,6,33.3,4,227,52,22.9,37,105,85,12,2,0,10,14,30,13,0,Matches
196,Alberth Elis,hn HON,FWMF,Bordeaux,26-036,1996,14.2,19,12,6,7,6,8,22,36.4,14,260,71,27.3,60,106,94,13,0,0,13,14,33,7,0,Matches
197,Sepe Elye Wahi,fr FRA,FWMF,Montpellier,19-077,2003,15.3,18,10,7,6,5,2,16,12.5,14,240,64,26.7,42,89,109,14,1,0,13,5,23,3,0,Matches
198,Renaud Emond,be BEL,MFFW,Nantes,30-105,1991,2.1,3,2,0,2,1,0,4,0.0,4,35,7,20.0,5,14,16,4,1,1,3,2,5,2,0,Matches
199,Maxime Estève,fr FRA,DF,Montpellier,19-298,2002,12.5,11,5,8,3,0,4,13,30.8,9,140,49,35.0,89,50,1,20,13,0,7,26,37,46,1,Matches
200,Fábio,br BRA,DF,Nantes,31-254,1990,14.0,55,30,27,22,6,22,55,40.0,33,283,90,31.8,139,98,46,34,4,0,30,31,86,25,1,Matches
201,Cesc Fàbregas,es ESP,MF,Monaco,34-320,1987,0.4,0,0,0,0,0,0,1,0.0,1,5,2,40.0,2,1,2,0,0,0,0,0,0,0,0,Matches
202,Wout Faes,be BEL,DF,Reims,23-351,1998,27.0,31,19,22,8,1,15,26,57.7,11,153,56,36.6,92,55,6,41,26,0,15,60,91,132,1,Matches
203,Romain Faivre,fr FRA,MF,Brest,23-249,1998,19.9,32,24,20,7,5,12,35,34.3,23,293,88,30.0,80,139,74,12,0,0,12,26,58,13,0,Matches
204,Romain Faivre,fr FRA,FW,Lyon,23-249,1998,5.4,6,1,4,1,1,4,11,36.4,7,82,27,32.9,20,41,21,3,0,0,3,4,10,2,0,Matches
205,Wuilker Faríñez,ve VEN,GK,Lens,24-033,1998,6.5,0,0,0,0,0,0,0,,0,0,0,,0,0,0,0,0,0,0,0,0,1,1,Matches
206,Noah Fatar,fr FRA,DFMF,Angers,20-033,2002,0.0,0,0,0,0,0,0,0,,0,4,1,25.0,1,2,1,0,0,0,0,1,1,0,0,Matches
207,Julien Faussurier,fr FRA,DFFW,Brest,35-065,1987,2.3,4,3,1,2,1,3,9,33.3,6,42,11,26.2,15,18,9,8,1,0,7,4,8,6,0,Matches
208,Jordan Ferri,fr FRA,MF,Montpellier,30-008,1992,25.4,63,44,29,31,3,24,73,32.9,49,480,154,32.1,217,224,39,29,6,0,23,31,94,25,0,Matches
209,Karol Fila,pl POL,DF,Strasbourg,23-280,1998,5.3,13,11,6,4,3,5,7,71.4,2,87,30,34.5,22,39,26,8,2,0,6,6,19,8,0,Matches
210,Alexis Flips,fr FRA,MFFW,Reims,22-061,2000,10.8,37,23,19,11,7,16,36,44.4,20,233,75,32.2,85,93,55,26,0,0,26,35,72,13,0,Matches
211,Mamadou Fofana,ml MLI,DF,Metz,24-058,1998,0.4,1,1,0,1,0,0,1,0.0,1,2,2,100.0,1,1,0,2,1,0,1,3,4,2,0,Matches
212,Seko Fofana,ci CIV,MF,Lens,26-317,1995,28.4,23,14,7,12,4,7,34,20.6,27,403,104,25.8,112,195,96,25,2,0,23,41,64,10,1,Matches
213,Youssouf Fofana,fr FRA,MF,Monaco,23-069,1999,14.3,45,29,13,26,6,15,30,50.0,15,300,100,33.3,66,193,41,19,1,0,18,23,68,15,1,Matches
214,Thomas Foket,be BEL,DF,Reims,27-176,1994,15.9,22,12,10,9,3,12,32,37.5,20,179,54,30.2,71,73,35,19,1,0,18,27,49,23,0,Matches
215,Thomas Fontaine,mg MAD,DF,Lorient,30-316,1991,1.9,1,0,1,0,0,0,2,0.0,2,24,4,16.7,12,11,1,3,3,0,0,2,3,8,0,Matches
216,José Fonte,pt POR,DF,Lille,38-088,1983,29.0,25,15,20,4,1,8,22,36.4,14,166,52,31.3,88,61,17,40,29,0,11,53,78,126,1,Matches
217,Steven Fortes,cv CPV,DF,Lens,29-337,1992,1.0,1,0,1,0,0,0,0,,0,10,3,30.0,8,2,0,1,0,0,1,2,3,2,0,Matches
218,Przemysław Frankowski,pl POL,DF,Lens,26-342,1995,20.5,51,29,22,24,5,21,58,36.2,37,369,86,23.3,115,176,78,30,0,0,30,38,89,36,0,Matches
219,Fransérgio,br BRA,MF,Bordeaux,31-153,1990,11.5,21,13,6,8,7,4,27,14.8,23,209,52,24.9,53,115,41,24,7,0,17,14,35,20,1,Matches
220,Angelo Fulgini,fr FRA,MFFW,Angers,25-212,1996,25.3,23,14,9,9,5,8,28,28.6,20,348,84,24.1,71,162,115,28,3,0,25,31,54,2,0,Matches
221,Gauthier Gallon,fr FRA,GK,Troyes,28-331,1993,29.0,0,0,0,0,0,0,0,,0,1,0,0.0,1,0,0,1,0,0,1,0,0,1,0,Matches
222,Kévin Gameiro,fr FRA,FW,Strasbourg,34-315,1987,17.8,12,9,4,6,2,2,10,20.0,8,285,69,24.2,23,128,134,9,1,0,8,9,21,1,0,Matches
223,Idrissa Gana Gueye,sn SEN,MF,Paris S-G,32-175,1989,14.0,47,30,22,13,12,8,39,20.5,31,339,98,28.9,128,149,62,18,4,0,14,27,74,10,1,Matches
224,Ignatius Ganago,cm CMR,FW,Lens,23-032,1999,8.3,0,0,0,0,0,0,5,0.0,5,93,22,23.7,4,29,60,3,1,0,2,2,2,1,0,Matches
225,Johan Gastien,fr FRA,MF,Clermont Foot,34-054,1988,23.6,43,30,16,24,3,14,59,23.7,45,462,152,32.9,135,268,59,54,11,0,43,65,108,46,1,Matches
226,Valère Germain,fr FRA,FW,Montpellier,31-337,1990,16.0,22,14,8,10,4,4,17,23.5,13,253,73,28.9,38,111,104,12,2,0,10,9,31,18,0,Matches
227,Gerson,br BRA,MFFW,Marseille,24-304,1997,19.1,33,23,12,18,3,5,23,21.7,18,370,92,24.9,77,207,86,24,4,0,20,17,50,8,1,Matches
228,Willem Geubbels,fr FRA,FWMF,Nantes,20-216,2001,3.8,5,2,2,2,1,1,7,14.3,6,85,15,17.6,15,33,37,6,0,0,6,5,10,2,0,Matches
229,Lamine Ghezali,fr FRA,DF,Saint-Étienne,22-257,1999,0.0,0,0,0,0,0,0,0,,0,0,0,,0,0,0,1,0,0,1,0,0,0,0,Matches
230,Nicholas Gioacchini,us USA,MFFW,Montpellier,21-238,2000,4.5,7,3,5,1,1,2,4,50.0,2,81,19,23.5,26,28,27,7,0,0,7,7,14,3,0,Matches
231,Jimmy Giraudon,fr FRA,DF,Troyes,30-063,1992,18.0,10,7,8,2,0,3,21,14.3,18,136,54,39.7,82,53,1,40,16,1,24,62,72,59,0,Matches
232,Andrei Girotto,br BRA,DFMF,Nantes,30-031,1992,28.0,85,44,53,24,8,39,76,51.3,37,536,163,30.4,208,274,54,65,25,0,40,64,149,94,0,Matches
233,Aleksandr Golovin,ru RUS,FWMF,Monaco,25-294,1996,8.7,15,7,2,9,4,6,21,28.6,15,212,50,23.6,33,112,67,11,1,0,10,9,24,3,0,Matches
234,Angel Gomes,eng ENG,MFFW,Lille,21-201,2000,7.3,13,10,2,9,2,5,10,50.0,5,140,39,27.9,26,71,43,4,0,0,4,3,16,5,0,Matches
235,Alfred Gomis,sn SEN,GK,Rennes,28-196,1993,22.0,0,0,0,0,0,0,1,0.0,1,0,0,,0,0,0,0,0,0,0,0,0,0,1,Matches
236,Vagner Gonçalves,cv CPV,MFFW,Metz,26-069,1996,1.0,2,0,0,2,0,2,2,100.0,0,13,4,30.8,0,7,6,0,0,0,0,0,2,0,0,Matches
237,Álvaro González,es ESP,DF,Marseille,32-071,1990,5.0,1,0,1,0,0,1,1,100.0,0,25,7,28.0,13,10,2,1,0,0,1,3,4,11,0,Matches
238,Amine Gouiri,fr FRA,FWMF,Nice,22-032,2000,23.3,22,11,2,15,5,5,17,29.4,12,304,85,28.0,32,137,135,28,6,1,22,12,34,13,0,Matches
239,Jonathan Gradit,fr FRA,DF,Lens,29-116,1992,25.1,46,22,15,24,7,13,31,41.9,18,212,78,36.8,96,105,11,44,24,0,20,57,103,74,0,Matches
240,Andrew Gravillon,fr FRA,DF,Reims,24-040,1998,19.5,22,16,12,10,0,11,20,55.0,9,138,48,34.8,65,63,10,31,13,0,18,41,63,78,0,Matches
241,Adrian Grbić,at AUT,FWMF,Lorient,25-228,1996,5.8,3,3,0,3,0,1,5,20.0,4,106,22,20.8,11,57,38,5,1,0,4,3,6,7,0,Matches
242,Ivo Grbić,hr CRO,GK,Lille,26-061,1996,21.0,0,0,0,0,0,0,0,,0,0,0,,0,0,0,0,0,0,0,0,0,0,0,Matches
243,Etienne Green,eng ENG,GK,Saint-Étienne,21-244,2000,13.3,0,0,0,0,0,0,0,,0,4,1,25.0,4,0,0,0,0,0,0,0,0,0,0,Matches
244,Gabriel Gudmundsson,se SWE,DFMF,Lille,22-325,1999,9.8,37,15,22,11,4,14,27,51.9,13,196,55,28.1,83,77,36,18,2,0,16,17,54,8,0,Matches
245,Noah Guede-Nadje,fr FRA,FW,Angers,18-128,2003,0.0,0,0,0,0,0,0,0,,0,1,0,0.0,0,0,1,0,0,0,0,0,0,0,0,Matches
246,Mattéo Guendouzi,fr FRA,MF,Marseille,22-340,1999,25.8,37,27,10,21,6,10,38,26.3,28,330,103,31.2,67,179,84,22,1,0,21,15,52,16,0,Matches
247,Yanis Guermouche,fr FRA,FW,Montpellier,20-339,2001,0.0,0,0,0,0,0,0,0,,0,1,0,0.0,0,0,1,0,0,0,0,0,0,0,0,Matches
248,Evann Guessand,fr FRA,FW,Nice,20-262,2001,2.7,5,3,1,2,2,0,4,0.0,4,49,7,14.3,9,23,17,3,1,0,2,2,7,0,0,Matches
249,Lamine Gueye,sn SEN,MFFW,Metz,24-007,1998,6.2,8,8,3,1,4,3,8,37.5,5,97,33,34.0,26,43,28,5,1,0,4,10,18,0,0,Matches
250,Pape Gueye,sn SEN,MFDF,Marseille,23-055,1999,9.5,23,12,10,13,0,8,21,38.1,13,146,45,30.8,44,81,21,10,1,0,9,23,46,14,0,Matches
251,Josuha Guilavogui,fr FRA,MF,Bordeaux,31-182,1990,6.0,21,13,10,8,3,7,19,36.8,12,110,41,37.3,44,51,15,7,3,0,4,20,41,8,0,Matches
252,Frederic Guilbert,fr FRA,DF,Strasbourg,27-086,1994,20.7,61,34,33,18,10,23,52,44.2,29,321,101,31.5,108,140,73,43,8,0,35,48,109,33,0,Matches
253,Bruno Guimarães,br BRA,MF,Lyon,24-124,1997,18.2,60,44,22,33,5,21,61,34.4,40,423,134,31.7,144,207,72,23,4,1,19,34,94,20,0,Matches
254,Sehrou Guirassy,fr FRA,FW,Rennes,26-008,1996,8.4,4,2,1,1,2,0,3,0.0,3,110,29,26.4,6,47,57,6,2,0,4,1,5,5,0,Matches
255,Malo Gusto,fr FRA,DF,Lyon,18-305,2003,12.7,45,28,24,13,8,14,27,51.9,13,253,84,33.2,107,93,53,29,4,0,25,30,75,23,2,Matches
256,Massadio Haïdara,ml MLI,DF,Lens,29-108,1992,10.8,24,11,19,3,2,10,16,62.5,6,148,29,19.6,68,64,16,22,5,0,17,32,56,19,1,Matches
257,Oualid El Hajjam,ma MAR,DF,Troyes,31-029,1991,11.9,23,13,15,4,4,10,19,52.6,9,106,34,32.1,57,37,12,24,8,1,16,41,64,20,0,Matches
258,Achraf Hakimi,ma MAR,DF,Paris S-G,23-136,1998,18.9,53,30,33,16,4,24,61,39.3,37,289,88,30.4,123,83,83,24,3,0,21,29,82,14,0,Matches
259,Pierre-Yves Hamel,fr FRA,FW,Clermont Foot,28-045,1994,5.6,10,7,1,3,6,2,4,50.0,2,134,29,21.6,9,58,67,4,1,0,3,3,13,0,0,Matches
260,Pierre-Yves Hamel,fr FRA,FWDF,Lorient,28-045,1994,0.3,0,0,0,0,0,0,1,0.0,1,5,1,20.0,2,2,1,0,0,0,0,1,1,0,0,Matches
261,Romain Hamouma,fr FRA,FW,Saint-Étienne,34-356,1987,8.7,11,5,1,7,3,3,13,23.1,10,167,52,31.1,23,74,70,9,0,0,9,2,13,3,0,Matches
262,Amine Harit,ma MAR,MFFW,Marseille,24-275,1997,6.7,17,13,6,7,4,4,8,50.0,4,115,39,33.9,23,52,40,3,0,0,3,2,19,1,0,Matches
263,Henrique,br BRA,DF,Lyon,27-329,1994,6.2,8,3,3,3,2,1,5,20.0,4,71,23,32.4,17,33,21,12,1,0,11,9,17,13,0,Matches
264,Luis Henrique,br BRA,FWMF,Marseille,20-096,2001,7.2,3,2,2,0,1,1,6,16.7,5,94,24,25.5,30,43,21,6,0,0,6,10,13,0,0,Matches
265,Christophe Hérelle,mq MTQ,DF,Brest,29-210,1992,13.0,24,12,16,8,0,3,8,37.5,5,99,34,34.3,66,32,1,14,8,1,6,41,65,50,0,Matches
266,Jérôme Hergault,fr FRA,DFMF,Lorient,35-349,1986,3.8,4,2,1,3,0,1,3,33.3,2,37,11,29.7,18,11,8,7,1,0,6,10,14,10,0,Matches
267,Ander Herrera,es ESP,MF,Paris S-G,32-218,1989,11.2,27,18,7,14,6,13,37,35.1,24,204,61,29.9,45,103,56,17,8,0,9,23,50,9,0,Matches
268,Franck Honorat,fr FRA,MFFW,Brest,25-221,1996,27.0,52,37,20,15,17,19,43,44.2,24,482,133,27.6,112,204,166,36,1,0,35,31,83,12,0,Matches
269,Fraser Hornby,sct SCO,FWMF,Reims,22-188,1999,2.3,1,1,0,1,0,0,2,0.0,2,63,17,27.0,6,41,16,1,0,0,1,0,1,6,0,Matches
270,Cédric Hountondji,bj BEN,DF,Clermont Foot,28-060,1994,22.6,43,29,32,11,0,18,25,72.0,7,161,67,41.6,94,64,3,22,10,0,12,46,89,87,2,Matches
271,Suk Hyun-jun,kr KOR,FWMF,Troyes,30-264,1991,1.7,0,0,0,0,0,0,0,,0,28,6,21.4,2,13,13,2,0,0,2,0,0,2,0,Matches
272,Mauro Icardi,ar ARG,FW,Paris S-G,29-029,1993,11.2,4,3,1,2,1,2,6,33.3,4,186,35,18.8,10,57,119,3,0,0,3,8,12,12,0,Matches
273,Jonathan Iglesias,uy URU,MF,Clermont Foot,33-093,1988,6.4,19,10,7,8,4,8,15,53.3,7,160,49,30.6,58,77,25,11,2,0,9,6,25,3,0,Matches
274,Juan Ignacio Ramírez,uy URU,FW,Saint-Étienne,25-047,1997,1.4,3,2,0,2,1,2,2,100.0,0,18,8,44.4,0,8,10,0,0,0,0,1,4,0,0,Matches
275,Danylo Ihnatenko,ua UKR,MFFW,Bordeaux,25-007,1997,0.7,1,1,0,1,0,1,1,100.0,0,11,2,18.2,0,6,5,3,0,0,3,0,1,0,0,Matches
276,Jonathan Ikone,fr FRA,MFFW,Lille,23-322,1998,11.8,13,9,5,7,1,4,13,30.8,9,201,45,22.4,33,103,65,15,0,0,15,8,21,7,0,Matches
277,Bonke Innocent,ng NGA,MF,Lorient,26-059,1996,5.6,17,10,5,12,0,9,22,40.9,13,129,45,34.9,39,76,14,7,1,0,6,20,37,12,1,Matches
278,Wilson Isidor,fr FRA,FWMF,Monaco,21-205,2000,0.6,0,0,0,0,0,0,2,0.0,2,16,1,6.3,3,4,9,1,0,0,1,0,0,0,0,Matches
279,Ismail Jakobs,de GER,DF,Monaco,22-215,1999,10.9,32,20,13,16,3,14,25,56.0,11,163,61,37.4,67,61,35,19,2,0,17,10,42,26,0,Matches
280,Marin Jakoliš,hr CRO,FW,Angers,25-084,1996,1.1,1,1,0,1,0,0,2,0.0,2,17,4,23.5,2,8,7,0,0,0,0,0,1,0,0,Matches
281,Abdel Jalil Medioub,dz ALG,DF,Bordeaux,24-204,1997,5.0,11,5,5,6,0,4,4,100.0,0,34,14,41.2,22,8,4,8,4,0,4,14,25,24,0,Matches
282,Corentin Jean,fr FRA,FWDF,Lens,26-248,1995,2.5,7,5,3,3,1,2,5,40.0,3,43,12,27.9,11,16,16,4,0,0,4,0,7,0,0,Matches
283,Jemerson,br BRA,DF,Metz,29-208,1992,9.5,30,15,22,8,0,8,13,61.5,5,154,56,36.4,114,37,3,26,7,0,19,25,55,26,0,Matches
284,Moritz Jenz,de GER,DF,Lorient,22-324,1999,13.6,30,16,18,10,2,11,22,50.0,11,158,56,35.4,103,46,9,29,12,0,17,29,59,57,0,Matches
285,Lenny Joseph,fr FRA,FWMF,Metz,21-159,2000,1.2,2,2,0,2,0,0,1,0.0,1,39,8,20.5,5,21,13,3,0,0,3,0,2,0,0,Matches
286,Issa Kaboré,bf BFA,DF,Troyes,20-312,2001,16.1,36,20,16,16,4,11,27,40.7,16,257,72,28.0,106,113,38,38,3,0,35,23,59,20,0,Matches
287,Tino Kadewere,zw ZIM,FW,Lyon,26-074,1996,4.1,8,4,2,4,2,3,7,42.9,4,96,30,31.3,7,53,36,6,0,0,6,6,14,0,0,Matches
288,Gaël Kakuta,cd COD,MFFW,Lens,30-272,1991,17.9,30,21,5,17,8,4,12,33.3,8,401,119,29.7,54,221,126,17,1,0,16,11,41,4,0,Matches
289,Arnaud Kalimuendo,fr FRA,FW,Lens,20-058,2002,17.5,6,4,0,3,3,1,6,16.7,5,273,71,26.0,13,96,164,7,1,0,6,6,12,0,0,Matches
290,Arnaud Kalimuendo,fr FRA,FW,Paris S-G,20-058,2002,0.1,0,0,0,0,0,0,1,0.0,1,4,0,0.0,1,1,2,0,0,0,0,0,0,0,0,Matches
291,Samuel Kalu,ng NGA,FWMF,Bordeaux,24-206,1997,3.6,11,9,6,3,2,2,4,50.0,2,45,10,22.2,15,18,12,2,0,0,2,2,13,1,0,Matches
292,Boubacar Kamara,fr FRA,MF,Marseille,22-117,1999,21.0,58,38,28,26,4,14,33,42.4,19,343,140,40.8,120,165,58,33,10,0,23,44,102,41,0,Matches
293,Hassane Kamara,ci CIV,MFDF,Nice,27-182,1994,6.0,17,9,7,6,4,7,10,70.0,3,89,24,27.0,18,44,27,10,2,0,8,13,30,6,0,Matches
294,Jean-Armel Kana-Biyik,cm CMR,DF,Metz,32-260,1989,4.5,7,7,3,4,0,3,4,75.0,1,41,14,34.1,22,19,0,9,3,0,6,13,20,18,1,Matches
295,Nordine Kandil,fr FRA,MFFW,Strasbourg,20-140,2001,0.9,1,0,1,0,0,1,1,100.0,0,15,6,40.0,1,6,8,1,1,0,0,1,2,0,0,Matches
296,Eiji Kawashima,jp JPN,GK,Strasbourg,39-000,1983,1.0,0,0,0,0,0,0,0,,0,0,0,,0,0,0,0,0,0,0,0,0,0,0,Matches
297,Ilan Kebbal,dz ALG,MFFW,Reims,23-254,1998,15.7,30,18,12,10,8,5,34,14.7,29,303,84,27.7,85,141,77,13,0,0,13,14,44,4,0,Matches
298,Thilo Kehrer,de GER,DF,Paris S-G,25-180,1996,14.5,27,19,11,10,6,9,20,45.0,11,161,62,38.5,70,58,33,20,10,0,10,27,54,31,0,Matches
299,Habib Keita,ml MLI,MFFW,Lyon,20-043,2002,0.1,0,0,0,0,0,0,0,,0,0,0,,0,0,0,0,0,0,0,0,0,0,0,Matches
300,Saîf-Eddine Khaoui,tn TUN,MF,Clermont Foot,26-327,1995,4.2,9,9,2,5,2,1,5,20.0,4,68,22,32.4,12,36,20,5,0,0,5,4,13,3,0,Matches
301,Wahbi Khazri,tn TUN,FWMF,Saint-Étienne,31-040,1991,21.2,27,18,4,13,10,6,26,23.1,20,308,88,28.6,31,125,152,14,0,0,14,18,45,5,0,Matches
302,Presnel Kimpembe,fr FRA,DF,Paris S-G,26-219,1995,20.8,27,15,18,7,2,9,13,69.2,4,129,37,28.7,67,49,13,22,13,0,9,43,70,67,1,Matches
303,Justin Kluivert,nl NED,MF,Nice,22-319,1999,13.2,18,9,10,7,1,4,16,25.0,12,217,54,24.9,58,117,42,21,1,0,20,18,36,2,0,Matches
304,Philippe Koffi,fr FRA,FW,Reims,20-011,2002,4.2,5,2,0,5,0,0,3,0.0,3,80,20,25.0,4,38,38,4,1,0,3,3,8,3,0,Matches
305,Sead Kolašinac,ba BIH,DF,Marseille,28-273,1993,2.5,5,4,3,1,1,4,6,66.7,2,33,16,48.5,11,12,10,2,0,0,2,3,8,4,0,Matches
306,Randal Kolo Muani,fr FRA,FW,Nantes,23-105,1998,26.3,20,11,6,6,8,8,24,33.3,16,405,88,21.7,31,165,209,20,5,0,15,9,29,24,0,Matches
307,Timothée Kolodziejczak,fr FRA,DF,Saint-Étienne,30-170,1991,25.1,39,27,17,17,5,11,27,40.7,16,237,92,38.8,110,91,36,41,7,0,34,52,91,78,2,Matches
308,Ghislain Konan,ci CIV,DF,Reims,26-083,1995,20.9,27,16,15,12,0,11,25,44.0,14,169,53,31.4,72,73,24,41,6,0,35,47,74,35,0,Matches
309,Ibrahima Koné,ml MLI,FW,Lorient,22-277,1999,1.5,3,3,0,1,2,0,1,0.0,1,33,11,33.3,3,16,14,0,0,0,0,0,3,0,0,Matches
310,Youssouf Koné,ml MLI,DF,Troyes,26-258,1995,7.7,24,12,20,4,0,10,21,47.6,11,95,25,26.3,54,32,9,14,2,0,12,8,32,12,0,Matches
311,Laurent Koscielny,fr FRA,DF,Bordeaux,36-191,1985,10.4,14,8,6,7,1,6,13,46.2,7,74,25,33.8,47,21,6,24,14,0,10,28,42,42,1,Matches
312,Rominigue Kouamé,ml MLI,MF,Troyes,25-093,1996,25.3,43,25,20,18,5,16,41,39.0,25,436,125,28.7,130,264,42,26,3,0,23,52,95,12,0,Matches
313,Boubakar Kouyaté,ml MLI,DF,Metz,24-339,1997,20.6,57,25,34,22,1,22,49,44.9,27,257,83,32.3,160,84,13,47,23,0,24,62,119,173,0,Matches
314,Jean-Philippe Krasso,fr FRA,FW,Saint-Étienne,24-246,1997,5.0,6,4,0,4,2,3,9,33.3,6,116,37,31.9,11,54,51,7,1,0,6,0,6,1,0,Matches
315,Mykola Kukharevych,ua UKR,FW,Troyes,20-262,2001,0.2,0,0,0,0,0,0,0,,0,6,1,16.7,0,4,2,0,0,0,0,0,0,0,0,Matches
316,Enock Kwateng,fr FRA,DF,Bordeaux,24-345,1997,18.6,46,29,26,16,4,21,61,34.4,40,202,67,33.2,105,71,26,28,4,1,24,64,110,52,0,Matches
317,Grejohn Kyei,fr FRA,FW,Clermont Foot,26-220,1995,2.4,1,1,1,0,0,0,0,,0,57,12,21.1,4,21,32,4,0,0,4,0,1,0,0,Matches
318,Gaëtan Laborde,fr FRA,FW,Rennes,27-321,1994,23.0,17,13,3,7,7,2,17,11.8,15,412,121,29.4,27,170,215,25,2,0,23,14,31,16,0,Matches
319,Gaëtan Laborde,fr FRA,FW,Montpellier,27-321,1994,3.8,3,1,1,0,2,1,3,33.3,2,48,14,29.2,7,18,23,3,0,0,3,4,7,8,0,Matches
320,Tom Lacoux,fr FRA,MFDF,Bordeaux,20-054,2002,5.9,18,13,9,9,0,8,20,40.0,12,118,40,33.9,41,67,10,12,2,0,10,10,28,15,0,Matches
321,Lenny Lacroix,fr FRA,DF,Metz,19-042,2003,0.5,2,1,1,1,0,0,0,,0,8,1,12.5,4,4,0,1,0,0,1,1,3,3,0,Matches
322,Alban Lafont,fr FRA,GK,Nantes,23-056,1999,29.0,0,0,0,0,0,0,3,0.0,3,8,2,25.0,8,0,0,0,0,0,0,0,0,0,0,Matches
323,Julien Laporte,fr FRA,DF,Lorient,28-136,1993,24.1,55,35,30,25,0,19,41,46.3,22,239,96,40.2,147,87,5,44,19,0,25,56,111,151,0,Matches
324,Yasser Larouci,dz ALG,DF,Troyes,21-078,2001,1.5,1,0,1,0,0,0,0,,0,19,3,15.8,11,6,2,4,0,0,4,5,6,6,0,Matches
325,Paul Lasne,fr FRA,MFFW,Brest,33-063,1989,2.7,5,2,1,2,2,1,5,20.0,4,64,21,32.8,9,39,16,4,0,0,4,4,9,4,0,Matches
326,Armand Lauriente,fr FRA,FWMF,Lorient,23-106,1998,20.2,26,20,7,14,5,10,25,40.0,15,378,96,25.4,62,196,120,15,1,0,14,22,48,0,0,Matches
327,Théo Le Bris,fr FRA,MF,Lorient,19-170,2002,0.7,2,2,0,2,0,0,1,0.0,1,12,3,25.0,5,6,1,4,0,0,4,1,3,0,0,Matches
328,Jérémy Le Douaron,fr FRA,FW,Brest,23-333,1998,15.2,9,7,2,5,2,0,15,0.0,15,382,76,19.9,35,228,119,16,2,0,14,7,16,13,0,Matches
329,Enzo Le Fée,fr FRA,MF,Lorient,22-045,2000,16.6,47,32,19,23,5,14,57,24.6,43,424,123,29.0,152,211,61,18,0,0,18,30,77,13,0,Matches
330,Vincent Le Goff,fr FRA,DF,Lorient,32-156,1989,24.0,49,28,29,17,3,28,51,54.9,23,309,102,33.0,136,136,37,31,2,0,29,36,85,40,1,Matches
331,Maxime Le Marchand,fr FRA,DF,Strasbourg,32-160,1989,7.2,12,3,11,1,0,3,7,42.9,4,68,18,26.5,44,21,3,12,6,0,6,14,26,17,0,Matches
332,Jean-Louis Leca,fr FRA,GK,Lens,36-180,1985,22.5,0,0,0,0,0,0,0,,0,0,0,,0,0,0,0,0,0,0,0,0,0,0,Matches
333,Félix Lemaréchal,ci CIV,MF,Monaco,18-225,2003,0.1,0,0,0,0,0,0,0,,0,2,1,50.0,0,1,1,0,0,0,0,0,0,0,0,Matches
334,Mario Lemina,ga GAB,MF,Nice,28-200,1993,17.5,58,37,28,22,8,16,32,50.0,16,240,92,38.3,87,123,30,25,6,1,19,40,98,33,0,Matches
335,Fabien Lemoine,fr FRA,MF,Lorient,35-004,1987,9.5,32,23,15,14,3,12,36,33.3,24,237,72,30.4,104,110,23,15,3,0,12,15,47,17,0,Matches
336,Léo Leroy,fr FRA,MF,Montpellier,22-034,2000,2.2,8,4,6,2,0,2,11,18.2,9,74,13,17.6,26,35,13,5,1,0,4,1,9,3,0,Matches
337,Yanis Lhery,fr FRA,FWMF,Saint-Étienne,18-317,2003,0.8,2,1,2,0,0,0,0,,0,25,8,32.0,3,15,7,3,0,0,3,1,3,0,0,Matches
338,Dimitri Liénard,fr FRA,DFMF,Strasbourg,34-035,1988,15.5,44,21,24,11,9,23,51,45.1,28,248,62,25.0,105,94,49,23,0,0,23,26,70,16,0,Matches
339,Isaac Lihadji,fr FRA,MFDF,Lille,19-344,2002,1.8,2,1,1,1,0,1,3,33.3,2,38,12,31.6,12,15,11,0,0,0,0,3,5,1,0,Matches
340,Pol Lirola,es ESP,DFMF,Marseille,24-219,1997,16.7,19,13,8,8,3,7,28,25.0,21,182,66,36.3,56,73,53,22,0,0,22,25,44,15,0,Matches
341,Banzouzi Locko,fr FRA,DFMF,Reims,19-318,2002,7.5,19,12,6,9,4,7,14,50.0,7,134,39,29.1,55,64,15,20,6,0,14,7,26,6,0,Matches
342,Anthony Lopes,pt POR,GK,Lyon,31-170,1990,26.8,0,0,0,0,0,0,0,,0,4,0,0.0,4,0,0,0,0,0,0,0,0,0,2,Matches
343,Pau López,es ESP,GK,Marseille,27-097,1994,24.0,0,0,0,0,0,0,2,0.0,2,2,0,0.0,2,0,0,0,0,0,0,0,0,1,0,Matches
344,Dion Lopy,sn SEN,MF,Reims,20-046,2002,11.2,29,18,17,10,2,5,24,20.8,19,271,66,24.4,111,139,21,16,3,0,13,23,52,11,0,Matches
345,Samuel Loric,fr FRA,DF,Lorient,21-258,2000,3.0,7,3,3,3,1,1,3,33.3,2,47,15,31.9,15,24,8,7,0,0,7,10,17,8,0,Matches
346,Jordan Lotomba,ch SUI,DF,Nice,23-172,1998,14.4,28,12,11,15,2,14,28,50.0,14,148,40,27.0,54,65,29,22,2,0,20,16,44,21,0,Matches
347,Jean Lucas,br BRA,MF,Monaco,23-271,1998,14.7,47,32,11,29,7,11,32,34.4,21,330,100,30.3,68,177,85,22,6,0,16,27,74,4,0,Matches
348,Castello Lukeba,fr FRA,DF,Lyon,19-093,2002,14.3,19,12,14,5,0,6,13,46.2,7,151,58,38.4,82,63,6,16,6,0,10,40,59,48,1,Matches
349,Levi Lumeka,eng ENG,DFFW,Troyes,23-196,1998,0.7,0,0,0,0,0,0,0,,0,27,4,14.8,10,13,4,0,0,0,0,0,0,2,0,Matches
350,Yannis M'Bemba,fr FRA,DFFW,Nantes,20-262,2001,0.1,0,0,0,0,0,0,0,,0,2,2,100.0,2,0,0,0,0,0,0,0,0,0,0,Matches
351,Deiver Machado,co COL,DF,Lens,28-199,1993,3.6,8,5,4,2,2,5,6,83.3,1,59,24,40.7,21,22,16,6,0,0,6,2,10,5,0,Matches
352,Yvann Macon,fr FRA,DF,Saint-Étienne,23-170,1998,13.8,41,27,23,16,2,15,41,36.6,26,243,75,30.9,104,97,42,36,5,0,31,23,64,22,1,Matches
353,Louis Mafouta,cf CTA,FW,Metz,27-261,1994,4.0,1,1,0,1,0,0,4,0.0,4,70,19,27.1,4,26,40,2,0,0,2,0,1,2,0,Matches
354,Hugo Magnetti,fr FRA,MF,Brest,23-294,1998,14.0,52,37,25,24,3,13,35,37.1,22,311,119,38.3,122,157,32,15,2,0,13,39,91,12,0,Matches
355,Yohann Magnin,fr FRA,MFDF,Clermont Foot,24-272,1997,11.4,42,24,19,17,6,12,24,50.0,12,248,80,32.3,80,131,37,14,3,0,11,14,56,17,1,Matches
356,Habib Maïga,ci CIV,MFFW,Metz,26-078,1996,14.1,54,32,29,20,5,21,46,45.7,25,373,99,26.5,148,184,41,28,8,0,20,17,71,18,0,Matches
357,Josh Maja,ng NGA,FW,Bordeaux,23-083,1998,0.1,0,0,0,0,0,0,0,,0,2,0,0.0,0,0,2,0,0,0,0,0,0,0,0,Matches
358,Abdul Majeed Waris,gh GHA,MFFW,Strasbourg,30-182,1991,3.6,4,3,2,2,0,4,7,57.1,3,36,8,22.2,6,11,19,2,0,0,2,2,6,1,0,Matches
359,Lovro Majer,hr CRO,MF,Rennes,24-062,1998,12.2,30,21,10,17,3,8,27,29.6,19,272,75,27.6,51,131,90,14,2,0,12,18,48,6,0,Matches
360,Béni Makouana,cg CGO,FWMF,Montpellier,19-173,2002,2.3,4,4,1,1,2,0,1,0.0,1,59,14,23.7,6,28,25,2,0,0,2,2,6,1,0,Matches
361,Hianga Mananga Mbock,fr FRA,MF,Brest,22-082,1999,8.2,22,14,9,10,3,9,22,40.9,13,215,56,26.0,76,112,27,10,2,0,8,5,27,7,0,Matches
362,Vincent Manceau,fr FRA,DF,Angers,32-253,1989,22.9,30,15,15,15,0,11,37,29.7,26,218,74,33.9,118,83,17,36,7,0,29,40,70,57,0,Matches
363,Steve Mandanda,fr FRA,GK,Marseille,36-357,1985,4.0,0,0,0,0,0,0,0,,0,0,0,,0,0,0,1,0,0,1,0,0,0,0,Matches
364,Reinildo Mandava,mz MOZ,DF,Lille,28-058,1994,16.9,49,33,37,8,4,30,53,56.6,23,215,77,35.8,122,69,24,39,4,0,35,37,86,48,1,Matches
365,Eliaquim Mangala,fr FRA,DF,Saint-Étienne,31-035,1991,5.5,4,2,3,1,0,0,2,0.0,2,44,19,43.2,22,21,1,12,4,0,8,18,22,38,0,Matches
366,Thomas Mangani,fr FRA,MF,Angers,34-325,1987,21.4,61,40,25,36,0,22,53,41.5,31,464,132,28.4,170,258,36,38,10,0,28,35,96,37,0,Matches
367,Ricardo Mangas,pt POR,DF,Bordeaux,24-001,1998,18.3,25,12,19,4,2,12,26,46.2,14,210,62,29.5,118,72,20,28,1,0,27,36,61,39,2,Matches
368,Myziane Maolida,fr FRA,MFFW,Nice,23-034,1999,0.4,1,1,1,0,0,0,0,,0,6,3,50.0,4,2,0,1,0,0,1,0,1,0,0,Matches
369,Sekou Mara,fr FRA,FW,Bordeaux,19-233,2002,5.4,6,5,3,2,1,0,4,0.0,4,121,30,24.8,11,64,46,3,0,0,3,1,7,1,0,Matches
370,Marcelo,br BRA,DF,Bordeaux,34-304,1987,5.0,3,1,3,0,0,1,2,50.0,1,31,8,25.8,21,9,1,3,0,0,3,8,11,25,1,Matches
371,Marcelo,br BRA,DF,Lyon,34-304,1987,2.0,4,3,0,4,0,4,5,80.0,1,16,9,56.3,7,9,0,4,2,1,2,4,8,12,0,Matches
372,Guillermo Maripán,cl CHI,DF,Monaco,27-318,1994,18.2,39,29,30,9,0,19,39,48.7,20,166,69,41.6,106,59,1,25,13,1,12,35,74,81,0,Matches
373,Marquinhos,br BRA,DF,Paris S-G,27-310,1994,23.0,25,14,20,4,1,15,28,53.6,13,194,63,32.5,96,76,22,34,18,0,16,34,59,73,0,Matches
374,Jonas Martin,fr FRA,MF,Rennes,31-345,1990,17.7,28,17,11,16,1,14,35,40.0,21,257,67,26.1,77,144,36,22,3,0,19,21,49,22,0,Matches
375,Gelson Martins,pt POR,FWMF,Monaco,26-313,1995,19.1,43,26,10,30,3,16,52,30.8,36,423,128,30.3,72,215,136,23,3,0,20,25,68,4,0,Matches
376,Pape Matar Sarr,sn SEN,MF,Metz,19-187,2002,16.4,37,25,14,16,7,8,26,30.8,18,297,81,27.3,98,144,55,22,2,0,20,29,66,15,0,Matches
377,Eliot Matazo,be BEL,MF,Monaco,20-033,2002,7.8,11,9,4,6,1,2,8,25.0,6,147,40,27.2,38,84,25,11,2,0,9,17,28,7,0,Matches
378,Chrislain Matsima,fr FRA,DF,Monaco,19-309,2002,1.4,4,3,1,3,0,2,7,28.6,5,21,7,33.3,12,9,0,4,4,0,0,2,6,9,0,Matches
379,Azor Matusiwa,nl NED,MF,Reims,23-326,1998,18.8,53,35,20,31,2,22,40,55.0,18,305,95,31.1,118,157,30,39,11,1,28,42,95,38,0,Matches
380,Stephy Mavididi,eng ENG,FWMF,Montpellier,23-293,1998,18.8,22,11,10,9,3,13,26,50.0,13,308,74,24.0,81,130,97,17,2,0,15,19,41,6,0,Matches
381,Derek Mazou-Sacko,fr FRA,FW,Troyes,17-165,2004,0.0,0,0,0,0,0,0,0,,0,0,0,,0,0,0,0,0,0,0,0,0,0,0,Matches
382,Kylian Mbappé,fr FRA,FW,Paris S-G,23-090,1998,23.6,10,7,1,3,6,4,11,36.4,7,197,49,24.9,11,44,142,2,0,0,2,12,22,10,0,Matches
383,Amadou Mbengue,sn SEN,DFMF,Metz,20-074,2002,5.4,16,10,10,6,0,6,13,46.2,7,88,24,27.3,42,42,4,14,3,0,11,8,24,15,0,Matches
384,Jason Mbock,fr FRA,FW,Angers,22-139,1999,0.2,0,0,0,0,0,0,0,,0,11,5,45.5,1,4,6,0,0,0,0,0,0,0,0,Matches
385,Moustapha Mbow,sn SEN,DF,Reims,22-012,2000,1.0,6,4,3,2,1,1,2,50.0,1,17,6,35.3,11,5,1,0,0,0,0,1,7,7,0,Matches
386,Nathanael Mbuku,fr FRA,FWMF,Reims,20-004,2002,13.4,18,10,6,8,4,4,8,50.0,4,194,54,27.8,49,82,63,13,1,0,12,19,37,8,0,Matches
387,Facundo Medina,ar ARG,DF,Lens,22-296,1999,22.8,62,44,36,22,4,31,54,57.4,23,285,107,37.5,113,146,26,38,7,1,31,49,111,64,0,Matches
388,Farid El Melali,dz ALG,FW,Angers,24-250,1997,0.2,0,0,0,0,0,0,0,,0,6,1,16.7,2,3,1,1,0,0,1,0,0,0,0,Matches
389,Birger Meling,no NOR,DF,Rennes,27-093,1994,17.7,50,28,27,13,10,24,39,61.5,15,255,90,35.3,115,75,65,40,7,1,33,29,79,30,0,Matches
390,Houboulang Mendes,fr FRA,DF,Lorient,23-320,1998,26.8,55,30,33,18,4,28,50,56.0,22,349,113,32.4,189,124,36,51,19,0,32,58,113,105,2,Matches
391,Nuno Mendes,pt POR,DF,Paris S-G,19-274,2002,12.2,31,15,17,11,3,16,33,48.5,17,168,60,35.7,64,71,33,29,4,0,25,25,56,14,0,Matches
392,Thiago Mendes,br BRA,MFDF,Lyon,30-005,1992,14.0,36,23,18,16,2,12,23,52.2,11,209,72,34.4,72,115,22,20,5,0,15,38,74,36,1,Matches
393,Arial Mendy,sn SEN,FWDF,Clermont Foot,27-133,1994,5.2,5,4,4,1,0,4,13,30.8,9,53,10,18.9,15,19,19,6,1,0,5,5,10,4,0,Matches
394,Batista Mendy,fr FRA,MFDF,Angers,22-067,2000,20.0,37,27,18,16,3,16,35,45.7,19,303,97,32.0,130,148,25,40,3,0,37,35,72,36,0,Matches
395,Gideon Mensah,gh GHA,DF,Bordeaux,23-245,1998,9.2,30,12,17,9,4,10,19,52.6,9,153,50,32.7,64,59,30,7,1,0,6,21,51,15,0,Matches
396,Quentin Merlin,fr FRA,DF,Nantes,19-308,2002,13.9,36,16,16,16,4,19,34,55.9,15,240,63,26.3,93,107,40,23,2,1,21,25,61,13,0,Matches
397,Lionel Messi,ar ARG,FWMF,Paris S-G,34-269,1987,15.9,7,5,1,4,2,3,13,23.1,10,144,39,27.1,12,56,76,4,0,0,4,10,17,0,0,Matches
398,Mexer,mz MOZ,DF,Bordeaux,33-193,1988,13.6,17,13,13,4,0,8,19,42.1,11,64,23,35.9,45,15,4,19,9,0,10,29,46,74,0,Matches
399,Edouard Michut,fr FRA,MF,Paris S-G,19-016,2003,0.3,0,0,0,0,0,0,0,,0,5,3,60.0,2,3,0,0,0,0,0,0,0,2,0,Matches
400,Georges Mikautadze,ge GEO,FW,Metz,21-140,2000,0.0,0,0,0,0,0,0,0,,0,1,0,0.0,0,0,1,0,0,0,0,1,1,0,0,Matches
401,William Mikelbrencis,fr FRA,DF,Metz,18-023,2004,1.7,3,3,1,2,0,0,0,,0,17,6,35.3,9,8,0,3,1,0,2,1,4,0,0,Matches
402,Arkadiusz Milik,pl POL,FW,Marseille,28-020,1994,11.8,8,4,0,5,3,3,10,30.0,7,187,57,30.5,11,65,111,6,1,0,5,3,11,7,0,Matches
403,Terem Moffi,ng NGA,FW,Lorient,22-299,1999,22.8,13,10,2,5,6,5,17,29.4,12,317,89,28.1,20,143,154,15,3,0,12,8,21,18,0,Matches
404,Dion Moise Sahi,ci CIV,FWMF,Strasbourg,20-090,2001,1.1,0,0,0,0,0,0,0,,0,16,3,18.8,3,7,6,1,0,0,1,0,0,0,0,Matches
405,Florent Mollet,fr FRA,FWMF,Montpellier,30-121,1991,22.0,25,14,14,7,4,9,46,19.6,37,310,73,23.5,88,144,78,29,2,0,27,25,50,10,0,Matches
406,Thomas Monconduit,fr FRA,MF,Lorient,31-038,1991,18.7,32,22,14,14,4,8,33,24.2,25,364,90,24.7,110,216,38,26,5,0,21,26,58,40,0,Matches
407,Jérémy Morel,mg MAD,DF,Lorient,37-352,1984,3.6,10,6,7,3,0,3,3,100.0,0,30,13,43.3,15,14,1,7,5,0,2,10,20,19,0,Matches
408,Lebo Mothiba,za RSA,FW,Strasbourg,26-051,1996,0.0,0,0,0,0,0,0,0,,0,2,1,50.0,0,1,1,0,0,0,0,0,0,0,0,Matches
409,Lebo Mothiba,za RSA,FW,Troyes,26-051,1996,3.4,7,6,1,4,2,2,2,100.0,0,58,16,27.6,5,35,18,0,0,0,0,3,10,0,0,Matches
410,Baptiste Mouazan,fr FRA,MF,Lorient,20-174,2001,1.1,4,3,2,2,0,0,1,0.0,1,33,9,27.3,14,15,4,3,0,0,3,1,5,2,0,Matches
411,Aimen Moueffek,fr FRA,MF,Saint-Étienne,20-345,2001,4.6,7,6,1,6,0,1,10,10.0,9,126,41,32.5,38,61,27,2,0,0,2,7,14,5,0,Matches
412,Harold Moukoudi,cm CMR,DF,Saint-Étienne,24-113,1997,14.5,25,17,18,7,0,7,23,30.4,16,141,71,50.4,89,50,2,32,12,0,20,36,61,53,2,Matches
413,Steve Mounié,bj BEN,FW,Brest,27-172,1994,18.7,14,9,0,11,3,3,17,17.6,14,389,94,24.2,33,243,113,14,3,0,11,10,24,11,0,Matches
414,Samuel Moutoussamy,cd COD,MF,Nantes,25-220,1996,11.9,44,33,23,13,8,18,43,41.9,25,352,88,25.0,118,193,41,8,2,0,6,20,64,17,0,Matches
415,Marshall Munetsi,zw ZIM,MFDF,Reims,25-271,1996,14.2,40,18,22,16,2,12,30,40.0,18,253,80,31.6,102,123,28,29,9,0,20,35,75,59,1,Matches
416,Kévin N'Doram,fr FRA,MFDF,Metz,26-057,1996,8.8,10,9,5,5,0,1,13,7.7,12,142,39,27.5,42,87,13,17,3,0,14,20,30,16,1,Matches
417,Vital N'Simba,cd COD,DF,Clermont Foot,28-255,1993,25.7,71,55,39,26,6,31,49,63.3,18,283,111,39.2,138,106,39,37,6,0,31,55,126,21,1,Matches
418,Mickael Nade,fr FRA,DF,Saint-Étienne,23-016,1999,20.8,64,41,50,11,3,22,34,64.7,12,233,102,43.8,149,72,12,41,13,1,28,59,123,75,0,Matches
419,Paul Nardi,fr FRA,GK,Lorient,27-306,1994,22.0,0,0,0,0,0,0,1,0.0,1,4,0,0.0,4,0,0,0,0,0,0,0,0,0,3,Matches
420,Keylor Navas,cr CRC,GK,Paris S-G,35-095,1986,16.7,0,0,0,0,0,0,0,,0,2,0,0.0,2,0,0,0,0,0,0,0,0,0,1,Matches
421,Papa Ndiaga Yade,sn SEN,DFMF,Metz,22-074,2000,5.8,14,7,7,4,3,4,9,44.4,5,80,20,25.0,33,31,16,6,1,0,5,11,25,8,0,Matches
422,Tanguy Ndombele,fr FRA,MF,Lyon,25-082,1996,4.4,14,12,3,7,4,6,9,66.7,3,79,27,34.2,23,41,15,1,0,0,1,8,22,3,0,Matches
423,Dan Ndoye,ch SUI,FWMF,Nice,21-146,2000,2.3,1,1,0,1,0,0,5,0.0,5,37,7,18.9,2,20,15,3,0,0,3,0,1,1,0,Matches
424,Neymar,br BRA,FWMF,Paris S-G,30-043,1992,12.9,17,9,4,4,9,8,24,33.3,16,185,54,29.2,33,58,94,5,0,0,5,9,26,1,0,Matches
425,Yvan Neyou,cm CMR,MF,Saint-Étienne,25-076,1997,9.9,29,16,11,17,1,5,23,21.7,18,145,49,33.8,51,80,14,16,3,0,13,24,53,13,1,Matches
426,Opa Nguette,sn SEN,FWMF,Metz,27-255,1994,10.7,25,17,11,8,6,8,14,57.1,6,210,58,27.6,42,96,72,15,3,0,12,2,27,9,0,Matches
427,Sikou Niakaté,fr FRA,DF,Metz,22-253,1999,4.2,10,5,6,4,0,6,11,54.5,5,55,16,29.1,27,26,2,10,4,0,6,15,25,25,0,Matches
428,Ibrahima Niane,sn SEN,FW,Metz,23-009,1999,15.8,1,0,0,1,0,0,6,0.0,6,196,55,28.1,20,72,104,9,2,0,7,6,7,13,0,Matches
429,M'Baye Niang,sn SEN,FW,Bordeaux,27-091,1994,3.5,1,1,0,0,1,0,1,0.0,1,63,10,15.9,5,35,23,1,1,0,0,0,1,1,0,Matches
430,Cheikh Niasse,sn SEN,MFFW,Lille,22-060,2000,0.5,2,2,1,0,1,1,2,50.0,1,10,4,40.0,5,4,1,4,1,0,3,0,2,2,0,Matches
431,Casimir Ninga,td CHA,FW,Angers,28-307,1993,3.5,5,1,1,4,0,1,5,20.0,4,69,12,17.4,5,40,24,3,0,0,3,2,7,0,0,Matches
432,Arnaud Nordin,fr FRA,FWMF,Saint-Étienne,23-276,1998,15.2,17,12,9,5,3,5,15,33.3,10,209,54,25.8,38,96,75,18,0,0,18,14,31,7,0,Matches
433,Alexander Nübel,de GER,GK,Monaco,25-171,1996,28.0,0,0,0,0,0,0,0,,0,1,0,0.0,1,0,0,0,0,0,0,0,0,0,1,Matches
434,Gerzino Nyamsi,fr FRA,DF,Strasbourg,25-057,1997,23.2,31,14,20,10,1,13,21,61.9,8,165,66,40.0,101,54,10,29,10,0,19,29,60,79,1,Matches
435,Florent Ogier,fr FRA,DF,Clermont Foot,32-364,1989,20.3,24,14,20,4,0,11,24,45.8,13,156,64,41.0,92,59,5,46,22,1,24,29,53,79,1,Matches
436,Warmed Omari,fr FRA,DF,Rennes,21-331,2000,21.1,29,18,18,10,1,13,22,59.1,9,147,57,38.8,80,60,7,21,12,0,9,36,65,72,3,Matches
437,Jonas Omlin,ch SUI,GK,Montpellier,28-069,1994,22.8,0,0,0,0,0,0,1,0.0,1,3,0,0.0,3,0,0,1,0,0,1,0,0,1,2,Matches
438,Amadou Onana,be BEL,MF,Lille,20-216,2001,10.0,36,21,15,18,3,4,10,40.0,6,177,57,32.2,58,105,14,8,4,0,4,21,57,12,0,Matches
439,Jean Onana,cm CMR,MF,Bordeaux,22-071,2000,14.1,53,38,23,24,6,23,58,39.7,35,342,124,36.3,94,194,54,39,3,0,36,53,106,12,0,Matches
440,Otávio,br BRA,MF,Bordeaux,27-320,1994,12.7,43,31,22,19,2,17,43,39.5,26,293,84,28.7,98,168,27,12,4,0,8,17,60,16,0,Matches
441,Dango Ouattara,bf BFA,MFFW,Lorient,20-037,2002,6.0,20,10,6,13,1,8,15,53.3,7,143,36,25.2,41,65,37,11,0,0,11,9,29,10,1,Matches
442,Remi Oudin,fr FRA,MFFW,Bordeaux,25-122,1996,17.4,32,21,15,13,4,11,27,40.7,16,196,60,30.6,54,81,61,21,1,0,20,26,58,13,0,Matches
443,Alexandre Oukidja,dz ALG,GK,Metz,33-244,1988,18.0,0,0,0,0,0,0,0,,0,4,0,0.0,4,0,0,2,0,0,2,0,0,0,1,Matches
444,Azzedine Ounahi,ma MAR,MF,Angers,21-335,2000,13.7,35,24,18,16,1,12,36,33.3,24,288,71,24.7,80,151,57,18,1,0,17,24,59,10,0,Matches
445,Ambroise Oyongo,cm CMR,DF,Montpellier,30-271,1991,3.1,4,1,2,2,0,1,3,33.3,2,40,12,30.0,20,16,4,7,0,0,7,3,7,6,0,Matches
446,Vincent Pajot,fr FRA,MF,Metz,31-213,1990,19.3,63,39,22,35,6,13,38,34.2,25,410,123,30.0,129,241,40,29,2,0,27,50,113,28,0,Matches
447,Nicolas Pallois,fr FRA,DF,Nantes,34-182,1987,22.4,53,32,37,14,2,21,45,46.7,24,199,74,37.2,119,67,13,44,18,0,26,66,119,114,1,Matches
448,Erik Palmer-Brown,us USA,DF,Troyes,24-330,1997,10.7,23,13,19,4,0,14,21,66.7,7,110,45,40.9,72,35,3,18,10,0,8,26,49,47,0,Matches
449,Emerson Palmieri,it ITA,DF,Lyon,27-229,1994,21.1,45,31,15,23,7,23,32,71.9,9,187,65,34.8,56,90,41,34,5,0,29,42,87,55,0,Matches
450,Lucas Paquetá,br BRA,FWMF,Lyon,24-205,1997,21.9,66,45,20,30,16,20,42,47.6,22,498,161,32.3,97,233,168,32,5,0,27,20,86,13,0,Matches
451,Rubén Pardo,es ESP,MF,Bordeaux,29-149,1992,0.1,0,0,0,0,0,0,0,,0,6,0,0.0,0,5,1,0,0,0,0,0,0,0,0,Matches
452,Leandro Paredes,ar ARG,MF,Paris S-G,27-264,1994,8.1,21,17,9,7,5,8,20,40.0,12,102,39,38.2,34,47,21,8,5,0,3,14,35,2,0,Matches
453,Strahinja Pavlović,rs SRB,DF,Monaco,20-300,2001,5.0,21,12,11,9,1,3,10,30.0,7,76,37,48.7,38,35,3,7,3,0,4,15,36,23,0,Matches
454,Dimitri Payet,fr FRA,FWMF,Marseille,34-356,1987,23.1,12,7,3,7,2,4,21,19.0,17,227,68,30.0,31,88,108,4,0,0,4,11,23,1,0,Matches
455,Timothee Pembele,fr FRA,DF,Bordeaux,19-192,2002,15.4,24,15,12,10,2,8,25,32.0,17,225,68,30.2,85,77,63,21,3,1,18,34,58,14,0,Matches
456,Mathias Pereira Lage,pt POR,DFFW,Angers,25-110,1996,6.1,9,4,4,3,2,3,18,16.7,15,152,41,27.0,61,68,23,17,4,0,13,16,25,14,0,Matches
457,Brayann Pereira,fr FRA,DF,Lens,18-303,2003,0.2,1,0,1,0,0,0,0,,0,4,0,0.0,3,1,0,0,0,0,0,1,2,0,0,Matches
458,Danilo Pereira,pt POR,MF,Paris S-G,30-192,1991,14.8,24,15,9,13,2,7,21,33.3,14,168,50,29.8,44,93,31,21,9,0,12,31,55,19,1,Matches
459,Luan Peres Petroni,br BRA,DF,Marseille,27-244,1994,22.8,60,23,33,21,6,21,41,51.2,20,220,65,29.5,104,91,25,51,11,0,40,38,98,51,0,Matches
460,Lucas Perrin,fr FRA,DF,Strasbourg,23-121,1998,21.1,31,21,20,9,2,14,26,53.8,12,222,73,32.9,113,89,20,29,6,0,23,45,76,63,0,Matches
461,Danijel Petković,me MNE,GK,Angers,28-299,1993,15.0,0,0,0,0,0,0,1,0.0,1,1,1,100.0,1,0,0,0,0,0,0,0,0,2,3,Matches
462,Léo Pétrot,fr FRA,DF,Lorient,24-339,1997,13.2,20,6,13,6,1,8,14,57.1,6,111,42,37.8,58,48,5,24,10,0,14,36,56,58,0,Matches
463,Romain Philippoteaux,fr FRA,MF,Brest,34-018,1988,0.3,1,1,0,1,0,0,0,,0,5,1,20.0,0,1,4,0,0,0,0,0,1,0,0,Matches
464,Jérôme Phojo,fr FRA,DF,Clermont Foot,28-339,1993,0.1,0,0,0,0,0,0,0,,0,1,0,0.0,1,0,0,0,0,0,0,1,1,1,0,Matches
465,Ronaël Pierre-Gabriel,fr FRA,DF,Brest,23-280,1998,23.3,68,43,42,20,6,24,50,48.0,26,330,100,30.3,163,121,46,33,6,0,27,50,118,53,0,Matches
466,Julian Pollersbeck,de GER,GK,Lyon,27-216,1994,1.2,0,0,0,0,0,0,0,,0,0,0,,0,0,0,0,0,0,0,0,0,0,0,Matches
467,Gaëtan Poussin,fr FRA,GK,Bordeaux,23-066,1999,7.0,0,0,0,0,0,0,0,,0,1,1,100.0,1,0,0,0,0,0,0,0,0,0,0,Matches
468,Sanjin Prcić,ba BIH,MF,Strasbourg,28-120,1993,19.1,40,24,13,23,4,10,29,34.5,19,243,81,33.3,72,133,38,18,2,0,16,35,75,21,0,Matches
469,Nicolas de Préville,fr FRA,FWMF,Metz,31-071,1991,14.0,18,10,4,8,6,6,13,46.2,7,237,65,27.4,29,114,94,17,1,0,16,14,32,4,1,Matches
470,Nemanja Radonjić,rs SRB,MF,Marseille,26-033,1996,0.2,0,0,0,0,0,0,0,,0,6,2,33.3,1,1,4,0,0,0,0,0,0,0,0,Matches
471,Rafinha,br BRA,FWMF,Paris S-G,29-036,1993,2.4,11,7,2,6,3,3,9,33.3,6,71,23,32.4,11,34,26,5,0,0,5,4,15,1,0,Matches
472,Predrag Rajković,rs SRB,GK,Reims,26-140,1995,28.0,0,0,0,0,0,0,0,,0,5,1,20.0,4,0,1,1,0,0,1,0,0,2,3,Matches
473,Adil Rami,fr FRA,DF,Troyes,36-083,1985,11.9,17,13,10,6,1,11,14,78.6,3,81,29,35.8,48,31,2,16,8,0,8,17,34,40,0,Matches
474,Sergio Ramos,es ESP,DF,Paris S-G,35-355,1986,2.7,7,3,3,4,0,4,6,66.7,2,28,15,53.6,15,11,2,1,0,0,1,4,11,4,0,Matches
475,Elba Rashani,xk KVX,FWMF,Clermont Foot,28-315,1993,18.5,40,29,14,22,4,17,50,34.0,33,438,115,26.3,116,215,107,38,4,0,34,22,62,14,0,Matches
476,Jeff Reine-Adélaïde,fr FRA,MF,Lyon,24-062,1998,0.2,1,1,1,0,0,0,0,,0,4,1,25.0,1,3,0,1,0,0,1,0,1,0,0,Matches
477,Tiago Ribeiro,pt POR,FW,Monaco,20-006,2002,0.0,0,0,0,0,0,0,0,,0,0,0,,0,0,0,0,0,0,0,0,0,0,0,Matches
478,Sergio Rico,es ESP,GK,Paris S-G,28-200,1993,0.3,0,0,0,0,0,0,0,,0,0,0,,0,0,0,0,0,0,0,0,0,0,0,Matches
479,Renaud Ripart,fr FRA,FWDF,Troyes,29-006,1993,14.7,24,12,14,7,3,11,32,34.4,21,301,69,22.9,90,142,69,25,3,0,22,8,32,14,0,Matches
480,Mihailo Ristić,rs SRB,DF,Montpellier,26-140,1995,17.2,50,30,30,14,6,21,42,50.0,21,194,54,27.8,105,59,30,30,4,0,26,31,81,35,0,Matches
481,Maxence Rivera,fr FRA,FW,Saint-Étienne,19-294,2002,0.1,0,0,0,0,0,0,0,,0,4,3,75.0,3,1,0,0,0,0,0,0,0,0,0,Matches
482,Patrick Roberts,eng ENG,DF,Troyes,25-043,1997,0.2,0,0,0,0,0,0,0,,0,0,0,,0,0,0,0,0,0,0,0,0,0,0,Matches
483,Stian Rode Gregersen,no NOR,DF,Bordeaux,26-307,1995,18.1,31,20,22,9,0,8,19,42.1,11,201,78,38.8,122,73,6,35,19,2,16,51,82,93,1,Matches
484,Gerson Rodrigues,lu LUX,FW,Troyes,26-273,1995,9.4,11,7,3,7,1,1,14,7.1,13,180,36,20.0,23,98,59,10,2,0,8,2,13,2,0,Matches
485,Valentin Rongier,fr FRA,MFDF,Marseille,27-103,1994,16.6,58,41,23,31,4,16,38,42.1,22,322,101,31.4,103,162,57,27,2,0,25,25,83,8,0,Matches
486,Pablo Rosario,nl NED,MF,Nice,25-072,1997,21.8,48,28,15,26,7,15,48,31.3,33,361,110,30.5,99,204,58,30,10,0,20,39,87,35,0,Matches
487,Roli Pereira de Sa,fr FRA,MF,Nantes,25-100,1996,5.8,11,8,3,5,3,2,10,20.0,8,136,32,23.5,36,76,24,7,0,0,7,7,18,3,0,Matches
488,Mathys Saban,fr FRA,FWMF,Saint-Étienne,19-309,2002,0.8,1,0,0,1,0,0,1,0.0,1,13,1,7.7,5,6,2,2,0,0,2,0,1,0,0,Matches
489,Falaye Sacko,ml MLI,DF,Saint-Étienne,26-323,1995,6.1,17,9,14,3,0,12,17,70.6,5,85,26,30.6,43,38,4,12,6,0,6,16,33,11,0,Matches
490,Rafiki Said Ahamada,fr FRA,MFFW,Brest,22-005,2000,0.7,3,2,2,1,0,1,1,100.0,0,17,6,35.3,6,6,5,1,0,0,1,0,3,0,0,Matches
491,Wesley Saïd,fr FRA,FWMF,Lens,26-335,1995,6.0,7,3,1,5,1,2,5,40.0,3,129,30,23.3,10,77,42,6,1,0,5,3,10,0,0,Matches
492,Mamadou Sakho,fr FRA,DF,Montpellier,32-035,1990,20.6,30,15,25,3,2,13,17,76.5,4,100,40,40.0,72,25,3,41,30,1,11,46,76,101,0,Matches
493,Bakary Sako,ml MLI,FWMF,Saint-Étienne,33-328,1988,1.2,0,0,0,0,0,0,0,,0,18,4,22.2,1,10,7,2,1,1,1,1,1,0,0,Matches
494,William Saliba,fr FRA,DF,Marseille,20-361,2001,27.0,58,39,40,15,3,14,28,50.0,14,229,109,47.6,126,90,13,36,10,0,26,55,113,68,1,Matches
495,Romain Salin,fr FRA,GK,Rennes,37-234,1984,1.0,0,0,0,0,0,0,0,,0,0,0,,0,0,0,0,0,0,0,0,0,0,0,Matches
496,Yoann Salmier,gf GUF,DF,Troyes,29-119,1992,25.5,56,36,36,19,1,15,27,55.6,12,227,87,38.3,137,77,13,41,11,0,30,57,113,83,1,Matches
497,Mama Samba Baldé,gw GNB,FWMF,Troyes,26-134,1995,16.9,41,23,18,11,12,7,23,30.4,16,383,99,25.8,71,185,127,27,1,0,26,15,56,7,0,Matches
498,Junior Sambia,fr FRA,DFFW,Montpellier,25-194,1996,15.5,18,7,9,6,3,4,15,26.7,11,176,43,24.4,66,65,45,41,4,0,37,25,43,23,0,Matches
499,Renato Sanches,pt POR,MF,Lille,24-214,1997,12.7,20,13,9,9,2,4,17,23.5,13,195,67,34.4,54,104,37,9,1,0,8,11,31,7,0,Matches
500,Philippe Sandler,nl NED,DF,Troyes,25-038,1997,0.8,1,1,1,0,0,0,1,0.0,1,7,3,42.9,5,2,0,3,1,0,2,1,2,5,0,Matches
501,Baptiste Santamaria,fr FRA,MF,Rennes,27-011,1995,18.0,33,17,11,17,5,13,35,37.1,22,316,90,28.5,86,164,66,27,7,0,20,29,62,30,0,Matches
502,Pablo Sarabia,es ESP,FW,Paris S-G,29-313,1992,0.2,0,0,0,0,0,0,1,0.0,1,10,3,30.0,1,3,6,0,0,0,0,0,0,0,0,Matches
503,Martin Satriano,it ITA,FW,Brest,21-028,2001,4.5,0,0,0,0,0,0,1,0.0,1,65,11,16.9,6,24,35,2,0,0,2,2,2,1,0,Matches
504,Téji Savanier,fr FRA,MF,Montpellier,30-088,1991,21.9,51,34,19,23,9,19,55,34.5,36,412,116,28.2,95,215,102,25,0,0,25,42,93,7,1,Matches
505,Morgan Schneiderlin,fr FRA,MF,Nice,32-132,1989,5.3,15,8,8,6,1,3,12,25.0,9,100,34,34.0,37,54,9,7,2,0,5,15,30,8,0,Matches
506,Alidu Seidu,ci CIV,DFFW,Clermont Foot,21-289,2000,9.6,17,13,13,4,0,11,14,78.6,3,92,29,31.5,50,28,14,23,8,0,15,30,47,28,0,Matches
507,Matz Sels,be BEL,GK,Strasbourg,30-022,1992,27.0,0,0,0,0,0,0,1,0.0,1,0,0,,0,0,0,0,0,0,0,0,0,1,0,Matches
508,Xherdan Shaqiri,ch SUI,FWMF,Lyon,30-161,1991,7.5,7,4,0,5,2,2,10,20.0,8,66,22,33.3,7,33,26,4,0,0,4,3,10,1,0,Matches
509,Mahame Siby,ml MLI,MFDF,Strasbourg,25-256,1996,0.2,0,0,0,0,0,0,0,,0,8,0,0.0,6,2,0,1,0,0,1,0,0,0,0,Matches
510,Aboubakar Sidibé,fr FRA,FW,Clermont Foot,25-321,1996,0.1,0,0,0,0,0,0,0,,0,0,0,,0,0,0,0,0,0,0,0,0,0,0,Matches
511,Djibril Sidibé,fr FRA,DF,Monaco,29-234,1992,10.0,24,15,13,8,3,6,19,31.6,13,122,41,33.6,38,55,29,12,1,0,11,23,47,19,0,Matches
512,Kaj Sierhuis,nl NED,FW,Reims,23-327,1998,0.9,1,1,1,0,0,1,1,100.0,0,9,2,22.2,3,4,2,0,0,0,0,0,1,1,0,Matches
513,Caio Henrique Oliveira Silva,br BRA,DF,Monaco,24-232,1997,19.8,35,17,15,17,3,18,42,42.9,24,224,73,32.6,84,93,47,25,3,0,22,37,72,36,3,Matches
514,Gabriel Silva,br BRA,DF,Saint-Étienne,30-311,1991,4.5,8,6,3,4,1,4,5,80.0,1,57,20,35.1,26,22,9,11,2,0,9,10,18,7,0,Matches
515,Moses Simon,ng NGA,FWMF,Nantes,26-251,1995,21.3,22,14,5,9,8,8,15,53.3,7,241,68,28.2,45,100,96,24,3,0,21,18,40,7,0,Matches
516,Xavi Simons,nl NED,FWMF,Paris S-G,18-333,2003,1.2,1,1,0,1,0,1,1,100.0,0,24,5,20.8,4,7,13,1,0,0,1,0,1,1,0,Matches
517,Issouf Sissokho,ml MLI,MF,Bordeaux,20-049,2002,4.8,17,12,3,12,2,7,19,36.8,12,156,35,22.4,36,91,29,8,1,0,7,10,27,0,0,Matches
518,Ibrahima Sissoko,fr FRA,MFDF,Strasbourg,24-144,1997,20.1,39,23,15,17,7,6,24,25.0,18,331,96,29.0,99,170,62,46,9,0,37,36,75,32,0,Matches
519,Nelson Sissoko,fr FRA,DF,Saint-Étienne,25-013,1997,0.5,1,0,1,0,0,1,1,100.0,0,11,2,18.2,6,4,1,0,0,0,0,1,2,3,0,Matches
520,Sambou Sissoko,fr FRA,MFDF,Reims,22-327,1999,2.0,12,8,5,4,3,3,9,33.3,6,56,22,39.3,29,18,9,2,0,0,2,5,17,7,0,Matches
521,Islam Slimani,dz ALG,FW,Lyon,33-275,1988,6.4,2,2,0,1,1,0,5,0.0,5,85,18,21.2,5,36,44,6,0,0,6,0,2,4,0,Matches
522,Florian Sotoca,fr FRA,FWMF,Lens,31-146,1990,20.5,27,15,7,15,5,10,36,27.8,26,334,99,29.6,47,147,140,23,3,0,20,23,50,19,0,Matches
523,Sambou Soumano,sn SEN,FW,Lorient,21-076,2001,3.8,1,0,0,0,1,0,0,,0,66,20,30.3,3,28,35,3,0,0,3,3,4,2,0,Matches
524,Arnaud Souquet,fr FRA,DF,Montpellier,30-036,1992,16.6,36,17,24,9,3,18,46,39.1,28,263,90,34.2,132,79,52,20,5,0,15,33,69,39,0,Matches
525,Saidou Sow,gn GUI,DF,Saint-Étienne,19-259,2002,9.3,24,13,17,7,0,7,13,53.8,6,111,57,51.4,71,39,1,13,5,1,8,23,47,36,0,Matches
526,Calvin Stengs,nl NED,MF,Nice,23-092,1998,9.9,14,6,5,8,1,6,14,42.9,8,156,33,21.2,23,90,43,10,0,0,10,18,32,7,0,Matches
527,Kamaldeen Sulemana,gh GHA,MFFW,Rennes,20-033,2002,11.3,27,18,10,9,8,7,18,38.9,11,181,58,32.0,48,75,58,8,1,0,7,9,36,3,0,Matches
528,Abdoulaye Sylla,gn GUI,DF,Nantes,21-344,2000,0.7,3,2,1,1,1,1,4,25.0,3,17,5,29.4,13,3,1,2,1,0,1,2,5,1,0,Matches
529,Waniss Taibi,fr FRA,MFDF,Angers,20-013,2002,1.3,6,5,4,1,1,0,1,0.0,1,40,13,32.5,11,19,10,2,0,0,2,0,6,2,0,Matches
530,Flavien Tait,fr FRA,MF,Rennes,29-046,1993,15.3,23,16,8,11,4,10,33,30.3,23,192,51,26.6,52,95,45,21,3,0,18,15,38,6,0,Matches
531,Florian Tardieu,fr FRA,MF,Troyes,29-332,1992,20.2,38,26,16,19,3,14,63,22.2,49,339,107,31.6,128,184,27,39,7,0,32,40,78,30,0,Matches
532,Oussama Targhalline,ma MAR,FW,Marseille,19-304,2002,0.0,0,0,0,0,0,0,0,,0,0,0,,0,0,0,0,0,0,0,0,0,0,0,Matches
533,Loum Tchaouna,fr FRA,MFFW,Rennes,18-193,2003,0.5,0,0,0,0,0,0,2,0.0,2,12,4,33.3,1,8,3,1,0,0,1,1,1,0,0,Matches
534,Warren Tchimbembé,cg CGO,MF,Metz,23-333,1998,2.3,2,1,1,1,0,1,4,25.0,3,42,10,23.8,13,22,7,5,1,0,4,2,4,0,0,Matches
535,Aurélien Tchouaméni,fr FRA,MF,Monaco,22-052,2000,23.6,77,49,33,39,5,22,46,47.8,24,415,148,35.7,126,231,58,16,4,0,12,83,160,31,0,Matches
536,Mathys Tel,fr FRA,FWMF,Rennes,16-327,2005,0.5,3,2,3,0,0,0,0,,0,17,5,29.4,9,3,5,1,0,0,1,3,6,2,0,Matches
537,Jordan Tell,fr FRA,FW,Clermont Foot,24-283,1997,3.2,6,3,0,4,2,0,0,,0,63,14,22.2,9,21,33,2,0,0,2,1,7,1,0,Matches
538,Martin Terrier,fr FRA,FWMF,Rennes,25-016,1997,21.5,32,23,10,9,13,6,24,25.0,18,414,125,30.2,69,165,180,25,2,0,23,14,46,15,0,Matches
539,Sada Thioub,sn SEN,MF,Angers,26-292,1995,0.0,0,0,0,0,0,0,0,,0,1,1,100.0,0,0,1,0,0,0,0,0,0,0,0,Matches
540,Sada Thioub,sn SEN,DF,Saint-Étienne,26-292,1995,6.7,12,9,2,9,1,3,7,42.9,4,120,37,30.8,36,56,28,7,0,0,7,10,22,7,0,Matches
541,Romain Thomas,fr FRA,DF,Angers,33-281,1988,20.8,49,33,31,18,0,22,45,48.9,23,227,84,37.0,136,82,9,33,12,0,21,30,79,91,1,Matches
542,Adrien Thomasson,fr FRA,MF,Strasbourg,28-100,1993,21.1,54,28,18,22,14,25,78,32.1,53,619,166,26.8,150,269,200,52,5,0,47,40,94,13,0,Matches
543,Thuler,br BRA,DF,Montpellier,23-010,1999,8.3,23,16,16,7,0,8,12,66.7,4,113,34,30.1,75,36,2,11,6,0,5,16,39,29,0,Matches
544,Khéphren Thuram-Ulie,fr FRA,MF,Nice,20-359,2001,14.9,29,19,8,15,6,7,20,35.0,13,212,67,31.6,67,114,31,28,6,1,22,33,62,14,0,Matches
545,Cheikh Tidiane Sabaly,sn SEN,FWMF,Metz,23-016,1999,1.7,3,2,0,2,1,0,1,0.0,1,39,14,35.9,7,14,18,3,0,0,3,1,4,0,0,Matches
546,Jean-Clair Todibo,fr FRA,DF,Nice,22-080,1999,24.7,54,34,39,14,1,23,47,48.9,24,254,107,42.1,152,92,10,41,18,0,23,56,110,101,0,Matches
547,Karl Toko Ekambi,cm CMR,FW,Lyon,29-187,1992,18.3,12,6,2,7,3,4,19,21.1,15,186,46,24.7,37,83,66,22,0,0,22,22,34,9,0,Matches
548,Yoann Touzghar,tn TUN,FW,Troyes,35-112,1986,12.6,4,4,1,1,2,2,4,50.0,2,129,36,27.9,9,67,53,5,1,0,4,3,7,8,0,Matches
549,Amadou Traore,fr FRA,FW,Bordeaux,20-013,2002,0.2,0,0,0,0,0,0,0,,0,4,0,0.0,1,2,1,0,0,0,0,0,0,0,0,Matches
550,Boubacar Traoré,ml MLI,MF,Metz,20-212,2001,12.7,37,28,11,18,8,7,21,33.3,14,376,99,26.3,95,234,47,27,6,0,21,23,60,11,0,Matches
551,Charles Traore,ml MLI,DF,Nantes,30-078,1992,8.0,27,16,18,7,2,4,17,23.5,13,148,48,32.4,69,62,17,21,4,0,17,22,49,30,0,Matches
552,Hamari Traoré,ml MLI,DF,Rennes,30-052,1992,22.3,49,26,23,15,11,24,43,55.8,19,246,85,34.6,83,98,65,46,8,0,38,44,93,48,0,Matches
553,Ismaël Traoré,ci CIV,DF,Angers,35-214,1986,26.7,26,21,16,9,1,8,23,34.8,15,206,86,41.7,137,61,8,38,14,0,24,58,84,90,1,Matches
554,Miguel Trauco,pe PER,DF,Saint-Étienne,29-207,1992,8.3,26,16,15,9,2,9,23,39.1,14,89,27,30.3,42,31,16,17,4,0,13,16,42,12,0,Matches
555,Adrien Truffert,fr FRA,DF,Rennes,20-120,2001,10.7,18,9,10,6,2,8,23,34.8,15,169,45,26.6,61,76,32,32,4,0,28,18,36,16,0,Matches
556,Matthieu Udol,fr FRA,DF,Metz,26-000,1996,11.2,33,23,19,12,2,14,26,53.8,12,146,65,44.5,70,63,13,26,7,1,19,39,72,32,0,Matches
557,Ike Ugbo,ca CAN,FW,Troyes,23-180,1998,4.5,1,0,0,0,1,0,0,,0,116,31,26.7,3,60,53,6,0,0,6,0,1,2,0,Matches
558,Chimuanya Ugochukwu,fr FRA,MF,Rennes,17-359,2004,4.1,8,3,4,2,2,4,9,44.4,5,70,17,24.3,21,37,12,7,2,0,5,2,10,2,0,Matches
559,Hwang Ui-jo,kr KOR,FW,Bordeaux,29-204,1992,20.6,4,3,0,3,1,0,9,0.0,9,250,62,24.8,22,121,107,13,2,0,11,5,9,12,0,Matches
560,Cengiz Ünder,tr TUR,FWMF,Marseille,24-249,1997,17.5,15,8,5,3,7,5,17,29.4,12,161,43,26.7,25,64,72,16,2,0,14,15,30,6,0,Matches
561,Jere Uronen,fi FIN,DF,Brest,27-250,1994,7.6,21,16,13,5,3,6,16,37.5,10,100,38,38.0,57,30,13,14,2,0,12,14,35,20,0,Matches
562,Vanderson,br BRA,DFMF,Monaco,20-272,2001,5.3,13,9,6,6,1,5,13,38.5,8,123,34,27.6,42,50,31,7,2,0,5,10,23,13,0,Matches
563,Jonathan Varane,fr FRA,MF,Lens,20-192,2001,0.0,0,0,0,0,0,0,0,,0,0,0,,0,0,0,0,0,0,0,0,0,0,0,Matches
564,Marco Verratti,it ITA,MF,Paris S-G,29-135,1992,13.9,43,31,6,25,12,13,37,35.1,24,323,81,25.1,68,158,97,25,8,0,17,19,62,5,0,Matches
565,Kevin Volland,de GER,FWMF,Monaco,29-233,1992,19.5,21,16,5,11,5,7,31,22.6,24,371,110,29.6,30,197,144,11,0,0,11,8,29,4,0,Matches
566,Timothy Weah,us USA,MFFW,Lille,22-026,2000,11.8,12,10,4,4,4,5,12,41.7,7,131,36,27.5,28,55,48,13,0,0,13,10,22,3,0,Matches
567,Georginio Wijnaldum,nl NED,MF,Paris S-G,31-129,1990,14.8,15,12,4,8,3,7,9,77.8,2,176,55,31.3,46,71,59,17,4,0,13,11,26,4,0,Matches
568,Christopher Wooh,fr FRA,DF,Lens,20-183,2001,7.7,25,16,15,9,1,9,16,56.3,7,100,39,39.0,55,40,5,17,9,1,8,14,39,28,1,Matches
569,Xeka,pt POR,MF,Lille,27-130,1994,16.4,47,31,18,23,6,18,44,40.9,26,367,110,30.0,106,208,53,24,4,0,20,34,81,39,1,Matches
570,Sekou Yansané,gn GUI,FW,Paris S-G,18-326,2003,0.2,0,0,0,0,0,0,0,,0,5,0,0.0,0,4,1,1,0,0,1,0,0,1,0,Matches
571,Yusuf Yazıcı,tr TUR,MFFW,Lille,25-050,1997,5.7,11,4,3,7,1,2,8,25.0,6,101,28,27.7,13,58,30,6,0,0,6,3,14,4,0,Matches
572,Burak Yılmaz,tr TUR,FW,Lille,36-248,1985,19.0,3,2,1,1,1,0,12,0.0,12,183,46,25.1,8,83,92,11,5,0,6,5,8,9,0,Matches
573,Zaydou Youssouf,fr FRA,MF,Saint-Étienne,22-252,1999,14.1,44,32,17,26,1,13,29,44.8,16,244,93,38.1,87,123,34,19,3,0,16,23,67,12,0,Matches
574,Akim Zedadka,fr FRA,DF,Clermont Foot,26-294,1995,28.9,63,35,28,26,9,29,50,58.0,21,325,119,36.6,115,149,61,43,7,0,36,74,137,35,1,Matches
575,Arber Zeneli,xk KVX,FW,Reims,27-023,1995,1.1,1,1,1,0,0,0,2,0.0,2,13,4,30.8,3,4,6,1,0,0,1,0,1,0,0,Matches
576,Mehdi Zerkane,dz ALG,MFDF,Bordeaux,22-248,1999,0.9,2,2,0,0,2,1,3,33.3,2,20,2,10.0,3,13,4,2,2,0,0,2,4,0,0,Matches
577,Edon Zhegrova,xk KVX,MF,Lille,22-354,1999,0.6,2,2,1,1,0,0,1,0.0,1,13,4,30.8,2,5,6,1,1,0,0,2,4,1,0,Matches
578,Banhie Zoukrou,fr FRA,DF,Troyes,18-317,2003,0.9,1,0,1,0,0,1,2,50.0,1,9,2,22.2,8,1,0,0,0,0,0,2,3,1,0,Matches